solid OpenSCAD_Model
  facet normal 0.799194 0.0448853 -0.599395
    outer loop
      vertex 6.75 0 0
      vertex 6.71008 0.710785 0
      vertex 7.125 0 0.5
    endloop
  endfacet
  facet normal -0.799194 -0.0448853 -0.599395
    outer loop
      vertex -6.71008 -0.710785 0
      vertex -7.125 0 0.5
      vertex -6.75 0 0
    endloop
  endfacet
  facet normal -0.0448977 0.799193 -0.599395
    outer loop
      vertex 0 6.75 0
      vertex -0.257348 7.72477 1.31897
      vertex 0 7.875 1.5
    endloop
  endfacet
  facet normal -0.0448792 0.799196 -0.599393
    outer loop
      vertex -0.257348 7.72477 1.31897
      vertex 0 6.75 0
      vertex -0.710785 6.79935 0.11902
    endloop
  endfacet
  facet normal -0.0448844 0.799178 -0.599417
    outer loop
      vertex -0.710785 6.79935 0.11902
      vertex 0 6.75 0
      vertex -0.710785 6.71008 0
    endloop
  endfacet
  facet normal 0.0448977 -0.799193 -0.599395
    outer loop
      vertex 0 -6.75 0
      vertex 0.257348 -7.72477 1.31897
      vertex 0 -7.875 1.5
    endloop
  endfacet
  facet normal 0.0448792 -0.799196 -0.599393
    outer loop
      vertex 0.257348 -7.72477 1.31897
      vertex 0 -6.75 0
      vertex 0.710785 -6.79935 0.11902
    endloop
  endfacet
  facet normal 0.0448844 -0.799178 -0.599417
    outer loop
      vertex 0.710785 -6.79935 0.11902
      vertex 0 -6.75 0
      vertex 0.710785 -6.71008 0
    endloop
  endfacet
  facet normal 0.596851 -0.533382 -0.599394
    outer loop
      vertex 5.38936 -5.207 1
      vertex 4.87278 -4.79504 0.119021
      vertex 5.87902 -5.01752 1.31897
    endloop
  endfacet
  facet normal -0.596851 0.533382 -0.599394
    outer loop
      vertex -4.87278 4.79504 0.119021
      vertex -5.87902 5.01752 1.31897
      vertex -5.38936 5.207 1
    endloop
  endfacet
  facet normal 0.0448816 0.799196 -0.599392
    outer loop
      vertex 0.710785 6.79935 0.11902
      vertex 0.257348 7.72477 1.31897
      vertex 0.710785 7.46008 1
    endloop
  endfacet
  facet normal 0.789141 0.134091 -0.599396
    outer loop
      vertex 7.43121 0.96706 1
      vertex 6.78704 0.820033 0.119019
      vertex 7.58836 1.46803 1.31897
    endloop
  endfacet
  facet normal 0.652825 -0.463192 -0.599394
    outer loop
      vertex 6.19993 -4.61511 1.31897
      vertex 5.75911 -3.68361 0.119022
      vertex 6.27569 -4.09557 1
    endloop
  endfacet
  facet normal 0.306319 -0.739524 -0.599394
    outer loop
      vertex 2.59641 -7.0297 1
      vertex 2.30973 -6.4344 0.119021
      vertex 3.11979 -7.07144 1.31897
    endloop
  endfacet
  facet normal 0.387203 -0.700571 -0.599395
    outer loop
      vertex 3.8772 -6.4129 1
      vertex 3.58352 -6.84812 1.31897
      vertex 3.59052 -5.8176 0.119022
    endloop
  endfacet
  facet normal 0.387191 -0.700577 -0.599396
    outer loop
      vertex 2.92871 -6.08154 0
      vertex 3.58352 -6.84812 1.31897
      vertex 3.41683 -7.09513 1.5
    endloop
  endfacet
  facet normal 0.387197 -0.700573 -0.599396
    outer loop
      vertex 3.58352 -6.84812 1.31897
      vertex 2.92871 -6.08154 0
      vertex 3.59052 -5.8176 0.119022
    endloop
  endfacet
  facet normal 0.3872 -0.700595 -0.599369
    outer loop
      vertex 3.59052 -5.8176 0.119022
      vertex 2.92871 -6.08154 0
      vertex 3.55179 -5.73718 0
    endloop
  endfacet
  facet normal -0.700578 -0.387191 -0.599394
    outer loop
      vertex -5.73718 -3.55179 0
      vertex -6.4194 -3.09142 0.5
      vertex -6.08154 -2.92871 0
    endloop
  endfacet
  facet normal -0.30632 -0.739522 -0.599395
    outer loop
      vertex -2.92871 -6.08154 0
      vertex -3.11979 -7.07144 1.31897
      vertex -3.41683 -7.09513 1.5
    endloop
  endfacet
  facet normal -0.306322 -0.739522 -0.599395
    outer loop
      vertex -3.11979 -7.07144 1.31897
      vertex -2.92871 -6.08154 0
      vertex -2.30973 -6.4344 0.119021
    endloop
  endfacet
  facet normal -0.306313 -0.739512 -0.599411
    outer loop
      vertex -2.30973 -6.4344 0.119021
      vertex -2.92871 -6.08154 0
      vertex -2.271 -6.35397 0
    endloop
  endfacet
  facet normal -0.306319 -0.739524 -0.599394
    outer loop
      vertex -2.59641 -7.0297 1
      vertex -3.11979 -7.07144 1.31897
      vertex -2.30973 -6.4344 0.119021
    endloop
  endfacet
  facet normal -0.652814 0.463207 -0.599394
    outer loop
      vertex -5.27736 4.20856 0
      vertex -6.19993 4.61511 1.31897
      vertex -6.15692 4.90998 1.5
    endloop
  endfacet
  facet normal -0.65282 0.463196 -0.599396
    outer loop
      vertex -5.27736 4.20856 0
      vertex -5.75911 3.68361 0.119022
      vertex -6.19993 4.61511 1.31897
    endloop
  endfacet
  facet normal -0.652819 0.463194 -0.599399
    outer loop
      vertex -5.75911 3.68361 0.119022
      vertex -5.27736 4.20856 0
      vertex -5.68932 3.62795 0
    endloop
  endfacet
  facet normal -0.652825 0.463192 -0.599394
    outer loop
      vertex -5.75911 3.68361 0.119022
      vertex -6.27569 4.09557 1
      vertex -6.19993 4.61511 1.31897
    endloop
  endfacet
  facet normal -0.387203 0.700571 -0.599395
    outer loop
      vertex -3.59052 5.8176 0.119022
      vertex -3.8772 6.4129 1
      vertex -3.58352 6.84812 1.31897
    endloop
  endfacet
  facet normal -0.387191 0.700577 -0.599396
    outer loop
      vertex -2.92871 6.08154 0
      vertex -3.58352 6.84812 1.31897
      vertex -3.41683 7.09513 1.5
    endloop
  endfacet
  facet normal -0.387197 0.700573 -0.599396
    outer loop
      vertex -3.58352 6.84812 1.31897
      vertex -2.92871 6.08154 0
      vertex -3.59052 5.8176 0.119022
    endloop
  endfacet
  facet normal -0.3872 0.700595 -0.599369
    outer loop
      vertex -3.59052 5.8176 0.119022
      vertex -2.92871 6.08154 0
      vertex -3.55179 5.73718 0
    endloop
  endfacet
  facet normal 0.306319 0.739524 -0.599394
    outer loop
      vertex 3.11979 7.07144 1.31897
      vertex 2.30973 6.4344 0.119021
      vertex 2.59641 7.0297 1
    endloop
  endfacet
  facet normal 0.463197 0.652822 -0.599393
    outer loop
      vertex 4.20856 5.27736 0
      vertex 3.62795 5.68932 0
      vertex 4.44236 5.57055 0.5
    endloop
  endfacet
  facet normal 0.700578 0.387191 -0.599394
    outer loop
      vertex 6.08154 2.92871 0
      vertex 5.73718 3.55179 0
      vertex 6.4194 3.09142 0.5
    endloop
  endfacet
  facet normal 0.739524 0.306318 -0.599394
    outer loop
      vertex 6.35397 2.271 0
      vertex 6.08154 2.92871 0
      vertex 6.4194 3.09142 0.5
    endloop
  endfacet
  facet normal 0.789141 -0.134091 -0.599396
    outer loop
      vertex 7.58836 -1.46803 1.31897
      vertex 6.78704 -0.820033 0.119019
      vertex 7.43121 -0.96706 1
    endloop
  endfacet
  facet normal 0.789143 -0.134086 -0.599394
    outer loop
      vertex 6.58076 -1.50202 0
      vertex 6.78704 -0.820033 0.119019
      vertex 7.58836 -1.46803 1.31897
    endloop
  endfacet
  facet normal 0.789132 -0.13408 -0.599411
    outer loop
      vertex 6.78704 -0.820033 0.119019
      vertex 6.58076 -1.50202 0
      vertex 6.70001 -0.80017 0
    endloop
  endfacet
  facet normal 0.789145 -0.134064 -0.599397
    outer loop
      vertex 6.58076 -1.50202 0
      vertex 7.58836 -1.46803 1.31897
      vertex 7.67756 -1.75235 1.5
    endloop
  endfacet
  facet normal 0.769164 -0.221608 -0.599396
    outer loop
      vertex 7.47383 -1.96982 1.31897
      vertex 6.58076 -1.50202 0
      vertex 7.67756 -1.75235 1.5
    endloop
  endfacet
  facet normal 0.76917 -0.221592 -0.599395
    outer loop
      vertex 6.47071 -2.20596 0.119021
      vertex 6.58076 -1.50202 0
      vertex 7.47383 -1.96982 1.31897
    endloop
  endfacet
  facet normal 0.769165 -0.221593 -0.599401
    outer loop
      vertex 6.58076 -1.50202 0
      vertex 6.47071 -2.20596 0.119021
      vertex 6.38368 -2.1861 0
    endloop
  endfacet
  facet normal 0.769171 -0.221584 -0.599397
    outer loop
      vertex 7.11488 -2.35299 1
      vertex 6.47071 -2.20596 0.119021
      vertex 7.47383 -1.96982 1.31897
    endloop
  endfacet
  facet normal 0.739524 -0.306318 -0.599394
    outer loop
      vertex 6.4194 -3.09142 0.5
      vertex 6.08154 -2.92871 0
      vertex 6.35397 -2.271 0
    endloop
  endfacet
  facet normal 0.221594 -0.769169 -0.599396
    outer loop
      vertex 1.58546 -6.94636 0.5
      vertex 1.50202 -6.58076 0
      vertex 2.1861 -6.38368 0
    endloop
  endfacet
  facet normal 0 0 -1
    outer loop
      vertex 4.74296 -4.74296 0
      vertex 5.67945 -3.56863 0
      vertex 5.27736 -4.20856 0
    endloop
  endfacet
  facet normal 0 0 -1
    outer loop
      vertex 5.27736 -4.20856 0
      vertex 5.67945 -3.56863 0
      vertex 5.68932 -3.62795 0
    endloop
  endfacet
  facet normal 0 0 -1
    outer loop
      vertex 5.67945 -3.56863 0
      vertex 6.33115 -2.21537 0
      vertex 6.08154 -2.92871 0
    endloop
  endfacet
  facet normal 0 0 -1
    outer loop
      vertex 6.08154 -2.92871 0
      vertex 6.33115 -2.21537 0
      vertex 6.35397 -2.271 0
    endloop
  endfacet
  facet normal 0 0 -1
    outer loop
      vertex 6.33115 -2.21537 0
      vertex 6.66538 -0.751008 0
      vertex 6.58076 -1.50202 0
    endloop
  endfacet
  facet normal 0 0 -1
    outer loop
      vertex 6.58076 -1.50202 0
      vertex 6.66538 -0.751008 0
      vertex 6.70001 -0.80017 0
    endloop
  endfacet
  facet normal 0 0 -1
    outer loop
      vertex 6.66538 -0.751008 0
      vertex 6.75 0 0
      vertex 6.71008 -0.710785 0
    endloop
  endfacet
  facet normal 0 0 -1
    outer loop
      vertex 6.66538 0.751008 0
      vertex 6.75 0 0
      vertex 6.66538 -0.751008 0
    endloop
  endfacet
  facet normal 0 0 -1
    outer loop
      vertex 6.75 0 0
      vertex 6.66538 0.751008 0
      vertex 6.71008 0.710785 0
    endloop
  endfacet
  facet normal 0 0 -1
    outer loop
      vertex 6.66538 0.751008 0
      vertex 6.58076 1.50202 0
      vertex 6.70001 0.80017 0
    endloop
  endfacet
  facet normal -0 0 -1
    outer loop
      vertex 6.66538 -0.751008 0
      vertex 6.33115 -2.21537 0
      vertex 6.66538 0.751008 0
    endloop
  endfacet
  facet normal 0 0 -1
    outer loop
      vertex 6.33115 -2.21537 0
      vertex 6.58076 -1.50202 0
      vertex 6.38368 -2.1861 0
    endloop
  endfacet
  facet normal 0 0 -1
    outer loop
      vertex 6.33115 2.21537 0
      vertex 6.66538 0.751008 0
      vertex 6.33115 -2.21537 0
    endloop
  endfacet
  facet normal 0 0 -1
    outer loop
      vertex 6.66538 0.751008 0
      vertex 6.33115 2.21537 0
      vertex 6.58076 1.50202 0
    endloop
  endfacet
  facet normal 0 0 -1
    outer loop
      vertex 6.58076 1.50202 0
      vertex 6.33115 2.21537 0
      vertex 6.38368 2.1861 0
    endloop
  endfacet
  facet normal 0 0 -1
    outer loop
      vertex 6.33115 2.21537 0
      vertex 6.08154 2.92871 0
      vertex 6.35397 2.271 0
    endloop
  endfacet
  facet normal -0 0 -1
    outer loop
      vertex 6.33115 -2.21537 0
      vertex 5.67945 -3.56863 0
      vertex 6.33115 2.21537 0
    endloop
  endfacet
  facet normal 0 0 -1
    outer loop
      vertex 5.67945 -3.56863 0
      vertex 6.08154 -2.92871 0
      vertex 5.73718 -3.55179 0
    endloop
  endfacet
  facet normal 0 0 -1
    outer loop
      vertex 5.67945 3.56863 0
      vertex 6.33115 2.21537 0
      vertex 5.67945 -3.56863 0
    endloop
  endfacet
  facet normal 0 0 -1
    outer loop
      vertex 6.33115 2.21537 0
      vertex 5.67945 3.56863 0
      vertex 6.08154 2.92871 0
    endloop
  endfacet
  facet normal 0 0 -1
    outer loop
      vertex 6.08154 2.92871 0
      vertex 5.67945 3.56863 0
      vertex 5.73718 3.55179 0
    endloop
  endfacet
  facet normal 0 0 -1
    outer loop
      vertex 5.67945 3.56863 0
      vertex 5.27736 4.20856 0
      vertex 5.68932 3.62795 0
    endloop
  endfacet
  facet normal -0 0 -1
    outer loop
      vertex 5.67945 -3.56863 0
      vertex 4.74296 -4.74296 0
      vertex 5.67945 3.56863 0
    endloop
  endfacet
  facet normal 0 0 -1
    outer loop
      vertex 4.74296 -4.74296 0
      vertex 5.27736 -4.20856 0
      vertex 4.80299 -4.73938 0
    endloop
  endfacet
  facet normal 0 0 -1
    outer loop
      vertex 4.74296 4.74296 0
      vertex 5.67945 3.56863 0
      vertex 4.74296 -4.74296 0
    endloop
  endfacet
  facet normal 0 0 -1
    outer loop
      vertex 5.67945 3.56863 0
      vertex 4.74296 4.74296 0
      vertex 5.27736 4.20856 0
    endloop
  endfacet
  facet normal 0 0 -1
    outer loop
      vertex 5.27736 4.20856 0
      vertex 4.74296 4.74296 0
      vertex 4.80299 4.73938 0
    endloop
  endfacet
  facet normal 0 0 -1
    outer loop
      vertex 4.20856 -5.27736 0
      vertex 4.74296 -4.74296 0
      vertex 4.73938 -4.80299 0
    endloop
  endfacet
  facet normal -0 0 -1
    outer loop
      vertex 4.74296 -4.74296 0
      vertex 3.56863 -5.67945 0
      vertex 4.74296 4.74296 0
    endloop
  endfacet
  facet normal 0 0 -1
    outer loop
      vertex 4.74296 -4.74296 0
      vertex 4.20856 -5.27736 0
      vertex 3.56863 -5.67945 0
    endloop
  endfacet
  facet normal 0 0 -1
    outer loop
      vertex 3.56863 5.67945 0
      vertex 4.74296 4.74296 0
      vertex 3.56863 -5.67945 0
    endloop
  endfacet
  facet normal 0 0 -1
    outer loop
      vertex 3.56863 -5.67945 0
      vertex 4.20856 -5.27736 0
      vertex 3.62795 -5.68932 0
    endloop
  endfacet
  facet normal -0 -0 -1
    outer loop
      vertex 4.20856 5.27736 0
      vertex 4.74296 4.74296 0
      vertex 3.56863 5.67945 0
    endloop
  endfacet
  facet normal 0 0 -1
    outer loop
      vertex 4.74296 4.74296 0
      vertex 4.20856 5.27736 0
      vertex 4.73938 4.80299 0
    endloop
  endfacet
  facet normal 0 0 -1
    outer loop
      vertex 4.20856 5.27736 0
      vertex 3.56863 5.67945 0
      vertex 3.62795 5.68932 0
    endloop
  endfacet
  facet normal 0 0 -1
    outer loop
      vertex 2.92871 -6.08154 0
      vertex 3.56863 -5.67945 0
      vertex 3.55179 -5.73718 0
    endloop
  endfacet
  facet normal -0 0 -1
    outer loop
      vertex 3.56863 -5.67945 0
      vertex 2.21537 -6.33115 0
      vertex 3.56863 5.67945 0
    endloop
  endfacet
  facet normal 0 0 -1
    outer loop
      vertex 3.56863 -5.67945 0
      vertex 2.92871 -6.08154 0
      vertex 2.21537 -6.33115 0
    endloop
  endfacet
  facet normal 0 0 -1
    outer loop
      vertex 2.21537 6.33115 0
      vertex 3.56863 5.67945 0
      vertex 2.21537 -6.33115 0
    endloop
  endfacet
  facet normal 0 0 -1
    outer loop
      vertex 2.21537 -6.33115 0
      vertex 2.92871 -6.08154 0
      vertex 2.271 -6.35397 0
    endloop
  endfacet
  facet normal -0 -0 -1
    outer loop
      vertex 2.92871 6.08154 0
      vertex 3.56863 5.67945 0
      vertex 2.21537 6.33115 0
    endloop
  endfacet
  facet normal 0 0 -1
    outer loop
      vertex 3.56863 5.67945 0
      vertex 2.92871 6.08154 0
      vertex 3.55179 5.73718 0
    endloop
  endfacet
  facet normal 0 0 -1
    outer loop
      vertex 2.92871 6.08154 0
      vertex 2.21537 6.33115 0
      vertex 2.271 6.35397 0
    endloop
  endfacet
  facet normal 0 0 -1
    outer loop
      vertex 1.50202 -6.58076 0
      vertex 2.21537 -6.33115 0
      vertex 2.1861 -6.38368 0
    endloop
  endfacet
  facet normal -0 0 -1
    outer loop
      vertex 2.21537 -6.33115 0
      vertex 0.751008 -6.66538 0
      vertex 2.21537 6.33115 0
    endloop
  endfacet
  facet normal 0 0 -1
    outer loop
      vertex 2.21537 -6.33115 0
      vertex 1.50202 -6.58076 0
      vertex 0.751008 -6.66538 0
    endloop
  endfacet
  facet normal 0 0 -1
    outer loop
      vertex 0.751008 6.66538 0
      vertex 2.21537 6.33115 0
      vertex 0.751008 -6.66538 0
    endloop
  endfacet
  facet normal 0 0 -1
    outer loop
      vertex 0.751008 -6.66538 0
      vertex 1.50202 -6.58076 0
      vertex 0.80017 -6.70001 0
    endloop
  endfacet
  facet normal -0 -0 -1
    outer loop
      vertex 1.50202 6.58076 0
      vertex 2.21537 6.33115 0
      vertex 0.751008 6.66538 0
    endloop
  endfacet
  facet normal 0 0 -1
    outer loop
      vertex 2.21537 6.33115 0
      vertex 1.50202 6.58076 0
      vertex 2.1861 6.38368 0
    endloop
  endfacet
  facet normal 0 0 -1
    outer loop
      vertex 1.50202 6.58076 0
      vertex 0.751008 6.66538 0
      vertex 0.80017 6.70001 0
    endloop
  endfacet
  facet normal 0 0 -1
    outer loop
      vertex 0 -6.75 0
      vertex 0.751008 -6.66538 0
      vertex 0.710785 -6.71008 0
    endloop
  endfacet
  facet normal 0 0 -1
    outer loop
      vertex 0.751008 -6.66538 0
      vertex -0.751008 -6.66538 0
      vertex 0.751008 6.66538 0
    endloop
  endfacet
  facet normal -0 0 -1
    outer loop
      vertex 0.751008 -6.66538 0
      vertex 0 -6.75 0
      vertex -0.751008 -6.66538 0
    endloop
  endfacet
  facet normal 0 0 -1
    outer loop
      vertex -0.751008 6.66538 0
      vertex 0.751008 6.66538 0
      vertex -0.751008 -6.66538 0
    endloop
  endfacet
  facet normal 0 0 -1
    outer loop
      vertex -0.751008 -6.66538 0
      vertex 0 -6.75 0
      vertex -0.710785 -6.71008 0
    endloop
  endfacet
  facet normal 0 -0 -1
    outer loop
      vertex 0 6.75 0
      vertex 0.751008 6.66538 0
      vertex -0.751008 6.66538 0
    endloop
  endfacet
  facet normal 0 0 -1
    outer loop
      vertex 0.751008 6.66538 0
      vertex 0 6.75 0
      vertex 0.710785 6.71008 0
    endloop
  endfacet
  facet normal 0 0 -1
    outer loop
      vertex 0 6.75 0
      vertex -0.751008 6.66538 0
      vertex -0.710785 6.71008 0
    endloop
  endfacet
  facet normal 0 0 -1
    outer loop
      vertex -1.50202 -6.58076 0
      vertex -0.751008 -6.66538 0
      vertex -0.80017 -6.70001 0
    endloop
  endfacet
  facet normal 0 0 -1
    outer loop
      vertex -0.751008 -6.66538 0
      vertex -2.21537 -6.33115 0
      vertex -0.751008 6.66538 0
    endloop
  endfacet
  facet normal 0 0 -1
    outer loop
      vertex -0.751008 -6.66538 0
      vertex -1.50202 -6.58076 0
      vertex -2.21537 -6.33115 0
    endloop
  endfacet
  facet normal 0 0 -1
    outer loop
      vertex -2.21537 6.33115 0
      vertex -0.751008 6.66538 0
      vertex -2.21537 -6.33115 0
    endloop
  endfacet
  facet normal 0 0 -1
    outer loop
      vertex -2.21537 -6.33115 0
      vertex -1.50202 -6.58076 0
      vertex -2.1861 -6.38368 0
    endloop
  endfacet
  facet normal 0 -0 -1
    outer loop
      vertex -1.50202 6.58076 0
      vertex -0.751008 6.66538 0
      vertex -2.21537 6.33115 0
    endloop
  endfacet
  facet normal -0 0 -1
    outer loop
      vertex -0.751008 6.66538 0
      vertex -1.50202 6.58076 0
      vertex -0.80017 6.70001 0
    endloop
  endfacet
  facet normal 0 0 -1
    outer loop
      vertex -1.50202 6.58076 0
      vertex -2.21537 6.33115 0
      vertex -2.1861 6.38368 0
    endloop
  endfacet
  facet normal 0 0 -1
    outer loop
      vertex -2.92871 -6.08154 0
      vertex -2.21537 -6.33115 0
      vertex -2.271 -6.35397 0
    endloop
  endfacet
  facet normal 0 0 -1
    outer loop
      vertex -2.21537 -6.33115 0
      vertex -3.56863 -5.67945 0
      vertex -2.21537 6.33115 0
    endloop
  endfacet
  facet normal 0 0 -1
    outer loop
      vertex -2.21537 -6.33115 0
      vertex -2.92871 -6.08154 0
      vertex -3.56863 -5.67945 0
    endloop
  endfacet
  facet normal 0 0 -1
    outer loop
      vertex -3.56863 5.67945 0
      vertex -2.21537 6.33115 0
      vertex -3.56863 -5.67945 0
    endloop
  endfacet
  facet normal 0 0 -1
    outer loop
      vertex -3.56863 -5.67945 0
      vertex -2.92871 -6.08154 0
      vertex -3.55179 -5.73718 0
    endloop
  endfacet
  facet normal 0 -0 -1
    outer loop
      vertex -2.92871 6.08154 0
      vertex -2.21537 6.33115 0
      vertex -3.56863 5.67945 0
    endloop
  endfacet
  facet normal -0 0 -1
    outer loop
      vertex -2.21537 6.33115 0
      vertex -2.92871 6.08154 0
      vertex -2.271 6.35397 0
    endloop
  endfacet
  facet normal 0 0 -1
    outer loop
      vertex -2.92871 6.08154 0
      vertex -3.56863 5.67945 0
      vertex -3.55179 5.73718 0
    endloop
  endfacet
  facet normal 0 0 -1
    outer loop
      vertex -4.20856 -5.27736 0
      vertex -3.56863 -5.67945 0
      vertex -3.62795 -5.68932 0
    endloop
  endfacet
  facet normal 0 0 -1
    outer loop
      vertex -3.56863 -5.67945 0
      vertex -4.74296 -4.74296 0
      vertex -3.56863 5.67945 0
    endloop
  endfacet
  facet normal 0 0 -1
    outer loop
      vertex -3.56863 -5.67945 0
      vertex -4.20856 -5.27736 0
      vertex -4.74296 -4.74296 0
    endloop
  endfacet
  facet normal 0 0 -1
    outer loop
      vertex -4.74296 4.74296 0
      vertex -3.56863 5.67945 0
      vertex -4.74296 -4.74296 0
    endloop
  endfacet
  facet normal 0 0 -1
    outer loop
      vertex -4.74296 -4.74296 0
      vertex -4.20856 -5.27736 0
      vertex -4.73938 -4.80299 0
    endloop
  endfacet
  facet normal 0 -0 -1
    outer loop
      vertex -4.20856 5.27736 0
      vertex -3.56863 5.67945 0
      vertex -4.74296 4.74296 0
    endloop
  endfacet
  facet normal -0 0 -1
    outer loop
      vertex -3.56863 5.67945 0
      vertex -4.20856 5.27736 0
      vertex -3.62795 5.68932 0
    endloop
  endfacet
  facet normal 0 0 -1
    outer loop
      vertex -4.20856 5.27736 0
      vertex -4.74296 4.74296 0
      vertex -4.73938 4.80299 0
    endloop
  endfacet
  facet normal 0 0 -1
    outer loop
      vertex -5.27736 -4.20856 0
      vertex -4.74296 -4.74296 0
      vertex -4.80299 -4.73938 0
    endloop
  endfacet
  facet normal 0 0 -1
    outer loop
      vertex -4.74296 -4.74296 0
      vertex -5.67945 -3.56863 0
      vertex -4.74296 4.74296 0
    endloop
  endfacet
  facet normal 0 0 -1
    outer loop
      vertex -4.74296 -4.74296 0
      vertex -5.27736 -4.20856 0
      vertex -5.67945 -3.56863 0
    endloop
  endfacet
  facet normal 0 0 -1
    outer loop
      vertex -5.67945 3.56863 0
      vertex -4.74296 4.74296 0
      vertex -5.67945 -3.56863 0
    endloop
  endfacet
  facet normal 0 -0 -1
    outer loop
      vertex -5.27736 4.20856 0
      vertex -4.74296 4.74296 0
      vertex -5.67945 3.56863 0
    endloop
  endfacet
  facet normal 0 -0 -1
    outer loop
      vertex -5.67945 -3.56863 0
      vertex -5.27736 -4.20856 0
      vertex -5.68932 -3.62795 0
    endloop
  endfacet
  facet normal 0 0 -1
    outer loop
      vertex -6.75 0 0
      vertex -6.66538 -0.751008 0
      vertex -6.71008 -0.710785 0
    endloop
  endfacet
  facet normal 0 0 -1
    outer loop
      vertex -6.66538 -0.751008 0
      vertex -6.75 0 0
      vertex -6.66538 0.751008 0
    endloop
  endfacet
  facet normal 0 0 -1
    outer loop
      vertex -6.66538 0.751008 0
      vertex -6.75 0 0
      vertex -6.71008 0.710785 0
    endloop
  endfacet
  facet normal 0 0 -1
    outer loop
      vertex -6.58076 -1.50202 0
      vertex -6.33115 -2.21537 0
      vertex -6.38368 -2.1861 0
    endloop
  endfacet
  facet normal 0 0 -1
    outer loop
      vertex -6.33115 -2.21537 0
      vertex -6.66538 -0.751008 0
      vertex -6.33115 2.21537 0
    endloop
  endfacet
  facet normal 0 0 -1
    outer loop
      vertex -6.33115 -2.21537 0
      vertex -6.58076 -1.50202 0
      vertex -6.66538 -0.751008 0
    endloop
  endfacet
  facet normal 0 0 -1
    outer loop
      vertex -6.66538 0.751008 0
      vertex -6.33115 2.21537 0
      vertex -6.66538 -0.751008 0
    endloop
  endfacet
  facet normal 0 -0 -1
    outer loop
      vertex -6.58076 1.50202 0
      vertex -6.33115 2.21537 0
      vertex -6.66538 0.751008 0
    endloop
  endfacet
  facet normal 0 -0 -1
    outer loop
      vertex -6.66538 -0.751008 0
      vertex -6.58076 -1.50202 0
      vertex -6.70001 -0.80017 0
    endloop
  endfacet
  facet normal 0 0 -1
    outer loop
      vertex -6.08154 -2.92871 0
      vertex -5.67945 -3.56863 0
      vertex -5.73718 -3.55179 0
    endloop
  endfacet
  facet normal 0 0 -1
    outer loop
      vertex -5.67945 -3.56863 0
      vertex -6.33115 -2.21537 0
      vertex -5.67945 3.56863 0
    endloop
  endfacet
  facet normal 0 0 -1
    outer loop
      vertex -5.67945 -3.56863 0
      vertex -6.08154 -2.92871 0
      vertex -6.33115 -2.21537 0
    endloop
  endfacet
  facet normal 0 0 -1
    outer loop
      vertex -6.33115 2.21537 0
      vertex -5.67945 3.56863 0
      vertex -6.33115 -2.21537 0
    endloop
  endfacet
  facet normal 0 -0 -1
    outer loop
      vertex -6.08154 2.92871 0
      vertex -5.67945 3.56863 0
      vertex -6.33115 2.21537 0
    endloop
  endfacet
  facet normal 0 -0 -1
    outer loop
      vertex -6.33115 -2.21537 0
      vertex -6.08154 -2.92871 0
      vertex -6.35397 -2.271 0
    endloop
  endfacet
  facet normal 0 0 -1
    outer loop
      vertex -4.74296 4.74296 0
      vertex -5.27736 4.20856 0
      vertex -4.80299 4.73938 0
    endloop
  endfacet
  facet normal 0 0 -1
    outer loop
      vertex -5.27736 4.20856 0
      vertex -5.67945 3.56863 0
      vertex -5.68932 3.62795 0
    endloop
  endfacet
  facet normal 0 0 -1
    outer loop
      vertex -5.67945 3.56863 0
      vertex -6.08154 2.92871 0
      vertex -5.73718 3.55179 0
    endloop
  endfacet
  facet normal 0 0 -1
    outer loop
      vertex -6.08154 2.92871 0
      vertex -6.33115 2.21537 0
      vertex -6.35397 2.271 0
    endloop
  endfacet
  facet normal 0 0 -1
    outer loop
      vertex -6.33115 2.21537 0
      vertex -6.58076 1.50202 0
      vertex -6.38368 2.1861 0
    endloop
  endfacet
  facet normal 0 0 -1
    outer loop
      vertex -6.58076 1.50202 0
      vertex -6.66538 0.751008 0
      vertex -6.70001 0.80017 0
    endloop
  endfacet
  facet normal -0.596847 -0.533375 -0.599404
    outer loop
      vertex -4.87278 -4.79504 0.119021
      vertex -5.27736 -4.20856 0
      vertex -4.80299 -4.73938 0
    endloop
  endfacet
  facet normal -0.596853 -0.533378 -0.599395
    outer loop
      vertex -5.87902 -5.01752 1.31897
      vertex -5.27736 -4.20856 0
      vertex -4.87278 -4.79504 0.119021
    endloop
  endfacet
  facet normal -0.596859 -0.533372 -0.599394
    outer loop
      vertex -5.27736 -4.20856 0
      vertex -5.87902 -5.01752 1.31897
      vertex -6.15692 -4.90998 1.5
    endloop
  endfacet
  facet normal -0.596851 -0.533382 -0.599394
    outer loop
      vertex -5.38936 -5.207 1
      vertex -5.87902 -5.01752 1.31897
      vertex -4.87278 -4.79504 0.119021
    endloop
  endfacet
  facet normal -0.652825 -0.463192 -0.599394
    outer loop
      vertex -6.19993 -4.61511 1.31897
      vertex -6.27569 -4.09557 1
      vertex -5.75911 -3.68361 0.119022
    endloop
  endfacet
  facet normal -0.769171 -0.221584 -0.599397
    outer loop
      vertex -7.11488 -2.35299 1
      vertex -7.47383 -1.96982 1.31897
      vertex -6.47071 -2.20596 0.119021
    endloop
  endfacet
  facet normal -0.769164 -0.221608 -0.599396
    outer loop
      vertex -6.58076 -1.50202 0
      vertex -7.47383 -1.96982 1.31897
      vertex -7.67756 -1.75235 1.5
    endloop
  endfacet
  facet normal -0.769165 -0.221593 -0.599401
    outer loop
      vertex -6.47071 -2.20596 0.119021
      vertex -6.58076 -1.50202 0
      vertex -6.38368 -2.1861 0
    endloop
  endfacet
  facet normal -0.76917 -0.221592 -0.599395
    outer loop
      vertex -6.58076 -1.50202 0
      vertex -6.47071 -2.20596 0.119021
      vertex -7.47383 -1.96982 1.31897
    endloop
  endfacet
  facet normal -0.0448816 -0.799196 -0.599392
    outer loop
      vertex -0.257348 -7.72477 1.31897
      vertex -0.710785 -7.46008 1
      vertex -0.710785 -6.79935 0.11902
    endloop
  endfacet
  facet normal -0.387203 -0.700571 -0.599395
    outer loop
      vertex -3.58352 -6.84812 1.31897
      vertex -3.8772 -6.4129 1
      vertex -3.59052 -5.8176 0.119022
    endloop
  endfacet
  facet normal -0.387197 -0.700573 -0.599396
    outer loop
      vertex -2.92871 -6.08154 0
      vertex -3.58352 -6.84812 1.31897
      vertex -3.59052 -5.8176 0.119022
    endloop
  endfacet
  facet normal -0.3872 -0.700595 -0.599369
    outer loop
      vertex -2.92871 -6.08154 0
      vertex -3.59052 -5.8176 0.119022
      vertex -3.55179 -5.73718 0
    endloop
  endfacet
  facet normal -0.387191 -0.700577 -0.599396
    outer loop
      vertex -3.58352 -6.84812 1.31897
      vertex -2.92871 -6.08154 0
      vertex -3.41683 -7.09513 1.5
    endloop
  endfacet
  facet normal -0.789141 0.134091 -0.599396
    outer loop
      vertex -7.43121 0.96706 1
      vertex -7.58836 1.46803 1.31897
      vertex -6.78704 0.820033 0.119019
    endloop
  endfacet
  facet normal -0.789145 0.134064 -0.599397
    outer loop
      vertex -6.58076 1.50202 0
      vertex -7.58836 1.46803 1.31897
      vertex -7.67756 1.75235 1.5
    endloop
  endfacet
  facet normal -0.789143 0.134086 -0.599394
    outer loop
      vertex -6.58076 1.50202 0
      vertex -6.78704 0.820033 0.119019
      vertex -7.58836 1.46803 1.31897
    endloop
  endfacet
  facet normal -0.789132 0.13408 -0.599411
    outer loop
      vertex -6.78704 0.820033 0.119019
      vertex -6.58076 1.50202 0
      vertex -6.70001 0.80017 0
    endloop
  endfacet
  facet normal -0.769165 0.221593 -0.599401
    outer loop
      vertex -6.58076 1.50202 0
      vertex -6.47071 2.20596 0.119021
      vertex -6.38368 2.1861 0
    endloop
  endfacet
  facet normal -0.76917 0.221592 -0.599395
    outer loop
      vertex -6.47071 2.20596 0.119021
      vertex -6.58076 1.50202 0
      vertex -7.47383 1.96982 1.31897
    endloop
  endfacet
  facet normal -0.769164 0.221608 -0.599396
    outer loop
      vertex -7.47383 1.96982 1.31897
      vertex -6.58076 1.50202 0
      vertex -7.67756 1.75235 1.5
    endloop
  endfacet
  facet normal -0.769171 0.221584 -0.599397
    outer loop
      vertex -6.47071 2.20596 0.119021
      vertex -7.47383 1.96982 1.31897
      vertex -7.11488 2.35299 1
    endloop
  endfacet
  facet normal -0.739524 0.306318 -0.599394
    outer loop
      vertex -6.35397 2.271 0
      vertex -6.4194 3.09142 0.5
      vertex -6.08154 2.92871 0
    endloop
  endfacet
  facet normal -0.306322 0.739522 -0.599395
    outer loop
      vertex -2.92871 6.08154 0
      vertex -3.11979 7.07144 1.31897
      vertex -2.30973 6.4344 0.119021
    endloop
  endfacet
  facet normal -0.306313 0.739512 -0.599411
    outer loop
      vertex -2.92871 6.08154 0
      vertex -2.30973 6.4344 0.119021
      vertex -2.271 6.35397 0
    endloop
  endfacet
  facet normal -0.30632 0.739522 -0.599395
    outer loop
      vertex -3.11979 7.07144 1.31897
      vertex -2.92871 6.08154 0
      vertex -3.41683 7.09513 1.5
    endloop
  endfacet
  facet normal -0.306319 0.739524 -0.599394
    outer loop
      vertex -2.30973 6.4344 0.119021
      vertex -3.11979 7.07144 1.31897
      vertex -2.59641 7.0297 1
    endloop
  endfacet
  facet normal 0.134082 0.789142 -0.599397
    outer loop
      vertex 1.50202 6.58076 0
      vertex 0.80017 6.70001 0
      vertex 1.58546 6.94636 0.5
    endloop
  endfacet
  facet normal 0.221594 0.769169 -0.599396
    outer loop
      vertex 2.1861 6.38368 0
      vertex 1.50202 6.58076 0
      vertex 1.58546 6.94636 0.5
    endloop
  endfacet
  facet normal 0.387203 0.700571 -0.599395
    outer loop
      vertex 3.59052 5.8176 0.119022
      vertex 3.58352 6.84812 1.31897
      vertex 3.8772 6.4129 1
    endloop
  endfacet
  facet normal 0.30632 0.739522 -0.599395
    outer loop
      vertex 2.92871 6.08154 0
      vertex 3.11979 7.07144 1.31897
      vertex 3.41683 7.09513 1.5
    endloop
  endfacet
  facet normal 0.306322 0.739522 -0.599395
    outer loop
      vertex 3.11979 7.07144 1.31897
      vertex 2.92871 6.08154 0
      vertex 2.30973 6.4344 0.119021
    endloop
  endfacet
  facet normal 0.306313 0.739512 -0.599411
    outer loop
      vertex 2.30973 6.4344 0.119021
      vertex 2.92871 6.08154 0
      vertex 2.271 6.35397 0
    endloop
  endfacet
  facet normal 0.596859 0.533372 -0.599394
    outer loop
      vertex 5.27736 4.20856 0
      vertex 5.87902 5.01752 1.31897
      vertex 6.15692 4.90998 1.5
    endloop
  endfacet
  facet normal 0.596853 0.533378 -0.599395
    outer loop
      vertex 5.27736 4.20856 0
      vertex 4.87278 4.79504 0.119021
      vertex 5.87902 5.01752 1.31897
    endloop
  endfacet
  facet normal 0.596847 0.533375 -0.599404
    outer loop
      vertex 4.87278 4.79504 0.119021
      vertex 5.27736 4.20856 0
      vertex 4.80299 4.73938 0
    endloop
  endfacet
  facet normal 0.596851 0.533382 -0.599394
    outer loop
      vertex 5.87902 5.01752 1.31897
      vertex 4.87278 4.79504 0.119021
      vertex 5.38936 5.207 1
    endloop
  endfacet
  facet normal 0.652825 0.463192 -0.599394
    outer loop
      vertex 6.27569 4.09557 1
      vertex 5.75911 3.68361 0.119022
      vertex 6.19993 4.61511 1.31897
    endloop
  endfacet
  facet normal 0.799194 -0.0448853 -0.599395
    outer loop
      vertex 7.125 0 0.5
      vertex 6.71008 -0.710785 0
      vertex 6.75 0 0
    endloop
  endfacet
  facet normal 0.700578 -0.387191 -0.599394
    outer loop
      vertex 6.4194 -3.09142 0.5
      vertex 5.73718 -3.55179 0
      vertex 6.08154 -2.92871 0
    endloop
  endfacet
  facet normal 0.0448816 -0.799196 -0.599392
    outer loop
      vertex 0.710785 -7.46008 1
      vertex 0.257348 -7.72477 1.31897
      vertex 0.710785 -6.79935 0.11902
    endloop
  endfacet
  facet normal 0.533381 -0.596853 -0.599392
    outer loop
      vertex 4.44236 -5.57055 0.5
      vertex 4.20856 -5.27736 0
      vertex 4.73938 -4.80299 0
    endloop
  endfacet
  facet normal -0.789141 -0.134091 -0.599396
    outer loop
      vertex -6.78704 -0.820033 0.119019
      vertex -7.58836 -1.46803 1.31897
      vertex -7.43121 -0.96706 1
    endloop
  endfacet
  facet normal -0.652819 -0.463194 -0.599399
    outer loop
      vertex -5.27736 -4.20856 0
      vertex -5.75911 -3.68361 0.119022
      vertex -5.68932 -3.62795 0
    endloop
  endfacet
  facet normal -0.65282 -0.463196 -0.599396
    outer loop
      vertex -5.27736 -4.20856 0
      vertex -6.19993 -4.61511 1.31897
      vertex -5.75911 -3.68361 0.119022
    endloop
  endfacet
  facet normal -0.652814 -0.463207 -0.599394
    outer loop
      vertex -6.19993 -4.61511 1.31897
      vertex -5.27736 -4.20856 0
      vertex -6.15692 -4.90998 1.5
    endloop
  endfacet
  facet normal -0.221594 -0.769169 -0.599396
    outer loop
      vertex -1.58546 -6.94636 0.5
      vertex -2.1861 -6.38368 0
      vertex -1.50202 -6.58076 0
    endloop
  endfacet
  facet normal -0.134082 -0.789142 -0.599397
    outer loop
      vertex -0.80017 -6.70001 0
      vertex -1.58546 -6.94636 0.5
      vertex -1.50202 -6.58076 0
    endloop
  endfacet
  facet normal -0.799194 0.0448853 -0.599395
    outer loop
      vertex -6.75 0 0
      vertex -7.125 0 0.5
      vertex -6.71008 0.710785 0
    endloop
  endfacet
  facet normal -0.700578 0.387191 -0.599394
    outer loop
      vertex -6.08154 2.92871 0
      vertex -6.4194 3.09142 0.5
      vertex -5.73718 3.55179 0
    endloop
  endfacet
  facet normal -0.0448816 0.799196 -0.599392
    outer loop
      vertex -0.710785 6.79935 0.11902
      vertex -0.710785 7.46008 1
      vertex -0.257348 7.72477 1.31897
    endloop
  endfacet
  facet normal -0.463197 0.652822 -0.599393
    outer loop
      vertex -4.20856 5.27736 0
      vertex -4.44236 5.57055 0.5
      vertex -3.62795 5.68932 0
    endloop
  endfacet
  facet normal 0.0448792 0.799196 -0.599393
    outer loop
      vertex 0 6.75 0
      vertex 0.257348 7.72477 1.31897
      vertex 0.710785 6.79935 0.11902
    endloop
  endfacet
  facet normal 0.0448844 0.799178 -0.599417
    outer loop
      vertex 0 6.75 0
      vertex 0.710785 6.79935 0.11902
      vertex 0.710785 6.71008 0
    endloop
  endfacet
  facet normal 0.0448977 0.799193 -0.599395
    outer loop
      vertex 0.257348 7.72477 1.31897
      vertex 0 6.75 0
      vertex 0 7.875 1.5
    endloop
  endfacet
  facet normal 0.387197 0.700573 -0.599396
    outer loop
      vertex 2.92871 6.08154 0
      vertex 3.58352 6.84812 1.31897
      vertex 3.59052 5.8176 0.119022
    endloop
  endfacet
  facet normal 0.3872 0.700595 -0.599369
    outer loop
      vertex 2.92871 6.08154 0
      vertex 3.59052 5.8176 0.119022
      vertex 3.55179 5.73718 0
    endloop
  endfacet
  facet normal 0.387191 0.700577 -0.599396
    outer loop
      vertex 3.58352 6.84812 1.31897
      vertex 2.92871 6.08154 0
      vertex 3.41683 7.09513 1.5
    endloop
  endfacet
  facet normal 0.652814 0.463207 -0.599394
    outer loop
      vertex 6.19993 4.61511 1.31897
      vertex 5.27736 4.20856 0
      vertex 6.15692 4.90998 1.5
    endloop
  endfacet
  facet normal 0.65282 0.463196 -0.599396
    outer loop
      vertex 5.75911 3.68361 0.119022
      vertex 5.27736 4.20856 0
      vertex 6.19993 4.61511 1.31897
    endloop
  endfacet
  facet normal 0.652819 0.463194 -0.599399
    outer loop
      vertex 5.27736 4.20856 0
      vertex 5.75911 3.68361 0.119022
      vertex 5.68932 3.62795 0
    endloop
  endfacet
  facet normal 0.769171 0.221584 -0.599397
    outer loop
      vertex 7.47383 1.96982 1.31897
      vertex 6.47071 2.20596 0.119021
      vertex 7.11488 2.35299 1
    endloop
  endfacet
  facet normal 0.76917 0.221592 -0.599395
    outer loop
      vertex 6.58076 1.50202 0
      vertex 6.47071 2.20596 0.119021
      vertex 7.47383 1.96982 1.31897
    endloop
  endfacet
  facet normal 0.769164 0.221608 -0.599396
    outer loop
      vertex 6.58076 1.50202 0
      vertex 7.47383 1.96982 1.31897
      vertex 7.67756 1.75235 1.5
    endloop
  endfacet
  facet normal 0.769165 0.221593 -0.599401
    outer loop
      vertex 6.47071 2.20596 0.119021
      vertex 6.58076 1.50202 0
      vertex 6.38368 2.1861 0
    endloop
  endfacet
  facet normal 0.652819 -0.463194 -0.599399
    outer loop
      vertex 5.75911 -3.68361 0.119022
      vertex 5.27736 -4.20856 0
      vertex 5.68932 -3.62795 0
    endloop
  endfacet
  facet normal 0.65282 -0.463196 -0.599396
    outer loop
      vertex 6.19993 -4.61511 1.31897
      vertex 5.27736 -4.20856 0
      vertex 5.75911 -3.68361 0.119022
    endloop
  endfacet
  facet normal 0.652814 -0.463207 -0.599394
    outer loop
      vertex 5.27736 -4.20856 0
      vertex 6.19993 -4.61511 1.31897
      vertex 6.15692 -4.90998 1.5
    endloop
  endfacet
  facet normal 0.596859 -0.533372 -0.599394
    outer loop
      vertex 5.87902 -5.01752 1.31897
      vertex 5.27736 -4.20856 0
      vertex 6.15692 -4.90998 1.5
    endloop
  endfacet
  facet normal 0.596853 -0.533378 -0.599395
    outer loop
      vertex 4.87278 -4.79504 0.119021
      vertex 5.27736 -4.20856 0
      vertex 5.87902 -5.01752 1.31897
    endloop
  endfacet
  facet normal 0.596847 -0.533375 -0.599404
    outer loop
      vertex 5.27736 -4.20856 0
      vertex 4.87278 -4.79504 0.119021
      vertex 4.80299 -4.73938 0
    endloop
  endfacet
  facet normal 0.306322 -0.739522 -0.599395
    outer loop
      vertex 2.92871 -6.08154 0
      vertex 3.11979 -7.07144 1.31897
      vertex 2.30973 -6.4344 0.119021
    endloop
  endfacet
  facet normal 0.306313 -0.739512 -0.599411
    outer loop
      vertex 2.92871 -6.08154 0
      vertex 2.30973 -6.4344 0.119021
      vertex 2.271 -6.35397 0
    endloop
  endfacet
  facet normal 0.30632 -0.739522 -0.599395
    outer loop
      vertex 3.11979 -7.07144 1.31897
      vertex 2.92871 -6.08154 0
      vertex 3.41683 -7.09513 1.5
    endloop
  endfacet
  facet normal 0.463197 -0.652822 -0.599393
    outer loop
      vertex 4.44236 -5.57055 0.5
      vertex 3.62795 -5.68932 0
      vertex 4.20856 -5.27736 0
    endloop
  endfacet
  facet normal -0.739524 -0.306318 -0.599394
    outer loop
      vertex -6.08154 -2.92871 0
      vertex -6.4194 -3.09142 0.5
      vertex -6.35397 -2.271 0
    endloop
  endfacet
  facet normal -0.463197 -0.652822 -0.599393
    outer loop
      vertex -3.62795 -5.68932 0
      vertex -4.44236 -5.57055 0.5
      vertex -4.20856 -5.27736 0
    endloop
  endfacet
  facet normal -0.533381 -0.596853 -0.599392
    outer loop
      vertex -4.44236 -5.57055 0.5
      vertex -4.73938 -4.80299 0
      vertex -4.20856 -5.27736 0
    endloop
  endfacet
  facet normal -0.0448792 -0.799196 -0.599393
    outer loop
      vertex 0 -6.75 0
      vertex -0.257348 -7.72477 1.31897
      vertex -0.710785 -6.79935 0.11902
    endloop
  endfacet
  facet normal -0.0448844 -0.799178 -0.599417
    outer loop
      vertex 0 -6.75 0
      vertex -0.710785 -6.79935 0.11902
      vertex -0.710785 -6.71008 0
    endloop
  endfacet
  facet normal -0.0448977 -0.799193 -0.599395
    outer loop
      vertex -0.257348 -7.72477 1.31897
      vertex 0 -6.75 0
      vertex 0 -7.875 1.5
    endloop
  endfacet
  facet normal -0.596847 0.533375 -0.599404
    outer loop
      vertex -5.27736 4.20856 0
      vertex -4.87278 4.79504 0.119021
      vertex -4.80299 4.73938 0
    endloop
  endfacet
  facet normal -0.596853 0.533378 -0.599395
    outer loop
      vertex -5.27736 4.20856 0
      vertex -5.87902 5.01752 1.31897
      vertex -4.87278 4.79504 0.119021
    endloop
  endfacet
  facet normal -0.596859 0.533372 -0.599394
    outer loop
      vertex -5.87902 5.01752 1.31897
      vertex -5.27736 4.20856 0
      vertex -6.15692 4.90998 1.5
    endloop
  endfacet
  facet normal -0.533381 0.596853 -0.599392
    outer loop
      vertex -4.20856 5.27736 0
      vertex -4.73938 4.80299 0
      vertex -4.44236 5.57055 0.5
    endloop
  endfacet
  facet normal 0.533381 0.596853 -0.599392
    outer loop
      vertex 4.73938 4.80299 0
      vertex 4.20856 5.27736 0
      vertex 4.44236 5.57055 0.5
    endloop
  endfacet
  facet normal 0.789145 0.134064 -0.599397
    outer loop
      vertex 7.58836 1.46803 1.31897
      vertex 6.58076 1.50202 0
      vertex 7.67756 1.75235 1.5
    endloop
  endfacet
  facet normal 0.789143 0.134086 -0.599394
    outer loop
      vertex 6.78704 0.820033 0.119019
      vertex 6.58076 1.50202 0
      vertex 7.58836 1.46803 1.31897
    endloop
  endfacet
  facet normal 0.789132 0.13408 -0.599411
    outer loop
      vertex 6.58076 1.50202 0
      vertex 6.78704 0.820033 0.119019
      vertex 6.70001 0.80017 0
    endloop
  endfacet
  facet normal 0.134082 -0.789142 -0.599397
    outer loop
      vertex 1.58546 -6.94636 0.5
      vertex 0.80017 -6.70001 0
      vertex 1.50202 -6.58076 0
    endloop
  endfacet
  facet normal -0.789132 -0.13408 -0.599411
    outer loop
      vertex -6.58076 -1.50202 0
      vertex -6.78704 -0.820033 0.119019
      vertex -6.70001 -0.80017 0
    endloop
  endfacet
  facet normal -0.789143 -0.134086 -0.599394
    outer loop
      vertex -6.78704 -0.820033 0.119019
      vertex -6.58076 -1.50202 0
      vertex -7.58836 -1.46803 1.31897
    endloop
  endfacet
  facet normal -0.789145 -0.134064 -0.599397
    outer loop
      vertex -7.58836 -1.46803 1.31897
      vertex -6.58076 -1.50202 0
      vertex -7.67756 -1.75235 1.5
    endloop
  endfacet
  facet normal -0.221594 0.769169 -0.599396
    outer loop
      vertex -1.50202 6.58076 0
      vertex -2.1861 6.38368 0
      vertex -1.58546 6.94636 0.5
    endloop
  endfacet
  facet normal -0.134082 0.789142 -0.599397
    outer loop
      vertex -1.50202 6.58076 0
      vertex -1.58546 6.94636 0.5
      vertex -0.80017 6.70001 0
    endloop
  endfacet
  facet normal 0.799194 0.0448853 0.599395
    outer loop
      vertex 7.125 0 5.5
      vertex 6.71008 0.710785 6
      vertex 6.75 0 6
    endloop
  endfacet
  facet normal 0.387204 -0.700571 0.599394
    outer loop
      vertex 3.59052 -5.8176 5.88098
      vertex 3.58352 -6.84812 4.68103
      vertex 3.8772 -6.4129 5
    endloop
  endfacet
  facet normal -0.306318 0.739524 0.599394
    outer loop
      vertex -2.59641 7.0297 5
      vertex -3.11979 7.07144 4.68103
      vertex -2.30973 6.4344 5.88098
    endloop
  endfacet
  facet normal -0.700578 0.387191 0.599394
    outer loop
      vertex -5.73718 3.55179 6
      vertex -6.4194 3.09142 5.5
      vertex -6.08154 2.92871 6
    endloop
  endfacet
  facet normal 0.739524 -0.306318 0.599394
    outer loop
      vertex 6.35397 -2.271 6
      vertex 6.08154 -2.92871 6
      vertex 6.4194 -3.09142 5.5
    endloop
  endfacet
  facet normal 0.789141 -0.134092 0.599396
    outer loop
      vertex 7.43121 -0.96706 5
      vertex 6.78704 -0.820033 5.88098
      vertex 7.58836 -1.46803 4.68103
    endloop
  endfacet
  facet normal 0.789141 0.134092 0.599396
    outer loop
      vertex 7.58836 1.46803 4.68103
      vertex 6.78704 0.820033 5.88098
      vertex 7.43121 0.96706 5
    endloop
  endfacet
  facet normal 0.652826 0.463191 0.599393
    outer loop
      vertex 6.19993 4.61511 4.68103
      vertex 5.75911 3.68361 5.88098
      vertex 6.27569 4.09557 5
    endloop
  endfacet
  facet normal 0.739524 0.306318 0.599394
    outer loop
      vertex 6.4194 3.09142 5.5
      vertex 6.08154 2.92871 6
      vertex 6.35397 2.271 6
    endloop
  endfacet
  facet normal 0.387204 0.700571 0.599394
    outer loop
      vertex 3.8772 6.4129 5
      vertex 3.58352 6.84812 4.68103
      vertex 3.59052 5.8176 5.88098
    endloop
  endfacet
  facet normal 0.0448844 0.799178 0.599417
    outer loop
      vertex 0.710785 6.79935 5.88098
      vertex 0 6.75 6
      vertex 0.710785 6.71008 6
    endloop
  endfacet
  facet normal 0.0448792 0.799196 0.599393
    outer loop
      vertex 0.257348 7.72477 4.68103
      vertex 0 6.75 6
      vertex 0.710785 6.79935 5.88098
    endloop
  endfacet
  facet normal 0.0448977 0.799193 0.599395
    outer loop
      vertex 0 6.75 6
      vertex 0.257348 7.72477 4.68103
      vertex 0 7.875 4.5
    endloop
  endfacet
  facet normal -0.799194 0.0448853 0.599395
    outer loop
      vertex -6.71008 0.710785 6
      vertex -7.125 0 5.5
      vertex -6.75 0 6
    endloop
  endfacet
  facet normal -0.596851 0.533383 0.599393
    outer loop
      vertex -5.38936 5.207 5
      vertex -5.87902 5.01752 4.68103
      vertex -4.87278 4.79504 5.88098
    endloop
  endfacet
  facet normal -0.387198 0.70059 0.599375
    outer loop
      vertex -2.92871 6.08154 6
      vertex -3.59052 5.8176 5.88098
      vertex -3.55179 5.73718 6
    endloop
  endfacet
  facet normal -0.387195 0.700574 0.599396
    outer loop
      vertex -2.92871 6.08154 6
      vertex -3.58352 6.84812 4.68103
      vertex -3.59052 5.8176 5.88098
    endloop
  endfacet
  facet normal -0.387191 0.700577 0.599396
    outer loop
      vertex -3.58352 6.84812 4.68103
      vertex -2.92871 6.08154 6
      vertex -3.41683 7.09513 4.5
    endloop
  endfacet
  facet normal -0.387204 0.700571 0.599394
    outer loop
      vertex -3.58352 6.84812 4.68103
      vertex -3.8772 6.4129 5
      vertex -3.59052 5.8176 5.88098
    endloop
  endfacet
  facet normal -0.652826 -0.463191 0.599393
    outer loop
      vertex -5.75911 -3.68361 5.88098
      vertex -6.27569 -4.09557 5
      vertex -6.19993 -4.61511 4.68103
    endloop
  endfacet
  facet normal -0.769164 -0.221608 0.599396
    outer loop
      vertex -7.47383 -1.96982 4.68103
      vertex -6.58076 -1.50202 6
      vertex -7.67756 -1.75235 4.5
    endloop
  endfacet
  facet normal -0.76917 -0.221592 0.599395
    outer loop
      vertex -6.47071 -2.20596 5.88098
      vertex -6.58076 -1.50202 6
      vertex -7.47383 -1.96982 4.68103
    endloop
  endfacet
  facet normal -0.769163 -0.221592 0.599404
    outer loop
      vertex -6.58076 -1.50202 6
      vertex -6.47071 -2.20596 5.88098
      vertex -6.38368 -2.1861 6
    endloop
  endfacet
  facet normal -0.387204 -0.700571 0.599394
    outer loop
      vertex -3.59052 -5.8176 5.88098
      vertex -3.8772 -6.4129 5
      vertex -3.58352 -6.84812 4.68103
    endloop
  endfacet
  facet normal -0.0448844 -0.799178 0.599417
    outer loop
      vertex -0.710785 -6.79935 5.88098
      vertex 0 -6.75 6
      vertex -0.710785 -6.71008 6
    endloop
  endfacet
  facet normal -0.0448792 -0.799196 0.599393
    outer loop
      vertex -0.257348 -7.72477 4.68103
      vertex 0 -6.75 6
      vertex -0.710785 -6.79935 5.88098
    endloop
  endfacet
  facet normal -0.0448977 -0.799193 0.599395
    outer loop
      vertex 0 -6.75 6
      vertex -0.257348 -7.72477 4.68103
      vertex 0 -7.875 4.5
    endloop
  endfacet
  facet normal 0.0448816 -0.799196 0.599392
    outer loop
      vertex 0.710785 -6.79935 5.88098
      vertex 0.257348 -7.72477 4.68103
      vertex 0.710785 -7.46008 5
    endloop
  endfacet
  facet normal 0.306318 -0.739524 0.599394
    outer loop
      vertex 3.11979 -7.07144 4.68103
      vertex 2.30973 -6.4344 5.88098
      vertex 2.59641 -7.0297 5
    endloop
  endfacet
  facet normal 0.596851 -0.533383 0.599393
    outer loop
      vertex 5.87902 -5.01752 4.68103
      vertex 4.87278 -4.79504 5.88098
      vertex 5.38936 -5.207 5
    endloop
  endfacet
  facet normal 0.799194 -0.0448853 0.599395
    outer loop
      vertex 6.75 0 6
      vertex 6.71008 -0.710785 6
      vertex 7.125 0 5.5
    endloop
  endfacet
  facet normal 0.596851 0.533383 0.599393
    outer loop
      vertex 5.38936 5.207 5
      vertex 4.87278 4.79504 5.88098
      vertex 5.87902 5.01752 4.68103
    endloop
  endfacet
  facet normal 0.769163 0.221592 0.599404
    outer loop
      vertex 6.58076 1.50202 6
      vertex 6.47071 2.20596 5.88098
      vertex 6.38368 2.1861 6
    endloop
  endfacet
  facet normal 0.76917 0.221592 0.599395
    outer loop
      vertex 6.47071 2.20596 5.88098
      vertex 6.58076 1.50202 6
      vertex 7.47383 1.96982 4.68103
    endloop
  endfacet
  facet normal 0.769164 0.221608 0.599396
    outer loop
      vertex 7.47383 1.96982 4.68103
      vertex 6.58076 1.50202 6
      vertex 7.67756 1.75235 4.5
    endloop
  endfacet
  facet normal 0.533381 0.596853 0.599392
    outer loop
      vertex 4.44236 5.57055 5.5
      vertex 4.20856 5.27736 6
      vertex 4.73938 4.80299 6
    endloop
  endfacet
  facet normal 0.0448816 0.799196 0.599392
    outer loop
      vertex 0.710785 7.46008 5
      vertex 0.257348 7.72477 4.68103
      vertex 0.710785 6.79935 5.88098
    endloop
  endfacet
  facet normal 0.134082 0.789142 0.599397
    outer loop
      vertex 1.58546 6.94636 5.5
      vertex 0.80017 6.70001 6
      vertex 1.50202 6.58076 6
    endloop
  endfacet
  facet normal -0.789141 0.134092 0.599396
    outer loop
      vertex -6.78704 0.820033 5.88098
      vertex -7.58836 1.46803 4.68103
      vertex -7.43121 0.96706 5
    endloop
  endfacet
  facet normal 0 0 1
    outer loop
      vertex 1.80312 1.80312 6
      vertex 5.67945 3.56863 6
      vertex 5.27736 4.20856 6
    endloop
  endfacet
  facet normal 0 0 1
    outer loop
      vertex 5.27736 4.20856 6
      vertex 5.67945 3.56863 6
      vertex 5.68932 3.62795 6
    endloop
  endfacet
  facet normal 0 0 1
    outer loop
      vertex 5.67945 3.56863 6
      vertex 6.33115 2.21537 6
      vertex 6.08154 2.92871 6
    endloop
  endfacet
  facet normal 0 0 1
    outer loop
      vertex 6.08154 2.92871 6
      vertex 6.33115 2.21537 6
      vertex 6.35397 2.271 6
    endloop
  endfacet
  facet normal 0 0 1
    outer loop
      vertex 6.33115 2.21537 6
      vertex 6.66538 0.751008 6
      vertex 6.58076 1.50202 6
    endloop
  endfacet
  facet normal 0 0 1
    outer loop
      vertex 6.58076 1.50202 6
      vertex 6.66538 0.751008 6
      vertex 6.70001 0.80017 6
    endloop
  endfacet
  facet normal 0 0 1
    outer loop
      vertex 6.66538 0.751008 6
      vertex 6.75 0 6
      vertex 6.71008 0.710785 6
    endloop
  endfacet
  facet normal 0 0 1
    outer loop
      vertex 6.66538 -0.751008 6
      vertex 6.75 0 6
      vertex 6.66538 0.751008 6
    endloop
  endfacet
  facet normal 0 0 1
    outer loop
      vertex 6.75 0 6
      vertex 6.66538 -0.751008 6
      vertex 6.71008 -0.710785 6
    endloop
  endfacet
  facet normal 0 0 1
    outer loop
      vertex 6.66538 -0.751008 6
      vertex 6.58076 -1.50202 6
      vertex 6.70001 -0.80017 6
    endloop
  endfacet
  facet normal 0 0 1
    outer loop
      vertex 6.66538 0.751008 6
      vertex 6.33115 2.21537 6
      vertex 6.66538 -0.751008 6
    endloop
  endfacet
  facet normal 0 0 1
    outer loop
      vertex 6.33115 2.21537 6
      vertex 6.58076 1.50202 6
      vertex 6.38368 2.1861 6
    endloop
  endfacet
  facet normal 0 0 1
    outer loop
      vertex 6.33115 -2.21537 6
      vertex 6.66538 -0.751008 6
      vertex 6.33115 2.21537 6
    endloop
  endfacet
  facet normal 0 0 1
    outer loop
      vertex 6.66538 -0.751008 6
      vertex 6.33115 -2.21537 6
      vertex 6.58076 -1.50202 6
    endloop
  endfacet
  facet normal 0 0 1
    outer loop
      vertex 6.58076 -1.50202 6
      vertex 6.33115 -2.21537 6
      vertex 6.38368 -2.1861 6
    endloop
  endfacet
  facet normal 0 0 1
    outer loop
      vertex 6.33115 -2.21537 6
      vertex 6.08154 -2.92871 6
      vertex 6.35397 -2.271 6
    endloop
  endfacet
  facet normal 0 0 1
    outer loop
      vertex 6.33115 2.21537 6
      vertex 5.67945 3.56863 6
      vertex 6.33115 -2.21537 6
    endloop
  endfacet
  facet normal 0 0 1
    outer loop
      vertex 5.67945 3.56863 6
      vertex 6.08154 2.92871 6
      vertex 5.73718 3.55179 6
    endloop
  endfacet
  facet normal 0 0 1
    outer loop
      vertex 5.67945 -3.56863 6
      vertex 6.33115 -2.21537 6
      vertex 5.67945 3.56863 6
    endloop
  endfacet
  facet normal 0 0 1
    outer loop
      vertex 6.33115 -2.21537 6
      vertex 5.67945 -3.56863 6
      vertex 6.08154 -2.92871 6
    endloop
  endfacet
  facet normal 0 0 1
    outer loop
      vertex 6.08154 -2.92871 6
      vertex 5.67945 -3.56863 6
      vertex 5.73718 -3.55179 6
    endloop
  endfacet
  facet normal 0 0 1
    outer loop
      vertex 5.67945 -3.56863 6
      vertex 5.27736 -4.20856 6
      vertex 5.68932 -3.62795 6
    endloop
  endfacet
  facet normal 0 0 1
    outer loop
      vertex 5.67945 3.56863 6
      vertex 2.4 0 6
      vertex 5.67945 -3.56863 6
    endloop
  endfacet
  facet normal 0 0 1
    outer loop
      vertex 4.74296 4.74296 6
      vertex 5.27736 4.20856 6
      vertex 4.80299 4.73938 6
    endloop
  endfacet
  facet normal -0 0 1
    outer loop
      vertex 2.36652 -0.634106 6
      vertex 5.67945 -3.56863 6
      vertex 2.4 0 6
    endloop
  endfacet
  facet normal 0 0 1
    outer loop
      vertex 1.80312 1.80312 6
      vertex 5.27736 4.20856 6
      vertex 4.74296 4.74296 6
    endloop
  endfacet
  facet normal -0 0 1
    outer loop
      vertex 2.34366 -0.701058 6
      vertex 5.67945 -3.56863 6
      vertex 2.36652 -0.634106 6
    endloop
  endfacet
  facet normal 0 0 1
    outer loop
      vertex 4.20856 5.27736 6
      vertex 4.74296 4.74296 6
      vertex 4.73938 4.80299 6
    endloop
  endfacet
  facet normal -0 0 1
    outer loop
      vertex 2.16506 -1.25 6
      vertex 5.67945 -3.56863 6
      vertex 2.34366 -0.701058 6
    endloop
  endfacet
  facet normal 0 0 1
    outer loop
      vertex 4.74296 4.74296 6
      vertex 4.20856 5.27736 6
      vertex 1.64331 1.94279 6
    endloop
  endfacet
  facet normal -0 0 1
    outer loop
      vertex 2.08625 -1.36751 6
      vertex 5.67945 -3.56863 6
      vertex 2.16506 -1.25 6
    endloop
  endfacet
  facet normal -0 0 1
    outer loop
      vertex 3.56863 5.67945 6
      vertex 4.20856 5.27736 6
      vertex 3.62795 5.68932 6
    endloop
  endfacet
  facet normal -0 0 1
    outer loop
      vertex 1.80312 -1.80312 6
      vertex 5.67945 -3.56863 6
      vertex 2.08625 -1.36751 6
    endloop
  endfacet
  facet normal 0 0 1
    outer loop
      vertex 1.3 2.25167 6
      vertex 4.20856 5.27736 6
      vertex 3.56863 5.67945 6
    endloop
  endfacet
  facet normal 0 0 1
    outer loop
      vertex 5.27736 -4.20856 6
      vertex 4.74296 -4.74296 6
      vertex 4.80299 -4.73938 6
    endloop
  endfacet
  facet normal 0 0 1
    outer loop
      vertex 2.92871 6.08154 6
      vertex 3.56863 5.67945 6
      vertex 3.55179 5.73718 6
    endloop
  endfacet
  facet normal 0 0 1
    outer loop
      vertex 5.67945 -3.56863 6
      vertex 1.80312 -1.80312 6
      vertex 5.27736 -4.20856 6
    endloop
  endfacet
  facet normal 0 0 1
    outer loop
      vertex 3.56863 5.67945 6
      vertex 2.92871 6.08154 6
      vertex 1.3 2.25167 6
    endloop
  endfacet
  facet normal 0 0 1
    outer loop
      vertex 5.27736 -4.20856 6
      vertex 1.80312 -1.80312 6
      vertex 4.74296 -4.74296 6
    endloop
  endfacet
  facet normal -0 0 1
    outer loop
      vertex 1.64331 -1.94279 6
      vertex 4.74296 -4.74296 6
      vertex 1.80312 -1.80312 6
    endloop
  endfacet
  facet normal 0 0 1
    outer loop
      vertex 5.67945 3.56863 6
      vertex 2.36652 0.634106 6
      vertex 2.4 0 6
    endloop
  endfacet
  facet normal 0 0 1
    outer loop
      vertex 5.67945 3.56863 6
      vertex 2.34366 0.701058 6
      vertex 2.36652 0.634106 6
    endloop
  endfacet
  facet normal -0 0 1
    outer loop
      vertex 2.21537 6.33115 6
      vertex 2.92871 6.08154 6
      vertex 2.271 6.35397 6
    endloop
  endfacet
  facet normal 0 0 1
    outer loop
      vertex 1.04598 2.37639 6
      vertex 2.92871 6.08154 6
      vertex 2.21537 6.33115 6
    endloop
  endfacet
  facet normal 0 0 1
    outer loop
      vertex 1.50202 6.58076 6
      vertex 2.21537 6.33115 6
      vertex 2.1861 6.38368 6
    endloop
  endfacet
  facet normal 0 0 1
    outer loop
      vertex 5.67945 3.56863 6
      vertex 2.16506 1.25 6
      vertex 2.34366 0.701058 6
    endloop
  endfacet
  facet normal 0 0 1
    outer loop
      vertex 5.67945 3.56863 6
      vertex 2.08625 1.36751 6
      vertex 2.16506 1.25 6
    endloop
  endfacet
  facet normal 0 0 1
    outer loop
      vertex 5.67945 3.56863 6
      vertex 1.80312 1.80312 6
      vertex 2.08625 1.36751 6
    endloop
  endfacet
  facet normal 0 0 1
    outer loop
      vertex 4.74296 4.74296 6
      vertex 1.64331 1.94279 6
      vertex 1.80312 1.80312 6
    endloop
  endfacet
  facet normal 0 0 1
    outer loop
      vertex 2.21537 6.33115 6
      vertex 1.50202 6.58076 6
      vertex 0.68587 2.5597 6
    endloop
  endfacet
  facet normal 0 0 1
    outer loop
      vertex 4.20856 5.27736 6
      vertex 1.3 2.25167 6
      vertex 1.64331 1.94279 6
    endloop
  endfacet
  facet normal 0 0 1
    outer loop
      vertex 2.92871 6.08154 6
      vertex 1.04598 2.37639 6
      vertex 1.3 2.25167 6
    endloop
  endfacet
  facet normal -0 0 1
    outer loop
      vertex 0.751008 6.66538 6
      vertex 1.50202 6.58076 6
      vertex 0.80017 6.70001 6
    endloop
  endfacet
  facet normal 0 0 1
    outer loop
      vertex 0.68587 2.5597 6
      vertex 1.50202 6.58076 6
      vertex 0.751008 6.66538 6
    endloop
  endfacet
  facet normal 0 0 1
    outer loop
      vertex 0 6.75 6
      vertex 0.751008 6.66538 6
      vertex 0.710785 6.71008 6
    endloop
  endfacet
  facet normal 0 0 1
    outer loop
      vertex 2.21537 6.33115 6
      vertex 0.68587 2.5597 6
      vertex 1.04598 2.37639 6
    endloop
  endfacet
  facet normal 0 0 1
    outer loop
      vertex 0.751008 6.66538 6
      vertex 0.338818 2.62812 6
      vertex 0.68587 2.5597 6
    endloop
  endfacet
  facet normal 0 0 1
    outer loop
      vertex 0.751008 6.66538 6
      vertex 0 6.75 6
      vertex 0 2.7 6
    endloop
  endfacet
  facet normal 0 0 1
    outer loop
      vertex 0.751008 6.66538 6
      vertex 0 2.7 6
      vertex 0.338818 2.62812 6
    endloop
  endfacet
  facet normal -0 0 1
    outer loop
      vertex -0.751008 6.66538 6
      vertex 0 2.7 6
      vertex 0 6.75 6
    endloop
  endfacet
  facet normal 0 0 1
    outer loop
      vertex -0.751008 6.66538 6
      vertex 0 6.75 6
      vertex -0.710785 6.71008 6
    endloop
  endfacet
  facet normal 0 0 1
    outer loop
      vertex 0 2.7 6
      vertex -0.751008 6.66538 6
      vertex -0.423521 2.67151 6
    endloop
  endfacet
  facet normal 0 0 1
    outer loop
      vertex -0.423521 2.67151 6
      vertex -0.751008 6.66538 6
      vertex -0.711752 2.65629 6
    endloop
  endfacet
  facet normal 0 0 1
    outer loop
      vertex -1.50202 6.58076 6
      vertex -0.751008 6.66538 6
      vertex -0.80017 6.70001 6
    endloop
  endfacet
  facet normal 0 0 1
    outer loop
      vertex -0.751008 6.66538 6
      vertex -1.50202 6.58076 6
      vertex -0.711752 2.65629 6
    endloop
  endfacet
  facet normal -0 0 1
    outer loop
      vertex -2.21537 6.33115 6
      vertex -0.711752 2.65629 6
      vertex -1.50202 6.58076 6
    endloop
  endfacet
  facet normal 0 0 1
    outer loop
      vertex -0.711752 2.65629 6
      vertex -2.21537 6.33115 6
      vertex -1.18042 2.49631 6
    endloop
  endfacet
  facet normal 0 0 1
    outer loop
      vertex -1.18042 2.49631 6
      vertex -2.21537 6.33115 6
      vertex -1.4 2.42487 6
    endloop
  endfacet
  facet normal -0 0 1
    outer loop
      vertex -2.92871 6.08154 6
      vertex -1.4 2.42487 6
      vertex -2.21537 6.33115 6
    endloop
  endfacet
  facet normal 0 0 1
    outer loop
      vertex -2.21537 6.33115 6
      vertex -1.50202 6.58076 6
      vertex -2.1861 6.38368 6
    endloop
  endfacet
  facet normal -0 0 1
    outer loop
      vertex -3.56863 5.67945 6
      vertex -1.4 2.42487 6
      vertex -2.92871 6.08154 6
    endloop
  endfacet
  facet normal 0 0 1
    outer loop
      vertex -2.92871 6.08154 6
      vertex -2.21537 6.33115 6
      vertex -2.271 6.35397 6
    endloop
  endfacet
  facet normal 0 0 1
    outer loop
      vertex -1.4 2.42487 6
      vertex -3.56863 5.67945 6
      vertex -1.87005 2.10963 6
    endloop
  endfacet
  facet normal -0 0 1
    outer loop
      vertex -4.20856 5.27736 6
      vertex -1.87005 2.10963 6
      vertex -3.56863 5.67945 6
    endloop
  endfacet
  facet normal 0 0 1
    outer loop
      vertex -1.87005 2.10963 6
      vertex -4.20856 5.27736 6
      vertex -2.01525 2.01525 6
    endloop
  endfacet
  facet normal -0 0 1
    outer loop
      vertex -4.74296 4.74296 6
      vertex -2.01525 2.01525 6
      vertex -4.20856 5.27736 6
    endloop
  endfacet
  facet normal -0 0 1
    outer loop
      vertex -5.27736 4.20856 6
      vertex -2.01525 2.01525 6
      vertex -4.74296 4.74296 6
    endloop
  endfacet
  facet normal 0 0 1
    outer loop
      vertex -2.01525 2.01525 6
      vertex -5.27736 4.20856 6
      vertex -2.43425 1.53583 6
    endloop
  endfacet
  facet normal 0 0 1
    outer loop
      vertex -3.56863 5.67945 6
      vertex -2.92871 6.08154 6
      vertex -3.55179 5.73718 6
    endloop
  endfacet
  facet normal 0 0 1
    outer loop
      vertex -6.75 0 6
      vertex -6.66538 0.751008 6
      vertex -6.71008 0.710785 6
    endloop
  endfacet
  facet normal 0 0 1
    outer loop
      vertex -6.66538 0.751008 6
      vertex -6.75 0 6
      vertex -6.66538 -0.751008 6
    endloop
  endfacet
  facet normal 0 0 1
    outer loop
      vertex -6.66538 -0.751008 6
      vertex -6.75 0 6
      vertex -6.71008 -0.710785 6
    endloop
  endfacet
  facet normal 0 0 1
    outer loop
      vertex -6.66538 0.751008 6
      vertex -2.84948 0.763516 6
      vertex -6.58076 1.50202 6
    endloop
  endfacet
  facet normal 0 0 1
    outer loop
      vertex -6.66538 -0.751008 6
      vertex -3 0 6
      vertex -6.66538 0.751008 6
    endloop
  endfacet
  facet normal 0 0 1
    outer loop
      vertex -2.84948 0.763516 6
      vertex -6.66538 0.751008 6
      vertex -3 0 6
    endloop
  endfacet
  facet normal 0 -0 1
    outer loop
      vertex -6.58076 -1.50202 6
      vertex -3 0 6
      vertex -6.66538 -0.751008 6
    endloop
  endfacet
  facet normal 0 0 1
    outer loop
      vertex -3 0 6
      vertex -6.58076 -1.50202 6
      vertex -6.33115 -2.21537 6
    endloop
  endfacet
  facet normal 0 -0 1
    outer loop
      vertex -6.66538 0.751008 6
      vertex -6.58076 1.50202 6
      vertex -6.70001 0.80017 6
    endloop
  endfacet
  facet normal 0 0 1
    outer loop
      vertex -2.82329 0.81496 6
      vertex -6.33115 2.21537 6
      vertex -2.84948 0.763516 6
    endloop
  endfacet
  facet normal 0 0 1
    outer loop
      vertex -6.58076 1.50202 6
      vertex -6.33115 2.21537 6
      vertex -6.38368 2.1861 6
    endloop
  endfacet
  facet normal -0 0 1
    outer loop
      vertex -6.58076 1.50202 6
      vertex -2.84948 0.763516 6
      vertex -6.33115 2.21537 6
    endloop
  endfacet
  facet normal 0 -0 1
    outer loop
      vertex -6.08154 -2.92871 6
      vertex -3 0 6
      vertex -6.33115 -2.21537 6
    endloop
  endfacet
  facet normal 0 0 1
    outer loop
      vertex -3 0 6
      vertex -6.08154 -2.92871 6
      vertex -5.67945 -3.56863 6
    endloop
  endfacet
  facet normal 0 -0 1
    outer loop
      vertex -6.33115 2.21537 6
      vertex -6.08154 2.92871 6
      vertex -6.35397 2.271 6
    endloop
  endfacet
  facet normal 0 0 1
    outer loop
      vertex -2.43425 -1.53583 6
      vertex -5.67945 -3.56863 6
      vertex -5.27736 -4.20856 6
    endloop
  endfacet
  facet normal 0 0 1
    outer loop
      vertex -5.27736 -4.20856 6
      vertex -5.67945 -3.56863 6
      vertex -5.68932 -3.62795 6
    endloop
  endfacet
  facet normal 0 0 1
    outer loop
      vertex -5.67945 -3.56863 6
      vertex -6.08154 -2.92871 6
      vertex -5.73718 -3.55179 6
    endloop
  endfacet
  facet normal 0 0 1
    outer loop
      vertex -6.08154 -2.92871 6
      vertex -6.33115 -2.21537 6
      vertex -6.35397 -2.271 6
    endloop
  endfacet
  facet normal 0 0 1
    outer loop
      vertex -6.33115 -2.21537 6
      vertex -6.58076 -1.50202 6
      vertex -6.38368 -2.1861 6
    endloop
  endfacet
  facet normal 0 0 1
    outer loop
      vertex -6.58076 -1.50202 6
      vertex -6.66538 -0.751008 6
      vertex -6.70001 -0.80017 6
    endloop
  endfacet
  facet normal 0 -0 1
    outer loop
      vertex 4.20856 -5.27736 6
      vertex 4.74296 -4.74296 6
      vertex 1.64331 -1.94279 6
    endloop
  endfacet
  facet normal 0 0 1
    outer loop
      vertex 4.74296 -4.74296 6
      vertex 4.20856 -5.27736 6
      vertex 4.73938 -4.80299 6
    endloop
  endfacet
  facet normal 0 0 1
    outer loop
      vertex 4.20856 -5.27736 6
      vertex 3.56863 -5.67945 6
      vertex 3.62795 -5.68932 6
    endloop
  endfacet
  facet normal -0 0 1
    outer loop
      vertex 1.3 -2.25167 6
      vertex 4.20856 -5.27736 6
      vertex 1.64331 -1.94279 6
    endloop
  endfacet
  facet normal 0 0 1
    outer loop
      vertex 4.20856 -5.27736 6
      vertex 1.3 -2.25167 6
      vertex 3.56863 -5.67945 6
    endloop
  endfacet
  facet normal 0 -0 1
    outer loop
      vertex 2.92871 -6.08154 6
      vertex 3.56863 -5.67945 6
      vertex 1.3 -2.25167 6
    endloop
  endfacet
  facet normal 0 0 1
    outer loop
      vertex 3.56863 -5.67945 6
      vertex 2.92871 -6.08154 6
      vertex 3.55179 -5.73718 6
    endloop
  endfacet
  facet normal 0 0 1
    outer loop
      vertex 2.92871 -6.08154 6
      vertex 2.21537 -6.33115 6
      vertex 2.271 -6.35397 6
    endloop
  endfacet
  facet normal -0 0 1
    outer loop
      vertex 1.04598 -2.37639 6
      vertex 2.92871 -6.08154 6
      vertex 1.3 -2.25167 6
    endloop
  endfacet
  facet normal 0 0 1
    outer loop
      vertex 2.92871 -6.08154 6
      vertex 1.04598 -2.37639 6
      vertex 2.21537 -6.33115 6
    endloop
  endfacet
  facet normal -0 0 1
    outer loop
      vertex 0.68587 -2.5597 6
      vertex 2.21537 -6.33115 6
      vertex 1.04598 -2.37639 6
    endloop
  endfacet
  facet normal 0 -0 1
    outer loop
      vertex 1.50202 -6.58076 6
      vertex 2.21537 -6.33115 6
      vertex 0.68587 -2.5597 6
    endloop
  endfacet
  facet normal 0 0 1
    outer loop
      vertex 2.21537 -6.33115 6
      vertex 1.50202 -6.58076 6
      vertex 2.1861 -6.38368 6
    endloop
  endfacet
  facet normal 0 0 1
    outer loop
      vertex 1.50202 -6.58076 6
      vertex 0.751008 -6.66538 6
      vertex 0.80017 -6.70001 6
    endloop
  endfacet
  facet normal 0 0 1
    outer loop
      vertex 1.50202 -6.58076 6
      vertex 0.68587 -2.5597 6
      vertex 0.751008 -6.66538 6
    endloop
  endfacet
  facet normal -0 0 1
    outer loop
      vertex 0.338817 -2.62812 6
      vertex 0.751008 -6.66538 6
      vertex 0.68587 -2.5597 6
    endloop
  endfacet
  facet normal -0 0 1
    outer loop
      vertex 0 -2.7 6
      vertex 0.751008 -6.66538 6
      vertex 0.338817 -2.62812 6
    endloop
  endfacet
  facet normal 0 0 1
    outer loop
      vertex 0 -6.75 6
      vertex 0.751008 -6.66538 6
      vertex 0 -2.7 6
    endloop
  endfacet
  facet normal 0 0 1
    outer loop
      vertex 0.751008 -6.66538 6
      vertex 0 -6.75 6
      vertex 0.710785 -6.71008 6
    endloop
  endfacet
  facet normal 0 0 1
    outer loop
      vertex -0.751008 -6.66538 6
      vertex 0 -2.7 6
      vertex -0.423521 -2.67151 6
    endloop
  endfacet
  facet normal 0 0 1
    outer loop
      vertex 0 -2.7 6
      vertex -0.751008 -6.66538 6
      vertex 0 -6.75 6
    endloop
  endfacet
  facet normal 0 0 1
    outer loop
      vertex -0.751008 -6.66538 6
      vertex -0.423521 -2.67151 6
      vertex -0.711752 -2.65629 6
    endloop
  endfacet
  facet normal 0 0 1
    outer loop
      vertex 0 -6.75 6
      vertex -0.751008 -6.66538 6
      vertex -0.710785 -6.71008 6
    endloop
  endfacet
  facet normal -0 0 1
    outer loop
      vertex -1.50202 -6.58076 6
      vertex -0.751008 -6.66538 6
      vertex -0.711752 -2.65629 6
    endloop
  endfacet
  facet normal 0 0 1
    outer loop
      vertex -2.21537 -6.33115 6
      vertex -0.711752 -2.65629 6
      vertex -1.18042 -2.49631 6
    endloop
  endfacet
  facet normal 0 0 1
    outer loop
      vertex -2.21537 -6.33115 6
      vertex -1.18042 -2.49631 6
      vertex -1.4 -2.42487 6
    endloop
  endfacet
  facet normal 0 0 1
    outer loop
      vertex -0.751008 -6.66538 6
      vertex -1.50202 -6.58076 6
      vertex -0.80017 -6.70001 6
    endloop
  endfacet
  facet normal 0 0 1
    outer loop
      vertex -3.56863 -5.67945 6
      vertex -1.4 -2.42487 6
      vertex -1.87005 -2.10963 6
    endloop
  endfacet
  facet normal 0 0 1
    outer loop
      vertex -4.20856 -5.27736 6
      vertex -1.87005 -2.10963 6
      vertex -2.01525 -2.01525 6
    endloop
  endfacet
  facet normal 0 0 1
    outer loop
      vertex -0.711752 -2.65629 6
      vertex -2.21537 -6.33115 6
      vertex -1.50202 -6.58076 6
    endloop
  endfacet
  facet normal 0 0 1
    outer loop
      vertex -1.50202 -6.58076 6
      vertex -2.21537 -6.33115 6
      vertex -2.1861 -6.38368 6
    endloop
  endfacet
  facet normal 0 0 1
    outer loop
      vertex -1.4 -2.42487 6
      vertex -2.92871 -6.08154 6
      vertex -2.21537 -6.33115 6
    endloop
  endfacet
  facet normal 0 0 1
    outer loop
      vertex -5.27736 -4.20856 6
      vertex -2.01525 -2.01525 6
      vertex -2.43425 -1.53583 6
    endloop
  endfacet
  facet normal 0 0 1
    outer loop
      vertex -5.67945 -3.56863 6
      vertex -2.43425 -1.53583 6
      vertex -2.51147 -1.45 6
    endloop
  endfacet
  facet normal 0 0 1
    outer loop
      vertex -5.67945 -3.56863 6
      vertex -2.51147 -1.45 6
      vertex -2.82329 -0.81496 6
    endloop
  endfacet
  facet normal 0 0 1
    outer loop
      vertex -5.67945 -3.56863 6
      vertex -2.82329 -0.81496 6
      vertex -2.84948 -0.763516 6
    endloop
  endfacet
  facet normal 0 0 1
    outer loop
      vertex -2.21537 -6.33115 6
      vertex -2.92871 -6.08154 6
      vertex -2.271 -6.35397 6
    endloop
  endfacet
  facet normal 0 0 1
    outer loop
      vertex -5.67945 -3.56863 6
      vertex -2.84948 -0.763516 6
      vertex -3 0 6
    endloop
  endfacet
  facet normal -0 0 1
    outer loop
      vertex -5.67945 3.56863 6
      vertex -2.43425 1.53583 6
      vertex -5.27736 4.20856 6
    endloop
  endfacet
  facet normal 0 0 1
    outer loop
      vertex -2.43425 1.53583 6
      vertex -5.67945 3.56863 6
      vertex -2.51147 1.45 6
    endloop
  endfacet
  facet normal 0 0 1
    outer loop
      vertex -1.4 -2.42487 6
      vertex -3.56863 -5.67945 6
      vertex -2.92871 -6.08154 6
    endloop
  endfacet
  facet normal 0 0 1
    outer loop
      vertex -2.92871 -6.08154 6
      vertex -3.56863 -5.67945 6
      vertex -3.55179 -5.73718 6
    endloop
  endfacet
  facet normal 0 0 1
    outer loop
      vertex -4.20856 5.27736 6
      vertex -3.56863 5.67945 6
      vertex -3.62795 5.68932 6
    endloop
  endfacet
  facet normal 0 0 1
    outer loop
      vertex -2.51147 1.45 6
      vertex -6.08154 2.92871 6
      vertex -2.82329 0.81496 6
    endloop
  endfacet
  facet normal -0 0 1
    outer loop
      vertex -6.08154 2.92871 6
      vertex -2.51147 1.45 6
      vertex -5.67945 3.56863 6
    endloop
  endfacet
  facet normal 0 0 1
    outer loop
      vertex -2.01525 -2.01525 6
      vertex -4.74296 -4.74296 6
      vertex -4.20856 -5.27736 6
    endloop
  endfacet
  facet normal 0 0 1
    outer loop
      vertex -4.74296 4.74296 6
      vertex -4.20856 5.27736 6
      vertex -4.73938 4.80299 6
    endloop
  endfacet
  facet normal 0 0 1
    outer loop
      vertex -1.87005 -2.10963 6
      vertex -4.20856 -5.27736 6
      vertex -3.56863 -5.67945 6
    endloop
  endfacet
  facet normal 0 0 1
    outer loop
      vertex -3.56863 -5.67945 6
      vertex -4.20856 -5.27736 6
      vertex -3.62795 -5.68932 6
    endloop
  endfacet
  facet normal 0 0 1
    outer loop
      vertex -4.20856 -5.27736 6
      vertex -4.74296 -4.74296 6
      vertex -4.73938 -4.80299 6
    endloop
  endfacet
  facet normal 0 0 1
    outer loop
      vertex -5.27736 4.20856 6
      vertex -4.74296 4.74296 6
      vertex -4.80299 4.73938 6
    endloop
  endfacet
  facet normal 0 0 1
    outer loop
      vertex -6.08154 2.92871 6
      vertex -5.67945 3.56863 6
      vertex -5.73718 3.55179 6
    endloop
  endfacet
  facet normal -0 0 1
    outer loop
      vertex -6.33115 2.21537 6
      vertex -2.82329 0.81496 6
      vertex -6.08154 2.92871 6
    endloop
  endfacet
  facet normal 0 0 1
    outer loop
      vertex -2.01525 -2.01525 6
      vertex -5.27736 -4.20856 6
      vertex -4.74296 -4.74296 6
    endloop
  endfacet
  facet normal 0 0 1
    outer loop
      vertex -4.74296 -4.74296 6
      vertex -5.27736 -4.20856 6
      vertex -4.80299 -4.73938 6
    endloop
  endfacet
  facet normal 0 -0 1
    outer loop
      vertex -5.67945 3.56863 6
      vertex -5.27736 4.20856 6
      vertex -5.68932 3.62795 6
    endloop
  endfacet
  facet normal -0.789145 0.134064 0.599397
    outer loop
      vertex -7.58836 1.46803 4.68103
      vertex -6.58076 1.50202 6
      vertex -7.67756 1.75235 4.5
    endloop
  endfacet
  facet normal -0.789143 0.134086 0.599394
    outer loop
      vertex -6.78704 0.820033 5.88098
      vertex -6.58076 1.50202 6
      vertex -7.58836 1.46803 4.68103
    endloop
  endfacet
  facet normal -0.789134 0.13408 0.599408
    outer loop
      vertex -6.58076 1.50202 6
      vertex -6.78704 0.820033 5.88098
      vertex -6.70001 0.80017 6
    endloop
  endfacet
  facet normal -0.799194 -0.0448853 0.599395
    outer loop
      vertex -6.75 0 6
      vertex -7.125 0 5.5
      vertex -6.71008 -0.710785 6
    endloop
  endfacet
  facet normal -0.596851 -0.533383 0.599393
    outer loop
      vertex -4.87278 -4.79504 5.88098
      vertex -5.87902 -5.01752 4.68103
      vertex -5.38936 -5.207 5
    endloop
  endfacet
  facet normal -0.739524 -0.306318 0.599394
    outer loop
      vertex -6.35397 -2.271 6
      vertex -6.4194 -3.09142 5.5
      vertex -6.08154 -2.92871 6
    endloop
  endfacet
  facet normal -0.789143 -0.134086 0.599394
    outer loop
      vertex -6.58076 -1.50202 6
      vertex -6.78704 -0.820033 5.88098
      vertex -7.58836 -1.46803 4.68103
    endloop
  endfacet
  facet normal -0.789134 -0.13408 0.599408
    outer loop
      vertex -6.78704 -0.820033 5.88098
      vertex -6.58076 -1.50202 6
      vertex -6.70001 -0.80017 6
    endloop
  endfacet
  facet normal -0.789145 -0.134064 0.599397
    outer loop
      vertex -6.58076 -1.50202 6
      vertex -7.58836 -1.46803 4.68103
      vertex -7.67756 -1.75235 4.5
    endloop
  endfacet
  facet normal -0.769171 -0.221584 0.599397
    outer loop
      vertex -6.47071 -2.20596 5.88098
      vertex -7.47383 -1.96982 4.68103
      vertex -7.11488 -2.35299 5
    endloop
  endfacet
  facet normal -0.533381 -0.596853 0.599392
    outer loop
      vertex -4.20856 -5.27736 6
      vertex -4.73938 -4.80299 6
      vertex -4.44236 -5.57055 5.5
    endloop
  endfacet
  facet normal -0.0448816 -0.799196 0.599392
    outer loop
      vertex -0.710785 -6.79935 5.88098
      vertex -0.710785 -7.46008 5
      vertex -0.257348 -7.72477 4.68103
    endloop
  endfacet
  facet normal -0.134082 -0.789142 0.599397
    outer loop
      vertex -1.50202 -6.58076 6
      vertex -1.58546 -6.94636 5.5
      vertex -0.80017 -6.70001 6
    endloop
  endfacet
  facet normal 0.134082 -0.789142 0.599397
    outer loop
      vertex 1.50202 -6.58076 6
      vertex 0.80017 -6.70001 6
      vertex 1.58546 -6.94636 5.5
    endloop
  endfacet
  facet normal 0.769171 -0.221584 0.599397
    outer loop
      vertex 7.47383 -1.96982 4.68103
      vertex 6.47071 -2.20596 5.88098
      vertex 7.11488 -2.35299 5
    endloop
  endfacet
  facet normal 0.769164 -0.221608 0.599396
    outer loop
      vertex 6.58076 -1.50202 6
      vertex 7.47383 -1.96982 4.68103
      vertex 7.67756 -1.75235 4.5
    endloop
  endfacet
  facet normal 0.769163 -0.221592 0.599404
    outer loop
      vertex 6.47071 -2.20596 5.88098
      vertex 6.58076 -1.50202 6
      vertex 6.38368 -2.1861 6
    endloop
  endfacet
  facet normal 0.76917 -0.221592 0.599395
    outer loop
      vertex 6.58076 -1.50202 6
      vertex 6.47071 -2.20596 5.88098
      vertex 7.47383 -1.96982 4.68103
    endloop
  endfacet
  facet normal 0.221594 -0.769169 0.599396
    outer loop
      vertex 2.1861 -6.38368 6
      vertex 1.50202 -6.58076 6
      vertex 1.58546 -6.94636 5.5
    endloop
  endfacet
  facet normal 0.306312 -0.73951 0.599414
    outer loop
      vertex 2.30973 -6.4344 5.88098
      vertex 2.92871 -6.08154 6
      vertex 2.271 -6.35397 6
    endloop
  endfacet
  facet normal 0.306322 -0.739521 0.599395
    outer loop
      vertex 3.11979 -7.07144 4.68103
      vertex 2.92871 -6.08154 6
      vertex 2.30973 -6.4344 5.88098
    endloop
  endfacet
  facet normal 0.30632 -0.739522 0.599395
    outer loop
      vertex 2.92871 -6.08154 6
      vertex 3.11979 -7.07144 4.68103
      vertex 3.41683 -7.09513 4.5
    endloop
  endfacet
  facet normal 0.700578 0.387191 0.599394
    outer loop
      vertex 6.4194 3.09142 5.5
      vertex 5.73718 3.55179 6
      vertex 6.08154 2.92871 6
    endloop
  endfacet
  facet normal 0.789145 0.134064 0.599397
    outer loop
      vertex 6.58076 1.50202 6
      vertex 7.58836 1.46803 4.68103
      vertex 7.67756 1.75235 4.5
    endloop
  endfacet
  facet normal 0.789143 0.134086 0.599394
    outer loop
      vertex 6.58076 1.50202 6
      vertex 6.78704 0.820033 5.88098
      vertex 7.58836 1.46803 4.68103
    endloop
  endfacet
  facet normal 0.789134 0.13408 0.599408
    outer loop
      vertex 6.78704 0.820033 5.88098
      vertex 6.58076 1.50202 6
      vertex 6.70001 0.80017 6
    endloop
  endfacet
  facet normal 0.769171 0.221584 0.599397
    outer loop
      vertex 7.11488 2.35299 5
      vertex 6.47071 2.20596 5.88098
      vertex 7.47383 1.96982 4.68103
    endloop
  endfacet
  facet normal 0.387198 0.70059 0.599375
    outer loop
      vertex 3.59052 5.8176 5.88098
      vertex 2.92871 6.08154 6
      vertex 3.55179 5.73718 6
    endloop
  endfacet
  facet normal 0.387195 0.700574 0.599396
    outer loop
      vertex 3.58352 6.84812 4.68103
      vertex 2.92871 6.08154 6
      vertex 3.59052 5.8176 5.88098
    endloop
  endfacet
  facet normal 0.387191 0.700577 0.599396
    outer loop
      vertex 2.92871 6.08154 6
      vertex 3.58352 6.84812 4.68103
      vertex 3.41683 7.09513 4.5
    endloop
  endfacet
  facet normal 0.306318 0.739524 0.599394
    outer loop
      vertex 2.59641 7.0297 5
      vertex 2.30973 6.4344 5.88098
      vertex 3.11979 7.07144 4.68103
    endloop
  endfacet
  facet normal -0.769171 0.221584 0.599397
    outer loop
      vertex -7.11488 2.35299 5
      vertex -7.47383 1.96982 4.68103
      vertex -6.47071 2.20596 5.88098
    endloop
  endfacet
  facet normal -0.652826 0.463191 0.599393
    outer loop
      vertex -6.19993 4.61511 4.68103
      vertex -6.27569 4.09557 5
      vertex -5.75911 3.68361 5.88098
    endloop
  endfacet
  facet normal -0.596845 0.533374 0.599407
    outer loop
      vertex -4.87278 4.79504 5.88098
      vertex -5.27736 4.20856 6
      vertex -4.80299 4.73938 6
    endloop
  endfacet
  facet normal -0.596854 0.533377 0.599395
    outer loop
      vertex -5.87902 5.01752 4.68103
      vertex -5.27736 4.20856 6
      vertex -4.87278 4.79504 5.88098
    endloop
  endfacet
  facet normal -0.596859 0.533372 0.599394
    outer loop
      vertex -5.27736 4.20856 6
      vertex -5.87902 5.01752 4.68103
      vertex -6.15692 4.90998 4.5
    endloop
  endfacet
  facet normal -0.0448816 0.799196 0.599392
    outer loop
      vertex -0.257348 7.72477 4.68103
      vertex -0.710785 7.46008 5
      vertex -0.710785 6.79935 5.88098
    endloop
  endfacet
  facet normal -0.221594 0.769169 0.599396
    outer loop
      vertex -1.58546 6.94636 5.5
      vertex -2.1861 6.38368 6
      vertex -1.50202 6.58076 6
    endloop
  endfacet
  facet normal -0.134082 0.789142 0.599397
    outer loop
      vertex -0.80017 6.70001 6
      vertex -1.58546 6.94636 5.5
      vertex -1.50202 6.58076 6
    endloop
  endfacet
  facet normal -0.306312 0.73951 0.599414
    outer loop
      vertex -2.30973 6.4344 5.88098
      vertex -2.92871 6.08154 6
      vertex -2.271 6.35397 6
    endloop
  endfacet
  facet normal -0.306322 0.739521 0.599395
    outer loop
      vertex -3.11979 7.07144 4.68103
      vertex -2.92871 6.08154 6
      vertex -2.30973 6.4344 5.88098
    endloop
  endfacet
  facet normal -0.30632 0.739522 0.599395
    outer loop
      vertex -2.92871 6.08154 6
      vertex -3.11979 7.07144 4.68103
      vertex -3.41683 7.09513 4.5
    endloop
  endfacet
  facet normal -0.700578 -0.387191 0.599394
    outer loop
      vertex -6.08154 -2.92871 6
      vertex -6.4194 -3.09142 5.5
      vertex -5.73718 -3.55179 6
    endloop
  endfacet
  facet normal -0.789141 -0.134092 0.599396
    outer loop
      vertex -7.43121 -0.96706 5
      vertex -7.58836 -1.46803 4.68103
      vertex -6.78704 -0.820033 5.88098
    endloop
  endfacet
  facet normal -0.387198 -0.70059 0.599375
    outer loop
      vertex -3.59052 -5.8176 5.88098
      vertex -2.92871 -6.08154 6
      vertex -3.55179 -5.73718 6
    endloop
  endfacet
  facet normal -0.387195 -0.700574 0.599396
    outer loop
      vertex -3.58352 -6.84812 4.68103
      vertex -2.92871 -6.08154 6
      vertex -3.59052 -5.8176 5.88098
    endloop
  endfacet
  facet normal -0.387191 -0.700577 0.599396
    outer loop
      vertex -2.92871 -6.08154 6
      vertex -3.58352 -6.84812 4.68103
      vertex -3.41683 -7.09513 4.5
    endloop
  endfacet
  facet normal -0.306318 -0.739524 0.599394
    outer loop
      vertex -2.30973 -6.4344 5.88098
      vertex -3.11979 -7.07144 4.68103
      vertex -2.59641 -7.0297 5
    endloop
  endfacet
  facet normal 0.789134 -0.13408 0.599408
    outer loop
      vertex 6.58076 -1.50202 6
      vertex 6.78704 -0.820033 5.88098
      vertex 6.70001 -0.80017 6
    endloop
  endfacet
  facet normal 0.789143 -0.134086 0.599394
    outer loop
      vertex 6.78704 -0.820033 5.88098
      vertex 6.58076 -1.50202 6
      vertex 7.58836 -1.46803 4.68103
    endloop
  endfacet
  facet normal 0.789145 -0.134064 0.599397
    outer loop
      vertex 7.58836 -1.46803 4.68103
      vertex 6.58076 -1.50202 6
      vertex 7.67756 -1.75235 4.5
    endloop
  endfacet
  facet normal 0.0448844 -0.799178 0.599417
    outer loop
      vertex 0 -6.75 6
      vertex 0.710785 -6.79935 5.88098
      vertex 0.710785 -6.71008 6
    endloop
  endfacet
  facet normal 0.0448792 -0.799196 0.599393
    outer loop
      vertex 0 -6.75 6
      vertex 0.257348 -7.72477 4.68103
      vertex 0.710785 -6.79935 5.88098
    endloop
  endfacet
  facet normal 0.0448977 -0.799193 0.599395
    outer loop
      vertex 0.257348 -7.72477 4.68103
      vertex 0 -6.75 6
      vertex 0 -7.875 4.5
    endloop
  endfacet
  facet normal 0.387198 -0.70059 0.599375
    outer loop
      vertex 2.92871 -6.08154 6
      vertex 3.59052 -5.8176 5.88098
      vertex 3.55179 -5.73718 6
    endloop
  endfacet
  facet normal 0.387195 -0.700574 0.599396
    outer loop
      vertex 2.92871 -6.08154 6
      vertex 3.58352 -6.84812 4.68103
      vertex 3.59052 -5.8176 5.88098
    endloop
  endfacet
  facet normal 0.387191 -0.700577 0.599396
    outer loop
      vertex 3.58352 -6.84812 4.68103
      vertex 2.92871 -6.08154 6
      vertex 3.41683 -7.09513 4.5
    endloop
  endfacet
  facet normal 0.700578 -0.387191 0.599394
    outer loop
      vertex 6.08154 -2.92871 6
      vertex 5.73718 -3.55179 6
      vertex 6.4194 -3.09142 5.5
    endloop
  endfacet
  facet normal 0.652826 -0.463191 0.599393
    outer loop
      vertex 6.27569 -4.09557 5
      vertex 5.75911 -3.68361 5.88098
      vertex 6.19993 -4.61511 4.68103
    endloop
  endfacet
  facet normal 0.596859 -0.533372 0.599394
    outer loop
      vertex 5.27736 -4.20856 6
      vertex 5.87902 -5.01752 4.68103
      vertex 6.15692 -4.90998 4.5
    endloop
  endfacet
  facet normal 0.596854 -0.533377 0.599395
    outer loop
      vertex 5.27736 -4.20856 6
      vertex 4.87278 -4.79504 5.88098
      vertex 5.87902 -5.01752 4.68103
    endloop
  endfacet
  facet normal 0.596845 -0.533374 0.599407
    outer loop
      vertex 4.87278 -4.79504 5.88098
      vertex 5.27736 -4.20856 6
      vertex 4.80299 -4.73938 6
    endloop
  endfacet
  facet normal 0.652814 0.463207 0.599394
    outer loop
      vertex 5.27736 4.20856 6
      vertex 6.19993 4.61511 4.68103
      vertex 6.15692 4.90998 4.5
    endloop
  endfacet
  facet normal 0.652819 0.463198 0.599395
    outer loop
      vertex 5.27736 4.20856 6
      vertex 5.75911 3.68361 5.88098
      vertex 6.19993 4.61511 4.68103
    endloop
  endfacet
  facet normal 0.652815 0.463191 0.599405
    outer loop
      vertex 5.75911 3.68361 5.88098
      vertex 5.27736 4.20856 6
      vertex 5.68932 3.62795 6
    endloop
  endfacet
  facet normal 0.596859 0.533372 0.599394
    outer loop
      vertex 5.87902 5.01752 4.68103
      vertex 5.27736 4.20856 6
      vertex 6.15692 4.90998 4.5
    endloop
  endfacet
  facet normal 0.596854 0.533377 0.599395
    outer loop
      vertex 4.87278 4.79504 5.88098
      vertex 5.27736 4.20856 6
      vertex 5.87902 5.01752 4.68103
    endloop
  endfacet
  facet normal 0.596845 0.533374 0.599407
    outer loop
      vertex 5.27736 4.20856 6
      vertex 4.87278 4.79504 5.88098
      vertex 4.80299 4.73938 6
    endloop
  endfacet
  facet normal 0.463197 0.652822 0.599393
    outer loop
      vertex 4.44236 5.57055 5.5
      vertex 3.62795 5.68932 6
      vertex 4.20856 5.27736 6
    endloop
  endfacet
  facet normal 0.306312 0.73951 0.599414
    outer loop
      vertex 2.92871 6.08154 6
      vertex 2.30973 6.4344 5.88098
      vertex 2.271 6.35397 6
    endloop
  endfacet
  facet normal 0.306322 0.739521 0.599395
    outer loop
      vertex 2.92871 6.08154 6
      vertex 3.11979 7.07144 4.68103
      vertex 2.30973 6.4344 5.88098
    endloop
  endfacet
  facet normal 0.30632 0.739522 0.599395
    outer loop
      vertex 3.11979 7.07144 4.68103
      vertex 2.92871 6.08154 6
      vertex 3.41683 7.09513 4.5
    endloop
  endfacet
  facet normal -0.739524 0.306318 0.599394
    outer loop
      vertex -6.08154 2.92871 6
      vertex -6.4194 3.09142 5.5
      vertex -6.35397 2.271 6
    endloop
  endfacet
  facet normal -0.652814 0.463207 0.599394
    outer loop
      vertex -6.19993 4.61511 4.68103
      vertex -5.27736 4.20856 6
      vertex -6.15692 4.90998 4.5
    endloop
  endfacet
  facet normal -0.652819 0.463198 0.599395
    outer loop
      vertex -5.75911 3.68361 5.88098
      vertex -5.27736 4.20856 6
      vertex -6.19993 4.61511 4.68103
    endloop
  endfacet
  facet normal -0.652815 0.463191 0.599405
    outer loop
      vertex -5.27736 4.20856 6
      vertex -5.75911 3.68361 5.88098
      vertex -5.68932 3.62795 6
    endloop
  endfacet
  facet normal -0.0448844 0.799178 0.599417
    outer loop
      vertex 0 6.75 6
      vertex -0.710785 6.79935 5.88098
      vertex -0.710785 6.71008 6
    endloop
  endfacet
  facet normal -0.0448792 0.799196 0.599393
    outer loop
      vertex 0 6.75 6
      vertex -0.257348 7.72477 4.68103
      vertex -0.710785 6.79935 5.88098
    endloop
  endfacet
  facet normal -0.0448977 0.799193 0.599395
    outer loop
      vertex -0.257348 7.72477 4.68103
      vertex 0 6.75 6
      vertex 0 7.875 4.5
    endloop
  endfacet
  facet normal -0.463197 0.652822 0.599393
    outer loop
      vertex -3.62795 5.68932 6
      vertex -4.44236 5.57055 5.5
      vertex -4.20856 5.27736 6
    endloop
  endfacet
  facet normal -0.533381 0.596853 0.599392
    outer loop
      vertex -4.44236 5.57055 5.5
      vertex -4.73938 4.80299 6
      vertex -4.20856 5.27736 6
    endloop
  endfacet
  facet normal -0.652815 -0.463191 0.599405
    outer loop
      vertex -5.75911 -3.68361 5.88098
      vertex -5.27736 -4.20856 6
      vertex -5.68932 -3.62795 6
    endloop
  endfacet
  facet normal -0.652819 -0.463198 0.599395
    outer loop
      vertex -6.19993 -4.61511 4.68103
      vertex -5.27736 -4.20856 6
      vertex -5.75911 -3.68361 5.88098
    endloop
  endfacet
  facet normal -0.652814 -0.463207 0.599394
    outer loop
      vertex -5.27736 -4.20856 6
      vertex -6.19993 -4.61511 4.68103
      vertex -6.15692 -4.90998 4.5
    endloop
  endfacet
  facet normal -0.596845 -0.533374 0.599407
    outer loop
      vertex -5.27736 -4.20856 6
      vertex -4.87278 -4.79504 5.88098
      vertex -4.80299 -4.73938 6
    endloop
  endfacet
  facet normal -0.596854 -0.533377 0.599395
    outer loop
      vertex -5.27736 -4.20856 6
      vertex -5.87902 -5.01752 4.68103
      vertex -4.87278 -4.79504 5.88098
    endloop
  endfacet
  facet normal -0.596859 -0.533372 0.599394
    outer loop
      vertex -5.87902 -5.01752 4.68103
      vertex -5.27736 -4.20856 6
      vertex -6.15692 -4.90998 4.5
    endloop
  endfacet
  facet normal -0.463197 -0.652822 0.599393
    outer loop
      vertex -4.20856 -5.27736 6
      vertex -4.44236 -5.57055 5.5
      vertex -3.62795 -5.68932 6
    endloop
  endfacet
  facet normal -0.306312 -0.73951 0.599414
    outer loop
      vertex -2.92871 -6.08154 6
      vertex -2.30973 -6.4344 5.88098
      vertex -2.271 -6.35397 6
    endloop
  endfacet
  facet normal -0.306322 -0.739521 0.599395
    outer loop
      vertex -2.92871 -6.08154 6
      vertex -3.11979 -7.07144 4.68103
      vertex -2.30973 -6.4344 5.88098
    endloop
  endfacet
  facet normal -0.30632 -0.739522 0.599395
    outer loop
      vertex -3.11979 -7.07144 4.68103
      vertex -2.92871 -6.08154 6
      vertex -3.41683 -7.09513 4.5
    endloop
  endfacet
  facet normal 0.463197 -0.652822 0.599393
    outer loop
      vertex 4.20856 -5.27736 6
      vertex 3.62795 -5.68932 6
      vertex 4.44236 -5.57055 5.5
    endloop
  endfacet
  facet normal 0.533381 -0.596853 0.599392
    outer loop
      vertex 4.73938 -4.80299 6
      vertex 4.20856 -5.27736 6
      vertex 4.44236 -5.57055 5.5
    endloop
  endfacet
  facet normal 0.652815 -0.463191 0.599405
    outer loop
      vertex 5.27736 -4.20856 6
      vertex 5.75911 -3.68361 5.88098
      vertex 5.68932 -3.62795 6
    endloop
  endfacet
  facet normal 0.652819 -0.463198 0.599395
    outer loop
      vertex 5.27736 -4.20856 6
      vertex 6.19993 -4.61511 4.68103
      vertex 5.75911 -3.68361 5.88098
    endloop
  endfacet
  facet normal 0.652814 -0.463207 0.599394
    outer loop
      vertex 6.19993 -4.61511 4.68103
      vertex 5.27736 -4.20856 6
      vertex 6.15692 -4.90998 4.5
    endloop
  endfacet
  facet normal 0.221594 0.769169 0.599396
    outer loop
      vertex 1.58546 6.94636 5.5
      vertex 1.50202 6.58076 6
      vertex 2.1861 6.38368 6
    endloop
  endfacet
  facet normal -0.76917 0.221592 0.599395
    outer loop
      vertex -6.58076 1.50202 6
      vertex -6.47071 2.20596 5.88098
      vertex -7.47383 1.96982 4.68103
    endloop
  endfacet
  facet normal -0.769164 0.221608 0.599396
    outer loop
      vertex -6.58076 1.50202 6
      vertex -7.47383 1.96982 4.68103
      vertex -7.67756 1.75235 4.5
    endloop
  endfacet
  facet normal -0.769163 0.221592 0.599404
    outer loop
      vertex -6.47071 2.20596 5.88098
      vertex -6.58076 1.50202 6
      vertex -6.38368 2.1861 6
    endloop
  endfacet
  facet normal -0.221594 -0.769169 0.599396
    outer loop
      vertex -1.50202 -6.58076 6
      vertex -2.1861 -6.38368 6
      vertex -1.58546 -6.94636 5.5
    endloop
  endfacet
  facet normal 0.597888 0.664436 0.448391
    outer loop
      vertex 6.66538 0.751008 0
      vertex 7.125 0 0.5
      vertex 6.71008 0.710785 0
    endloop
  endfacet
  facet normal 0.597875 0.664438 0.448406
    outer loop
      vertex 7.125 0 0.5
      vertex 6.66538 0.751008 0
      vertex 6.75 0 1
    endloop
  endfacet
  facet normal 0.826959 -0.339227 0.448401
    outer loop
      vertex 6.08154 2.92871 1
      vertex 6.35397 2.271 0
      vertex 6.4194 3.09142 0.5
    endloop
  endfacet
  facet normal 0.826959 -0.339227 0.448401
    outer loop
      vertex 6.35397 2.271 0
      vertex 6.08154 2.92871 1
      vertex 6.33115 2.21537 0
    endloop
  endfacet
  facet normal 0.826956 -0.33923 -0.448404
    outer loop
      vertex 7.43299 3.57954 3
      vertex 6.58076 1.50202 3
      vertex 6.08154 2.92871 1
    endloop
  endfacet
  facet normal 0.597875 0.664437 -0.448407
    outer loop
      vertex 8.25 0 3
      vertex 6.75 0 1
      vertex 6.58076 1.50202 3
    endloop
  endfacet
  facet normal 0.73073 -0.51473 -0.448427
    outer loop
      vertex 6.78704 0.820033 0.119019
      vertex 6.66538 0.751008 0
      vertex 6.70001 0.80017 0
    endloop
  endfacet
  facet normal 0.730736 -0.51474 -0.448406
    outer loop
      vertex 6.75 0 1
      vertex 6.78704 0.820033 0.119019
      vertex 7.43121 0.96706 1
    endloop
  endfacet
  facet normal 0.730726 -0.514747 -0.448413
    outer loop
      vertex 6.78704 0.820033 0.119019
      vertex 6.75 0 1
      vertex 6.66538 0.751008 0
    endloop
  endfacet
  facet normal 0.43503 0.78082 -0.448407
    outer loop
      vertex 6.47071 2.20596 0.119021
      vertex 6.08154 2.92871 1
      vertex 7.11488 2.35299 1
    endloop
  endfacet
  facet normal 0.435065 0.780798 -0.448411
    outer loop
      vertex 6.33115 2.21537 0
      vertex 6.47071 2.20596 0.119021
      vertex 6.38368 2.1861 0
    endloop
  endfacet
  facet normal 0.435051 0.780816 -0.448394
    outer loop
      vertex 6.47071 2.20596 0.119021
      vertex 6.33115 2.21537 0
      vertex 6.08154 2.92871 1
    endloop
  endfacet
  facet normal 0.435035 0.780818 0.448406
    outer loop
      vertex 7.47383 1.96982 1.31897
      vertex 6.58076 1.50202 3
      vertex 7.67756 1.75235 1.5
    endloop
  endfacet
  facet normal 0.435038 0.780816 0.448407
    outer loop
      vertex 7.11488 2.35299 1
      vertex 6.58076 1.50202 3
      vertex 7.47383 1.96982 1.31897
    endloop
  endfacet
  facet normal 0.43503 0.78082 0.448406
    outer loop
      vertex 6.58076 1.50202 3
      vertex 7.11488 2.35299 1
      vertex 6.08154 2.92871 1
    endloop
  endfacet
  facet normal 0.730728 -0.514755 0.448402
    outer loop
      vertex 6.58076 1.50202 3
      vertex 7.58836 1.46803 1.31897
      vertex 7.67756 1.75235 1.5
    endloop
  endfacet
  facet normal 0.73074 -0.514731 0.448409
    outer loop
      vertex 6.58076 1.50202 3
      vertex 7.43121 0.96706 1
      vertex 7.58836 1.46803 1.31897
    endloop
  endfacet
  facet normal 0.730735 -0.514739 0.448409
    outer loop
      vertex 7.43121 0.96706 1
      vertex 6.58076 1.50202 3
      vertex 6.75 0 1
    endloop
  endfacet
  facet normal 0.250378 0.858044 0.44841
    outer loop
      vertex 5.73718 3.55179 0
      vertex 6.08154 2.92871 1
      vertex 6.4194 3.09142 0.5
    endloop
  endfacet
  facet normal 0.250296 0.858051 0.448442
    outer loop
      vertex 6.08154 2.92871 1
      vertex 5.73718 3.55179 0
      vertex 5.67945 3.56863 0
    endloop
  endfacet
  facet normal 0.89225 0.0531775 0.448399
    outer loop
      vertex 4.20856 5.27736 1
      vertex 4.73938 4.80299 0
      vertex 4.44236 5.57055 0.5
    endloop
  endfacet
  facet normal 0.892255 0.0532113 0.448385
    outer loop
      vertex 4.73938 4.80299 0
      vertex 4.20856 5.27736 1
      vertex 4.74296 4.74296 0
    endloop
  endfacet
  facet normal 0.892248 0.0531675 -0.448405
    outer loop
      vertex 5.14379 6.45011 3
      vertex 5.27736 4.20856 3
      vertex 4.20856 5.27736 1
    endloop
  endfacet
  facet normal 0.25038 0.858044 -0.448409
    outer loop
      vertex 7.43299 3.57954 3
      vertex 6.08154 2.92871 1
      vertex 5.27736 4.20856 3
    endloop
  endfacet
  facet normal 0.881713 -0.146704 -0.448398
    outer loop
      vertex 5.75911 3.68361 0.119022
      vertex 5.67945 3.56863 0
      vertex 5.68932 3.62795 0
    endloop
  endfacet
  facet normal 0.881708 -0.146705 -0.448407
    outer loop
      vertex 6.08154 2.92871 1
      vertex 5.75911 3.68361 0.119022
      vertex 6.27569 4.09557 1
    endloop
  endfacet
  facet normal 0.881711 -0.146698 -0.448402
    outer loop
      vertex 5.75911 3.68361 0.119022
      vertex 6.08154 2.92871 1
      vertex 5.67945 3.56863 0
    endloop
  endfacet
  facet normal 0.0531661 0.892248 -0.448405
    outer loop
      vertex 4.87278 4.79504 0.119021
      vertex 4.20856 5.27736 1
      vertex 5.38936 5.207 1
    endloop
  endfacet
  facet normal 0.0532094 0.892224 -0.448448
    outer loop
      vertex 4.74296 4.74296 0
      vertex 4.87278 4.79504 0.119021
      vertex 4.80299 4.73938 0
    endloop
  endfacet
  facet normal 0.0531627 0.892247 -0.448407
    outer loop
      vertex 4.87278 4.79504 0.119021
      vertex 4.74296 4.74296 0
      vertex 4.20856 5.27736 1
    endloop
  endfacet
  facet normal 0.0531744 0.892247 0.448407
    outer loop
      vertex 5.87902 5.01752 1.31897
      vertex 5.27736 4.20856 3
      vertex 6.15692 4.90998 1.5
    endloop
  endfacet
  facet normal 0.05317 0.892248 0.448405
    outer loop
      vertex 5.38936 5.207 1
      vertex 5.27736 4.20856 3
      vertex 5.87902 5.01752 1.31897
    endloop
  endfacet
  facet normal 0.0531661 0.892248 0.448405
    outer loop
      vertex 5.27736 4.20856 3
      vertex 5.38936 5.207 1
      vertex 4.20856 5.27736 1
    endloop
  endfacet
  facet normal 0.881706 -0.14669 0.448415
    outer loop
      vertex 5.27736 4.20856 3
      vertex 6.19993 4.61511 1.31897
      vertex 6.15692 4.90998 1.5
    endloop
  endfacet
  facet normal 0.881705 -0.146726 0.448406
    outer loop
      vertex 5.27736 4.20856 3
      vertex 6.27569 4.09557 1
      vertex 6.19993 4.61511 1.31897
    endloop
  endfacet
  facet normal 0.881708 -0.146705 0.448406
    outer loop
      vertex 6.27569 4.09557 1
      vertex 5.27736 4.20856 3
      vertex 6.08154 2.92871 1
    endloop
  endfacet
  facet normal -0.146714 0.881705 0.448411
    outer loop
      vertex 3.62795 5.68932 0
      vertex 4.20856 5.27736 1
      vertex 4.44236 5.57055 0.5
    endloop
  endfacet
  facet normal -0.146704 0.881708 0.448406
    outer loop
      vertex 4.20856 5.27736 1
      vertex 3.62795 5.68932 0
      vertex 3.56863 5.67945 0
    endloop
  endfacet
  facet normal 0.780817 0.435039 0.448404
    outer loop
      vertex 1.50202 6.58076 1
      vertex 2.1861 6.38368 0
      vertex 1.58546 6.94636 0.5
    endloop
  endfacet
  facet normal 0.780807 0.43507 0.448391
    outer loop
      vertex 2.1861 6.38368 0
      vertex 1.50202 6.58076 1
      vertex 2.21537 6.33115 0
    endloop
  endfacet
  facet normal 0.780819 0.435033 -0.448405
    outer loop
      vertex 1.8358 8.04315 3
      vertex 2.92871 6.08154 3
      vertex 1.50202 6.58076 1
    endloop
  endfacet
  facet normal -0.146708 0.881707 -0.448408
    outer loop
      vertex 5.14379 6.45011 3
      vertex 4.20856 5.27736 1
      vertex 2.92871 6.08154 3
    endloop
  endfacet
  facet normal 0.858094 0.250308 -0.448352
    outer loop
      vertex 3.59052 5.8176 0.119022
      vertex 3.56863 5.67945 0
      vertex 3.55179 5.73718 0
    endloop
  endfacet
  facet normal 0.858043 0.250384 -0.448408
    outer loop
      vertex 4.20856 5.27736 1
      vertex 3.59052 5.8176 0.119022
      vertex 3.8772 6.4129 1
    endloop
  endfacet
  facet normal 0.858043 0.250371 -0.448416
    outer loop
      vertex 3.59052 5.8176 0.119022
      vertex 4.20856 5.27736 1
      vertex 3.56863 5.67945 0
    endloop
  endfacet
  facet normal -0.339233 0.826955 -0.448405
    outer loop
      vertex 2.30973 6.4344 0.119021
      vertex 1.50202 6.58076 1
      vertex 2.59641 7.0297 1
    endloop
  endfacet
  facet normal -0.339221 0.826944 -0.448434
    outer loop
      vertex 2.21537 6.33115 0
      vertex 2.30973 6.4344 0.119021
      vertex 2.271 6.35397 0
    endloop
  endfacet
  facet normal -0.339246 0.826944 -0.448415
    outer loop
      vertex 2.30973 6.4344 0.119021
      vertex 2.21537 6.33115 0
      vertex 1.50202 6.58076 1
    endloop
  endfacet
  facet normal -0.339232 0.826955 0.448405
    outer loop
      vertex 3.11979 7.07144 1.31897
      vertex 2.92871 6.08154 3
      vertex 3.41683 7.09513 1.5
    endloop
  endfacet
  facet normal -0.339228 0.826956 0.448406
    outer loop
      vertex 2.59641 7.0297 1
      vertex 2.92871 6.08154 3
      vertex 3.11979 7.07144 1.31897
    endloop
  endfacet
  facet normal -0.339233 0.826954 0.448406
    outer loop
      vertex 2.92871 6.08154 3
      vertex 2.59641 7.0297 1
      vertex 1.50202 6.58076 1
    endloop
  endfacet
  facet normal 0.858037 0.250394 0.448414
    outer loop
      vertex 2.92871 6.08154 3
      vertex 3.58352 6.84812 1.31897
      vertex 3.41683 7.09513 1.5
    endloop
  endfacet
  facet normal 0.85805 0.250365 0.448406
    outer loop
      vertex 2.92871 6.08154 3
      vertex 3.8772 6.4129 1
      vertex 3.58352 6.84812 1.31897
    endloop
  endfacet
  facet normal 0.858044 0.250384 0.448407
    outer loop
      vertex 3.8772 6.4129 1
      vertex 2.92871 6.08154 3
      vertex 4.20856 5.27736 1
    endloop
  endfacet
  facet normal -0.514741 0.730732 0.448411
    outer loop
      vertex 0.80017 6.70001 0
      vertex 1.50202 6.58076 1
      vertex 1.58546 6.94636 0.5
    endloop
  endfacet
  facet normal -0.514736 0.730738 0.448408
    outer loop
      vertex 1.50202 6.58076 1
      vertex 0.80017 6.70001 0
      vertex 0.751008 6.66538 0
    endloop
  endfacet
  facet normal 0.514736 0.730738 0.448408
    outer loop
      vertex -0.80017 6.70001 0
      vertex -1.50202 6.58076 1
      vertex -0.751008 6.66538 0
    endloop
  endfacet
  facet normal 0.514741 0.730732 0.448411
    outer loop
      vertex -1.50202 6.58076 1
      vertex -0.80017 6.70001 0
      vertex -1.58546 6.94636 0.5
    endloop
  endfacet
  facet normal 0.514736 0.730738 -0.448407
    outer loop
      vertex 0 6.75 3
      vertex -1.50202 6.58076 1
      vertex -1.8358 8.04315 3
    endloop
  endfacet
  facet normal -0.514736 0.730738 -0.448407
    outer loop
      vertex 1.8358 8.04315 3
      vertex 1.50202 6.58076 1
      vertex 0 6.75 3
    endloop
  endfacet
  facet normal 0.664437 0.597877 -0.448405
    outer loop
      vertex 1.50202 6.58076 1
      vertex 0.710785 6.79935 0.11902
      vertex 0.710785 7.46008 1
    endloop
  endfacet
  facet normal 0.664442 0.597865 -0.448413
    outer loop
      vertex 0.751008 6.66538 0
      vertex 0.710785 6.79935 0.11902
      vertex 1.50202 6.58076 1
    endloop
  endfacet
  facet normal 0.664421 0.597875 -0.448431
    outer loop
      vertex 0.710785 6.79935 0.11902
      vertex 0.751008 6.66538 0
      vertex 0.710785 6.71008 0
    endloop
  endfacet
  facet normal -0.664421 0.597875 -0.448431
    outer loop
      vertex -0.751008 6.66538 0
      vertex -0.710785 6.79935 0.11902
      vertex -0.710785 6.71008 0
    endloop
  endfacet
  facet normal -0.664442 0.597865 -0.448413
    outer loop
      vertex -0.710785 6.79935 0.11902
      vertex -0.751008 6.66538 0
      vertex -1.50202 6.58076 1
    endloop
  endfacet
  facet normal -0.664437 0.597877 -0.448405
    outer loop
      vertex -0.710785 6.79935 0.11902
      vertex -1.50202 6.58076 1
      vertex -0.710785 7.46008 1
    endloop
  endfacet
  facet normal -0.664436 0.597877 0.448406
    outer loop
      vertex -1.50202 6.58076 1
      vertex -0.257348 7.72477 1.31897
      vertex -0.710785 7.46008 1
    endloop
  endfacet
  facet normal -0.664436 0.597877 0.448406
    outer loop
      vertex 0 6.75 3
      vertex -0.257348 7.72477 1.31897
      vertex -1.50202 6.58076 1
    endloop
  endfacet
  facet normal -0.664442 0.597872 0.448404
    outer loop
      vertex -0.257348 7.72477 1.31897
      vertex 0 6.75 3
      vertex 0 7.875 1.5
    endloop
  endfacet
  facet normal 0.664442 0.597872 0.448404
    outer loop
      vertex 0 6.75 3
      vertex 0.257348 7.72477 1.31897
      vertex 0 7.875 1.5
    endloop
  endfacet
  facet normal 0.664436 0.597877 0.448406
    outer loop
      vertex 0.257348 7.72477 1.31897
      vertex 0 6.75 3
      vertex 1.50202 6.58076 1
    endloop
  endfacet
  facet normal 0.664436 0.597877 0.448406
    outer loop
      vertex 0.257348 7.72477 1.31897
      vertex 1.50202 6.58076 1
      vertex 0.710785 7.46008 1
    endloop
  endfacet
  facet normal -0.780817 0.435039 0.448404
    outer loop
      vertex -2.1861 6.38368 0
      vertex -1.50202 6.58076 1
      vertex -1.58546 6.94636 0.5
    endloop
  endfacet
  facet normal -0.780807 0.43507 0.448391
    outer loop
      vertex -1.50202 6.58076 1
      vertex -2.1861 6.38368 0
      vertex -2.21537 6.33115 0
    endloop
  endfacet
  facet normal 0.146704 0.881708 0.448406
    outer loop
      vertex -3.62795 5.68932 0
      vertex -4.20856 5.27736 1
      vertex -3.56863 5.67945 0
    endloop
  endfacet
  facet normal 0.146714 0.881705 0.448411
    outer loop
      vertex -4.20856 5.27736 1
      vertex -3.62795 5.68932 0
      vertex -4.44236 5.57055 0.5
    endloop
  endfacet
  facet normal 0.146708 0.881707 -0.448408
    outer loop
      vertex -2.92871 6.08154 3
      vertex -4.20856 5.27736 1
      vertex -5.14379 6.45011 3
    endloop
  endfacet
  facet normal -0.780819 0.435033 -0.448405
    outer loop
      vertex -1.8358 8.04315 3
      vertex -1.50202 6.58076 1
      vertex -2.92871 6.08154 3
    endloop
  endfacet
  facet normal 0.339233 0.826955 -0.448405
    outer loop
      vertex -1.50202 6.58076 1
      vertex -2.30973 6.4344 0.119021
      vertex -2.59641 7.0297 1
    endloop
  endfacet
  facet normal 0.339246 0.826944 -0.448415
    outer loop
      vertex -2.21537 6.33115 0
      vertex -2.30973 6.4344 0.119021
      vertex -1.50202 6.58076 1
    endloop
  endfacet
  facet normal 0.339221 0.826944 -0.448434
    outer loop
      vertex -2.30973 6.4344 0.119021
      vertex -2.21537 6.33115 0
      vertex -2.271 6.35397 0
    endloop
  endfacet
  facet normal -0.858094 0.250308 -0.448352
    outer loop
      vertex -3.56863 5.67945 0
      vertex -3.59052 5.8176 0.119022
      vertex -3.55179 5.73718 0
    endloop
  endfacet
  facet normal -0.858043 0.250371 -0.448416
    outer loop
      vertex -4.20856 5.27736 1
      vertex -3.59052 5.8176 0.119022
      vertex -3.56863 5.67945 0
    endloop
  endfacet
  facet normal -0.858043 0.250384 -0.448408
    outer loop
      vertex -3.59052 5.8176 0.119022
      vertex -4.20856 5.27736 1
      vertex -3.8772 6.4129 1
    endloop
  endfacet
  facet normal -0.858037 0.250394 0.448414
    outer loop
      vertex -3.58352 6.84812 1.31897
      vertex -2.92871 6.08154 3
      vertex -3.41683 7.09513 1.5
    endloop
  endfacet
  facet normal -0.85805 0.250365 0.448406
    outer loop
      vertex -3.8772 6.4129 1
      vertex -2.92871 6.08154 3
      vertex -3.58352 6.84812 1.31897
    endloop
  endfacet
  facet normal -0.858044 0.250384 0.448407
    outer loop
      vertex -2.92871 6.08154 3
      vertex -3.8772 6.4129 1
      vertex -4.20856 5.27736 1
    endloop
  endfacet
  facet normal 0.339232 0.826955 0.448405
    outer loop
      vertex -2.92871 6.08154 3
      vertex -3.11979 7.07144 1.31897
      vertex -3.41683 7.09513 1.5
    endloop
  endfacet
  facet normal 0.339233 0.826954 0.448406
    outer loop
      vertex -2.59641 7.0297 1
      vertex -2.92871 6.08154 3
      vertex -1.50202 6.58076 1
    endloop
  endfacet
  facet normal 0.339228 0.826956 0.448406
    outer loop
      vertex -2.92871 6.08154 3
      vertex -2.59641 7.0297 1
      vertex -3.11979 7.07144 1.31897
    endloop
  endfacet
  facet normal -0.89225 0.0531775 0.448399
    outer loop
      vertex -4.73938 4.80299 0
      vertex -4.20856 5.27736 1
      vertex -4.44236 5.57055 0.5
    endloop
  endfacet
  facet normal -0.892255 0.0532113 0.448385
    outer loop
      vertex -4.20856 5.27736 1
      vertex -4.73938 4.80299 0
      vertex -4.74296 4.74296 0
    endloop
  endfacet
  facet normal -0.250296 0.858051 0.448442
    outer loop
      vertex -5.73718 3.55179 0
      vertex -6.08154 2.92871 1
      vertex -5.67945 3.56863 0
    endloop
  endfacet
  facet normal -0.250378 0.858044 0.44841
    outer loop
      vertex -6.08154 2.92871 1
      vertex -5.73718 3.55179 0
      vertex -6.4194 3.09142 0.5
    endloop
  endfacet
  facet normal -0.25038 0.858044 -0.448409
    outer loop
      vertex -5.27736 4.20856 3
      vertex -6.08154 2.92871 1
      vertex -7.43299 3.57954 3
    endloop
  endfacet
  facet normal -0.892248 0.0531675 -0.448405
    outer loop
      vertex -5.14379 6.45011 3
      vertex -4.20856 5.27736 1
      vertex -5.27736 4.20856 3
    endloop
  endfacet
  facet normal -0.0531661 0.892248 -0.448405
    outer loop
      vertex -4.20856 5.27736 1
      vertex -4.87278 4.79504 0.119021
      vertex -5.38936 5.207 1
    endloop
  endfacet
  facet normal -0.0531627 0.892247 -0.448407
    outer loop
      vertex -4.74296 4.74296 0
      vertex -4.87278 4.79504 0.119021
      vertex -4.20856 5.27736 1
    endloop
  endfacet
  facet normal -0.0532094 0.892224 -0.448448
    outer loop
      vertex -4.87278 4.79504 0.119021
      vertex -4.74296 4.74296 0
      vertex -4.80299 4.73938 0
    endloop
  endfacet
  facet normal -0.881713 -0.146704 -0.448398
    outer loop
      vertex -5.67945 3.56863 0
      vertex -5.75911 3.68361 0.119022
      vertex -5.68932 3.62795 0
    endloop
  endfacet
  facet normal -0.881711 -0.146698 -0.448402
    outer loop
      vertex -6.08154 2.92871 1
      vertex -5.75911 3.68361 0.119022
      vertex -5.67945 3.56863 0
    endloop
  endfacet
  facet normal -0.881708 -0.146705 -0.448407
    outer loop
      vertex -5.75911 3.68361 0.119022
      vertex -6.08154 2.92871 1
      vertex -6.27569 4.09557 1
    endloop
  endfacet
  facet normal -0.881706 -0.14669 0.448415
    outer loop
      vertex -6.19993 4.61511 1.31897
      vertex -5.27736 4.20856 3
      vertex -6.15692 4.90998 1.5
    endloop
  endfacet
  facet normal -0.881705 -0.146726 0.448406
    outer loop
      vertex -6.27569 4.09557 1
      vertex -5.27736 4.20856 3
      vertex -6.19993 4.61511 1.31897
    endloop
  endfacet
  facet normal -0.881708 -0.146705 0.448406
    outer loop
      vertex -5.27736 4.20856 3
      vertex -6.27569 4.09557 1
      vertex -6.08154 2.92871 1
    endloop
  endfacet
  facet normal -0.0531744 0.892247 0.448407
    outer loop
      vertex -5.27736 4.20856 3
      vertex -5.87902 5.01752 1.31897
      vertex -6.15692 4.90998 1.5
    endloop
  endfacet
  facet normal -0.0531661 0.892248 0.448405
    outer loop
      vertex -5.38936 5.207 1
      vertex -5.27736 4.20856 3
      vertex -4.20856 5.27736 1
    endloop
  endfacet
  facet normal -0.05317 0.892248 0.448405
    outer loop
      vertex -5.27736 4.20856 3
      vertex -5.38936 5.207 1
      vertex -5.87902 5.01752 1.31897
    endloop
  endfacet
  facet normal -0.826959 -0.339227 0.448401
    outer loop
      vertex -6.35397 2.271 0
      vertex -6.08154 2.92871 1
      vertex -6.4194 3.09142 0.5
    endloop
  endfacet
  facet normal -0.826959 -0.339227 0.448401
    outer loop
      vertex -6.08154 2.92871 1
      vertex -6.35397 2.271 0
      vertex -6.33115 2.21537 0
    endloop
  endfacet
  facet normal -0.597875 0.664438 0.448406
    outer loop
      vertex -6.66538 0.751008 0
      vertex -7.125 0 0.5
      vertex -6.75 0 1
    endloop
  endfacet
  facet normal -0.597888 0.664436 0.448391
    outer loop
      vertex -7.125 0 0.5
      vertex -6.66538 0.751008 0
      vertex -6.71008 0.710785 0
    endloop
  endfacet
  facet normal -0.597875 0.664437 -0.448407
    outer loop
      vertex -6.58076 1.50202 3
      vertex -6.75 0 1
      vertex -8.25 0 3
    endloop
  endfacet
  facet normal -0.826956 -0.33923 -0.448404
    outer loop
      vertex -6.08154 2.92871 1
      vertex -6.58076 1.50202 3
      vertex -7.43299 3.57954 3
    endloop
  endfacet
  facet normal -0.43503 0.78082 -0.448407
    outer loop
      vertex -6.08154 2.92871 1
      vertex -6.47071 2.20596 0.119021
      vertex -7.11488 2.35299 1
    endloop
  endfacet
  facet normal -0.435051 0.780816 -0.448394
    outer loop
      vertex -6.33115 2.21537 0
      vertex -6.47071 2.20596 0.119021
      vertex -6.08154 2.92871 1
    endloop
  endfacet
  facet normal -0.435065 0.780798 -0.448411
    outer loop
      vertex -6.47071 2.20596 0.119021
      vertex -6.33115 2.21537 0
      vertex -6.38368 2.1861 0
    endloop
  endfacet
  facet normal -0.73073 -0.51473 -0.448427
    outer loop
      vertex -6.66538 0.751008 0
      vertex -6.78704 0.820033 0.119019
      vertex -6.70001 0.80017 0
    endloop
  endfacet
  facet normal -0.730726 -0.514747 -0.448413
    outer loop
      vertex -6.75 0 1
      vertex -6.78704 0.820033 0.119019
      vertex -6.66538 0.751008 0
    endloop
  endfacet
  facet normal -0.730736 -0.51474 -0.448406
    outer loop
      vertex -6.78704 0.820033 0.119019
      vertex -6.75 0 1
      vertex -7.43121 0.96706 1
    endloop
  endfacet
  facet normal -0.730728 -0.514755 0.448402
    outer loop
      vertex -7.58836 1.46803 1.31897
      vertex -6.58076 1.50202 3
      vertex -7.67756 1.75235 1.5
    endloop
  endfacet
  facet normal -0.73074 -0.514731 0.448409
    outer loop
      vertex -7.43121 0.96706 1
      vertex -6.58076 1.50202 3
      vertex -7.58836 1.46803 1.31897
    endloop
  endfacet
  facet normal -0.730735 -0.514739 0.448409
    outer loop
      vertex -6.58076 1.50202 3
      vertex -7.43121 0.96706 1
      vertex -6.75 0 1
    endloop
  endfacet
  facet normal -0.435035 0.780818 0.448406
    outer loop
      vertex -6.58076 1.50202 3
      vertex -7.47383 1.96982 1.31897
      vertex -7.67756 1.75235 1.5
    endloop
  endfacet
  facet normal -0.435033 0.780819 0.448405
    outer loop
      vertex -6.08154 2.92871 1
      vertex -7.47383 1.96982 1.31897
      vertex -6.58076 1.50202 3
    endloop
  endfacet
  facet normal -0.435027 0.780815 0.448418
    outer loop
      vertex -7.47383 1.96982 1.31897
      vertex -6.08154 2.92871 1
      vertex -7.11488 2.35299 1
    endloop
  endfacet
  facet normal -0.597888 -0.664436 0.448391
    outer loop
      vertex -6.66538 -0.751008 0
      vertex -7.125 0 0.5
      vertex -6.71008 -0.710785 0
    endloop
  endfacet
  facet normal -0.597875 -0.664438 0.448406
    outer loop
      vertex -7.125 0 0.5
      vertex -6.66538 -0.751008 0
      vertex -6.75 0 1
    endloop
  endfacet
  facet normal -0.826959 0.339227 0.448401
    outer loop
      vertex -6.35397 -2.271 0
      vertex -6.08154 -2.92871 1
      vertex -6.33115 -2.21537 0
    endloop
  endfacet
  facet normal -0.826959 0.339227 0.448401
    outer loop
      vertex -6.08154 -2.92871 1
      vertex -6.35397 -2.271 0
      vertex -6.4194 -3.09142 0.5
    endloop
  endfacet
  facet normal -0.826956 0.33923 -0.448404
    outer loop
      vertex -6.58076 -1.50202 3
      vertex -6.08154 -2.92871 1
      vertex -7.43299 -3.57954 3
    endloop
  endfacet
  facet normal -0.597875 -0.664437 -0.448407
    outer loop
      vertex -6.75 0 1
      vertex -6.58076 -1.50202 3
      vertex -8.25 0 3
    endloop
  endfacet
  facet normal -0.73073 0.51473 -0.448427
    outer loop
      vertex -6.78704 -0.820033 0.119019
      vertex -6.66538 -0.751008 0
      vertex -6.70001 -0.80017 0
    endloop
  endfacet
  facet normal -0.730726 0.514747 -0.448413
    outer loop
      vertex -6.66538 -0.751008 0
      vertex -6.78704 -0.820033 0.119019
      vertex -6.75 0 1
    endloop
  endfacet
  facet normal -0.730736 0.51474 -0.448406
    outer loop
      vertex -6.75 0 1
      vertex -6.78704 -0.820033 0.119019
      vertex -7.43121 -0.96706 1
    endloop
  endfacet
  facet normal -0.43503 -0.78082 -0.448407
    outer loop
      vertex -6.47071 -2.20596 0.119021
      vertex -6.08154 -2.92871 1
      vertex -7.11488 -2.35299 1
    endloop
  endfacet
  facet normal -0.435065 -0.780798 -0.448411
    outer loop
      vertex -6.33115 -2.21537 0
      vertex -6.47071 -2.20596 0.119021
      vertex -6.38368 -2.1861 0
    endloop
  endfacet
  facet normal -0.435051 -0.780816 -0.448394
    outer loop
      vertex -6.47071 -2.20596 0.119021
      vertex -6.33115 -2.21537 0
      vertex -6.08154 -2.92871 1
    endloop
  endfacet
  facet normal -0.435035 -0.780818 0.448406
    outer loop
      vertex -7.47383 -1.96982 1.31897
      vertex -6.58076 -1.50202 3
      vertex -7.67756 -1.75235 1.5
    endloop
  endfacet
  facet normal -0.435038 -0.780816 0.448407
    outer loop
      vertex -7.11488 -2.35299 1
      vertex -6.58076 -1.50202 3
      vertex -7.47383 -1.96982 1.31897
    endloop
  endfacet
  facet normal -0.43503 -0.78082 0.448406
    outer loop
      vertex -6.58076 -1.50202 3
      vertex -7.11488 -2.35299 1
      vertex -6.08154 -2.92871 1
    endloop
  endfacet
  facet normal -0.73074 0.514731 0.448409
    outer loop
      vertex -6.58076 -1.50202 3
      vertex -7.43121 -0.96706 1
      vertex -7.58836 -1.46803 1.31897
    endloop
  endfacet
  facet normal -0.730735 0.514739 0.448409
    outer loop
      vertex -7.43121 -0.96706 1
      vertex -6.58076 -1.50202 3
      vertex -6.75 0 1
    endloop
  endfacet
  facet normal -0.730728 0.514755 0.448402
    outer loop
      vertex -6.58076 -1.50202 3
      vertex -7.58836 -1.46803 1.31897
      vertex -7.67756 -1.75235 1.5
    endloop
  endfacet
  facet normal -0.250378 -0.858044 0.44841
    outer loop
      vertex -5.73718 -3.55179 0
      vertex -6.08154 -2.92871 1
      vertex -6.4194 -3.09142 0.5
    endloop
  endfacet
  facet normal -0.250296 -0.858051 0.448442
    outer loop
      vertex -6.08154 -2.92871 1
      vertex -5.73718 -3.55179 0
      vertex -5.67945 -3.56863 0
    endloop
  endfacet
  facet normal -0.892255 -0.0532113 0.448385
    outer loop
      vertex -4.73938 -4.80299 0
      vertex -4.20856 -5.27736 1
      vertex -4.74296 -4.74296 0
    endloop
  endfacet
  facet normal -0.89225 -0.0531775 0.448399
    outer loop
      vertex -4.20856 -5.27736 1
      vertex -4.73938 -4.80299 0
      vertex -4.44236 -5.57055 0.5
    endloop
  endfacet
  facet normal -0.892248 -0.0531675 -0.448405
    outer loop
      vertex -4.20856 -5.27736 1
      vertex -5.14379 -6.45011 3
      vertex -5.27736 -4.20856 3
    endloop
  endfacet
  facet normal -0.25038 -0.858044 -0.448409
    outer loop
      vertex -6.08154 -2.92871 1
      vertex -5.27736 -4.20856 3
      vertex -7.43299 -3.57954 3
    endloop
  endfacet
  facet normal -0.881713 0.146704 -0.448398
    outer loop
      vertex -5.75911 -3.68361 0.119022
      vertex -5.67945 -3.56863 0
      vertex -5.68932 -3.62795 0
    endloop
  endfacet
  facet normal -0.881711 0.146698 -0.448402
    outer loop
      vertex -5.67945 -3.56863 0
      vertex -5.75911 -3.68361 0.119022
      vertex -6.08154 -2.92871 1
    endloop
  endfacet
  facet normal -0.881708 0.146705 -0.448407
    outer loop
      vertex -6.08154 -2.92871 1
      vertex -5.75911 -3.68361 0.119022
      vertex -6.27569 -4.09557 1
    endloop
  endfacet
  facet normal -0.0531661 -0.892248 -0.448405
    outer loop
      vertex -4.87278 -4.79504 0.119021
      vertex -4.20856 -5.27736 1
      vertex -5.38936 -5.207 1
    endloop
  endfacet
  facet normal -0.0532094 -0.892224 -0.448448
    outer loop
      vertex -4.74296 -4.74296 0
      vertex -4.87278 -4.79504 0.119021
      vertex -4.80299 -4.73938 0
    endloop
  endfacet
  facet normal -0.0531627 -0.892247 -0.448407
    outer loop
      vertex -4.87278 -4.79504 0.119021
      vertex -4.74296 -4.74296 0
      vertex -4.20856 -5.27736 1
    endloop
  endfacet
  facet normal -0.0531744 -0.892247 0.448407
    outer loop
      vertex -5.87902 -5.01752 1.31897
      vertex -5.27736 -4.20856 3
      vertex -6.15692 -4.90998 1.5
    endloop
  endfacet
  facet normal -0.05317 -0.892248 0.448405
    outer loop
      vertex -5.38936 -5.207 1
      vertex -5.27736 -4.20856 3
      vertex -5.87902 -5.01752 1.31897
    endloop
  endfacet
  facet normal -0.0531661 -0.892248 0.448405
    outer loop
      vertex -5.27736 -4.20856 3
      vertex -5.38936 -5.207 1
      vertex -4.20856 -5.27736 1
    endloop
  endfacet
  facet normal -0.881708 0.146705 0.448406
    outer loop
      vertex -6.27569 -4.09557 1
      vertex -5.27736 -4.20856 3
      vertex -6.08154 -2.92871 1
    endloop
  endfacet
  facet normal -0.881705 0.146726 0.448406
    outer loop
      vertex -6.19993 -4.61511 1.31897
      vertex -5.27736 -4.20856 3
      vertex -6.27569 -4.09557 1
    endloop
  endfacet
  facet normal -0.881706 0.14669 0.448415
    outer loop
      vertex -5.27736 -4.20856 3
      vertex -6.19993 -4.61511 1.31897
      vertex -6.15692 -4.90998 1.5
    endloop
  endfacet
  facet normal 0.146714 -0.881705 0.448411
    outer loop
      vertex -3.62795 -5.68932 0
      vertex -4.20856 -5.27736 1
      vertex -4.44236 -5.57055 0.5
    endloop
  endfacet
  facet normal 0.146704 -0.881708 0.448406
    outer loop
      vertex -4.20856 -5.27736 1
      vertex -3.62795 -5.68932 0
      vertex -3.56863 -5.67945 0
    endloop
  endfacet
  facet normal -0.780807 -0.43507 0.448391
    outer loop
      vertex -2.1861 -6.38368 0
      vertex -1.50202 -6.58076 1
      vertex -2.21537 -6.33115 0
    endloop
  endfacet
  facet normal -0.780817 -0.435039 0.448404
    outer loop
      vertex -1.50202 -6.58076 1
      vertex -2.1861 -6.38368 0
      vertex -1.58546 -6.94636 0.5
    endloop
  endfacet
  facet normal -0.780819 -0.435033 -0.448405
    outer loop
      vertex -1.50202 -6.58076 1
      vertex -1.8358 -8.04315 3
      vertex -2.92871 -6.08154 3
    endloop
  endfacet
  facet normal 0.146708 -0.881707 -0.448408
    outer loop
      vertex -4.20856 -5.27736 1
      vertex -2.92871 -6.08154 3
      vertex -5.14379 -6.45011 3
    endloop
  endfacet
  facet normal -0.858094 -0.250308 -0.448352
    outer loop
      vertex -3.59052 -5.8176 0.119022
      vertex -3.56863 -5.67945 0
      vertex -3.55179 -5.73718 0
    endloop
  endfacet
  facet normal -0.858043 -0.250371 -0.448416
    outer loop
      vertex -3.56863 -5.67945 0
      vertex -3.59052 -5.8176 0.119022
      vertex -4.20856 -5.27736 1
    endloop
  endfacet
  facet normal -0.858043 -0.250384 -0.448408
    outer loop
      vertex -4.20856 -5.27736 1
      vertex -3.59052 -5.8176 0.119022
      vertex -3.8772 -6.4129 1
    endloop
  endfacet
  facet normal 0.339233 -0.826955 -0.448405
    outer loop
      vertex -2.30973 -6.4344 0.119021
      vertex -1.50202 -6.58076 1
      vertex -2.59641 -7.0297 1
    endloop
  endfacet
  facet normal 0.339221 -0.826944 -0.448434
    outer loop
      vertex -2.21537 -6.33115 0
      vertex -2.30973 -6.4344 0.119021
      vertex -2.271 -6.35397 0
    endloop
  endfacet
  facet normal 0.339246 -0.826944 -0.448415
    outer loop
      vertex -2.30973 -6.4344 0.119021
      vertex -2.21537 -6.33115 0
      vertex -1.50202 -6.58076 1
    endloop
  endfacet
  facet normal 0.339232 -0.826955 0.448405
    outer loop
      vertex -3.11979 -7.07144 1.31897
      vertex -2.92871 -6.08154 3
      vertex -3.41683 -7.09513 1.5
    endloop
  endfacet
  facet normal 0.339228 -0.826956 0.448406
    outer loop
      vertex -2.59641 -7.0297 1
      vertex -2.92871 -6.08154 3
      vertex -3.11979 -7.07144 1.31897
    endloop
  endfacet
  facet normal 0.339233 -0.826954 0.448406
    outer loop
      vertex -2.92871 -6.08154 3
      vertex -2.59641 -7.0297 1
      vertex -1.50202 -6.58076 1
    endloop
  endfacet
  facet normal -0.858044 -0.250384 0.448407
    outer loop
      vertex -3.8772 -6.4129 1
      vertex -2.92871 -6.08154 3
      vertex -4.20856 -5.27736 1
    endloop
  endfacet
  facet normal -0.85805 -0.250365 0.448406
    outer loop
      vertex -3.58352 -6.84812 1.31897
      vertex -2.92871 -6.08154 3
      vertex -3.8772 -6.4129 1
    endloop
  endfacet
  facet normal -0.858037 -0.250394 0.448414
    outer loop
      vertex -2.92871 -6.08154 3
      vertex -3.58352 -6.84812 1.31897
      vertex -3.41683 -7.09513 1.5
    endloop
  endfacet
  facet normal 0.514741 -0.730732 0.448411
    outer loop
      vertex -0.80017 -6.70001 0
      vertex -1.50202 -6.58076 1
      vertex -1.58546 -6.94636 0.5
    endloop
  endfacet
  facet normal 0.514736 -0.730738 0.448408
    outer loop
      vertex -1.50202 -6.58076 1
      vertex -0.80017 -6.70001 0
      vertex -0.751008 -6.66538 0
    endloop
  endfacet
  facet normal -0.514736 -0.730738 0.448408
    outer loop
      vertex 0.80017 -6.70001 0
      vertex 1.50202 -6.58076 1
      vertex 0.751008 -6.66538 0
    endloop
  endfacet
  facet normal -0.514741 -0.730732 0.448411
    outer loop
      vertex 1.50202 -6.58076 1
      vertex 0.80017 -6.70001 0
      vertex 1.58546 -6.94636 0.5
    endloop
  endfacet
  facet normal -0.514736 -0.730738 -0.448407
    outer loop
      vertex 1.50202 -6.58076 1
      vertex 1.8358 -8.04315 3
      vertex 0 -6.75 3
    endloop
  endfacet
  facet normal 0.514736 -0.730738 -0.448407
    outer loop
      vertex -1.50202 -6.58076 1
      vertex 0 -6.75 3
      vertex -1.8358 -8.04315 3
    endloop
  endfacet
  facet normal -0.664421 -0.597875 -0.448431
    outer loop
      vertex -0.710785 -6.79935 0.11902
      vertex -0.751008 -6.66538 0
      vertex -0.710785 -6.71008 0
    endloop
  endfacet
  facet normal -0.664442 -0.597865 -0.448413
    outer loop
      vertex -0.751008 -6.66538 0
      vertex -0.710785 -6.79935 0.11902
      vertex -1.50202 -6.58076 1
    endloop
  endfacet
  facet normal -0.664437 -0.597877 -0.448405
    outer loop
      vertex -1.50202 -6.58076 1
      vertex -0.710785 -6.79935 0.11902
      vertex -0.710785 -7.46008 1
    endloop
  endfacet
  facet normal 0.664442 -0.597865 -0.448413
    outer loop
      vertex 0.710785 -6.79935 0.11902
      vertex 0.751008 -6.66538 0
      vertex 1.50202 -6.58076 1
    endloop
  endfacet
  facet normal 0.664421 -0.597875 -0.448431
    outer loop
      vertex 0.751008 -6.66538 0
      vertex 0.710785 -6.79935 0.11902
      vertex 0.710785 -6.71008 0
    endloop
  endfacet
  facet normal 0.664437 -0.597877 -0.448405
    outer loop
      vertex 0.710785 -6.79935 0.11902
      vertex 1.50202 -6.58076 1
      vertex 0.710785 -7.46008 1
    endloop
  endfacet
  facet normal 0.664436 -0.597877 0.448406
    outer loop
      vertex 0.257348 -7.72477 1.31897
      vertex 1.50202 -6.58076 1
      vertex 0 -6.75 3
    endloop
  endfacet
  facet normal 0.664436 -0.597877 0.448406
    outer loop
      vertex 1.50202 -6.58076 1
      vertex 0.257348 -7.72477 1.31897
      vertex 0.710785 -7.46008 1
    endloop
  endfacet
  facet normal 0.664442 -0.597872 0.448404
    outer loop
      vertex 0.257348 -7.72477 1.31897
      vertex 0 -6.75 3
      vertex 0 -7.875 1.5
    endloop
  endfacet
  facet normal -0.664436 -0.597877 0.448406
    outer loop
      vertex -0.257348 -7.72477 1.31897
      vertex -1.50202 -6.58076 1
      vertex -0.710785 -7.46008 1
    endloop
  endfacet
  facet normal -0.664436 -0.597877 0.448406
    outer loop
      vertex -1.50202 -6.58076 1
      vertex -0.257348 -7.72477 1.31897
      vertex 0 -6.75 3
    endloop
  endfacet
  facet normal -0.664442 -0.597872 0.448404
    outer loop
      vertex 0 -6.75 3
      vertex -0.257348 -7.72477 1.31897
      vertex 0 -7.875 1.5
    endloop
  endfacet
  facet normal 0.780807 -0.43507 0.448391
    outer loop
      vertex 1.50202 -6.58076 1
      vertex 2.1861 -6.38368 0
      vertex 2.21537 -6.33115 0
    endloop
  endfacet
  facet normal 0.780817 -0.435039 0.448404
    outer loop
      vertex 2.1861 -6.38368 0
      vertex 1.50202 -6.58076 1
      vertex 1.58546 -6.94636 0.5
    endloop
  endfacet
  facet normal -0.146704 -0.881708 0.448406
    outer loop
      vertex 3.62795 -5.68932 0
      vertex 4.20856 -5.27736 1
      vertex 3.56863 -5.67945 0
    endloop
  endfacet
  facet normal -0.146714 -0.881705 0.448411
    outer loop
      vertex 4.20856 -5.27736 1
      vertex 3.62795 -5.68932 0
      vertex 4.44236 -5.57055 0.5
    endloop
  endfacet
  facet normal -0.146708 -0.881707 -0.448408
    outer loop
      vertex 4.20856 -5.27736 1
      vertex 5.14379 -6.45011 3
      vertex 2.92871 -6.08154 3
    endloop
  endfacet
  facet normal 0.780819 -0.435033 -0.448405
    outer loop
      vertex 2.92871 -6.08154 3
      vertex 1.8358 -8.04315 3
      vertex 1.50202 -6.58076 1
    endloop
  endfacet
  facet normal -0.339233 -0.826955 -0.448405
    outer loop
      vertex 1.50202 -6.58076 1
      vertex 2.30973 -6.4344 0.119021
      vertex 2.59641 -7.0297 1
    endloop
  endfacet
  facet normal -0.339246 -0.826944 -0.448415
    outer loop
      vertex 2.21537 -6.33115 0
      vertex 2.30973 -6.4344 0.119021
      vertex 1.50202 -6.58076 1
    endloop
  endfacet
  facet normal -0.339221 -0.826944 -0.448434
    outer loop
      vertex 2.30973 -6.4344 0.119021
      vertex 2.21537 -6.33115 0
      vertex 2.271 -6.35397 0
    endloop
  endfacet
  facet normal 0.858043 -0.250371 -0.448416
    outer loop
      vertex 3.59052 -5.8176 0.119022
      vertex 3.56863 -5.67945 0
      vertex 4.20856 -5.27736 1
    endloop
  endfacet
  facet normal 0.858094 -0.250308 -0.448352
    outer loop
      vertex 3.56863 -5.67945 0
      vertex 3.59052 -5.8176 0.119022
      vertex 3.55179 -5.73718 0
    endloop
  endfacet
  facet normal 0.858043 -0.250384 -0.448408
    outer loop
      vertex 3.59052 -5.8176 0.119022
      vertex 4.20856 -5.27736 1
      vertex 3.8772 -6.4129 1
    endloop
  endfacet
  facet normal 0.858044 -0.250384 0.448407
    outer loop
      vertex 2.92871 -6.08154 3
      vertex 3.8772 -6.4129 1
      vertex 4.20856 -5.27736 1
    endloop
  endfacet
  facet normal 0.85805 -0.250365 0.448406
    outer loop
      vertex 2.92871 -6.08154 3
      vertex 3.58352 -6.84812 1.31897
      vertex 3.8772 -6.4129 1
    endloop
  endfacet
  facet normal 0.858037 -0.250394 0.448414
    outer loop
      vertex 3.58352 -6.84812 1.31897
      vertex 2.92871 -6.08154 3
      vertex 3.41683 -7.09513 1.5
    endloop
  endfacet
  facet normal -0.339232 -0.826955 0.448405
    outer loop
      vertex 2.92871 -6.08154 3
      vertex 3.11979 -7.07144 1.31897
      vertex 3.41683 -7.09513 1.5
    endloop
  endfacet
  facet normal -0.339233 -0.826954 0.448406
    outer loop
      vertex 2.59641 -7.0297 1
      vertex 2.92871 -6.08154 3
      vertex 1.50202 -6.58076 1
    endloop
  endfacet
  facet normal -0.339228 -0.826956 0.448406
    outer loop
      vertex 2.92871 -6.08154 3
      vertex 2.59641 -7.0297 1
      vertex 3.11979 -7.07144 1.31897
    endloop
  endfacet
  facet normal 0.892255 -0.0532113 0.448385
    outer loop
      vertex 4.20856 -5.27736 1
      vertex 4.73938 -4.80299 0
      vertex 4.74296 -4.74296 0
    endloop
  endfacet
  facet normal 0.89225 -0.0531775 0.448399
    outer loop
      vertex 4.73938 -4.80299 0
      vertex 4.20856 -5.27736 1
      vertex 4.44236 -5.57055 0.5
    endloop
  endfacet
  facet normal 0.250296 -0.858051 0.448442
    outer loop
      vertex 5.73718 -3.55179 0
      vertex 6.08154 -2.92871 1
      vertex 5.67945 -3.56863 0
    endloop
  endfacet
  facet normal 0.250378 -0.858044 0.44841
    outer loop
      vertex 6.08154 -2.92871 1
      vertex 5.73718 -3.55179 0
      vertex 6.4194 -3.09142 0.5
    endloop
  endfacet
  facet normal 0.25038 -0.858044 -0.448409
    outer loop
      vertex 6.08154 -2.92871 1
      vertex 7.43299 -3.57954 3
      vertex 5.27736 -4.20856 3
    endloop
  endfacet
  facet normal 0.892248 -0.0531675 -0.448405
    outer loop
      vertex 5.27736 -4.20856 3
      vertex 5.14379 -6.45011 3
      vertex 4.20856 -5.27736 1
    endloop
  endfacet
  facet normal 0.0531661 -0.892248 -0.448405
    outer loop
      vertex 4.20856 -5.27736 1
      vertex 4.87278 -4.79504 0.119021
      vertex 5.38936 -5.207 1
    endloop
  endfacet
  facet normal 0.0531627 -0.892247 -0.448407
    outer loop
      vertex 4.74296 -4.74296 0
      vertex 4.87278 -4.79504 0.119021
      vertex 4.20856 -5.27736 1
    endloop
  endfacet
  facet normal 0.0532094 -0.892224 -0.448448
    outer loop
      vertex 4.87278 -4.79504 0.119021
      vertex 4.74296 -4.74296 0
      vertex 4.80299 -4.73938 0
    endloop
  endfacet
  facet normal 0.881711 0.146698 -0.448402
    outer loop
      vertex 5.75911 -3.68361 0.119022
      vertex 5.67945 -3.56863 0
      vertex 6.08154 -2.92871 1
    endloop
  endfacet
  facet normal 0.881713 0.146704 -0.448398
    outer loop
      vertex 5.67945 -3.56863 0
      vertex 5.75911 -3.68361 0.119022
      vertex 5.68932 -3.62795 0
    endloop
  endfacet
  facet normal 0.881708 0.146705 -0.448407
    outer loop
      vertex 5.75911 -3.68361 0.119022
      vertex 6.08154 -2.92871 1
      vertex 6.27569 -4.09557 1
    endloop
  endfacet
  facet normal 0.881708 0.146705 0.448406
    outer loop
      vertex 5.27736 -4.20856 3
      vertex 6.27569 -4.09557 1
      vertex 6.08154 -2.92871 1
    endloop
  endfacet
  facet normal 0.881705 0.146726 0.448406
    outer loop
      vertex 5.27736 -4.20856 3
      vertex 6.19993 -4.61511 1.31897
      vertex 6.27569 -4.09557 1
    endloop
  endfacet
  facet normal 0.881706 0.14669 0.448415
    outer loop
      vertex 6.19993 -4.61511 1.31897
      vertex 5.27736 -4.20856 3
      vertex 6.15692 -4.90998 1.5
    endloop
  endfacet
  facet normal 0.0531744 -0.892247 0.448407
    outer loop
      vertex 5.27736 -4.20856 3
      vertex 5.87902 -5.01752 1.31897
      vertex 6.15692 -4.90998 1.5
    endloop
  endfacet
  facet normal 0.0531661 -0.892248 0.448405
    outer loop
      vertex 5.38936 -5.207 1
      vertex 5.27736 -4.20856 3
      vertex 4.20856 -5.27736 1
    endloop
  endfacet
  facet normal 0.05317 -0.892248 0.448405
    outer loop
      vertex 5.27736 -4.20856 3
      vertex 5.38936 -5.207 1
      vertex 5.87902 -5.01752 1.31897
    endloop
  endfacet
  facet normal 0.826959 0.339227 0.448401
    outer loop
      vertex 6.08154 -2.92871 1
      vertex 6.35397 -2.271 0
      vertex 6.33115 -2.21537 0
    endloop
  endfacet
  facet normal 0.826959 0.339227 0.448401
    outer loop
      vertex 6.35397 -2.271 0
      vertex 6.08154 -2.92871 1
      vertex 6.4194 -3.09142 0.5
    endloop
  endfacet
  facet normal 0.597875 -0.664438 0.448406
    outer loop
      vertex 6.66538 -0.751008 0
      vertex 7.125 0 0.5
      vertex 6.75 0 1
    endloop
  endfacet
  facet normal 0.597888 -0.664436 0.448391
    outer loop
      vertex 7.125 0 0.5
      vertex 6.66538 -0.751008 0
      vertex 6.71008 -0.710785 0
    endloop
  endfacet
  facet normal 0.597875 -0.664437 -0.448407
    outer loop
      vertex 6.75 0 1
      vertex 8.25 0 3
      vertex 6.58076 -1.50202 3
    endloop
  endfacet
  facet normal 0.826956 0.33923 -0.448404
    outer loop
      vertex 6.58076 -1.50202 3
      vertex 7.43299 -3.57954 3
      vertex 6.08154 -2.92871 1
    endloop
  endfacet
  facet normal 0.43503 -0.78082 -0.448407
    outer loop
      vertex 6.08154 -2.92871 1
      vertex 6.47071 -2.20596 0.119021
      vertex 7.11488 -2.35299 1
    endloop
  endfacet
  facet normal 0.435051 -0.780816 -0.448394
    outer loop
      vertex 6.33115 -2.21537 0
      vertex 6.47071 -2.20596 0.119021
      vertex 6.08154 -2.92871 1
    endloop
  endfacet
  facet normal 0.435065 -0.780798 -0.448411
    outer loop
      vertex 6.47071 -2.20596 0.119021
      vertex 6.33115 -2.21537 0
      vertex 6.38368 -2.1861 0
    endloop
  endfacet
  facet normal 0.730726 0.514747 -0.448413
    outer loop
      vertex 6.78704 -0.820033 0.119019
      vertex 6.66538 -0.751008 0
      vertex 6.75 0 1
    endloop
  endfacet
  facet normal 0.73073 0.51473 -0.448427
    outer loop
      vertex 6.66538 -0.751008 0
      vertex 6.78704 -0.820033 0.119019
      vertex 6.70001 -0.80017 0
    endloop
  endfacet
  facet normal 0.730736 0.51474 -0.448406
    outer loop
      vertex 6.78704 -0.820033 0.119019
      vertex 6.75 0 1
      vertex 7.43121 -0.96706 1
    endloop
  endfacet
  facet normal 0.730735 0.514739 0.448409
    outer loop
      vertex 6.58076 -1.50202 3
      vertex 7.43121 -0.96706 1
      vertex 6.75 0 1
    endloop
  endfacet
  facet normal 0.73074 0.514731 0.448409
    outer loop
      vertex 7.43121 -0.96706 1
      vertex 6.58076 -1.50202 3
      vertex 7.58836 -1.46803 1.31897
    endloop
  endfacet
  facet normal 0.730728 0.514755 0.448402
    outer loop
      vertex 7.58836 -1.46803 1.31897
      vertex 6.58076 -1.50202 3
      vertex 7.67756 -1.75235 1.5
    endloop
  endfacet
  facet normal 0.435035 -0.780818 0.448406
    outer loop
      vertex 6.58076 -1.50202 3
      vertex 7.47383 -1.96982 1.31897
      vertex 7.67756 -1.75235 1.5
    endloop
  endfacet
  facet normal 0.435033 -0.780819 0.448405
    outer loop
      vertex 6.08154 -2.92871 1
      vertex 7.47383 -1.96982 1.31897
      vertex 6.58076 -1.50202 3
    endloop
  endfacet
  facet normal 0.435027 -0.780815 0.448418
    outer loop
      vertex 7.47383 -1.96982 1.31897
      vertex 6.08154 -2.92871 1
      vertex 7.11488 -2.35299 1
    endloop
  endfacet
  facet normal 0.597875 0.664437 0.448407
    outer loop
      vertex 6.75 0 5
      vertex 8.25 0 3
      vertex 6.58076 1.50202 3
    endloop
  endfacet
  facet normal 0.826956 -0.33923 0.448404
    outer loop
      vertex 6.58076 1.50202 3
      vertex 7.43299 3.57954 3
      vertex 6.08154 2.92871 5
    endloop
  endfacet
  facet normal 0.826959 -0.339227 -0.448401
    outer loop
      vertex 6.35397 2.271 6
      vertex 6.08154 2.92871 5
      vertex 6.4194 3.09142 5.5
    endloop
  endfacet
  facet normal 0.826959 -0.339227 -0.448401
    outer loop
      vertex 6.08154 2.92871 5
      vertex 6.35397 2.271 6
      vertex 6.33115 2.21537 6
    endloop
  endfacet
  facet normal 0.597888 0.664436 -0.448391
    outer loop
      vertex 7.125 0 5.5
      vertex 6.66538 0.751008 6
      vertex 6.71008 0.710785 6
    endloop
  endfacet
  facet normal 0.597875 0.664438 -0.448406
    outer loop
      vertex 6.66538 0.751008 6
      vertex 7.125 0 5.5
      vertex 6.75 0 5
    endloop
  endfacet
  facet normal 0.730728 -0.514755 -0.448402
    outer loop
      vertex 7.58836 1.46803 4.68103
      vertex 6.58076 1.50202 3
      vertex 7.67756 1.75235 4.5
    endloop
  endfacet
  facet normal 0.73074 -0.514731 -0.448409
    outer loop
      vertex 7.43121 0.96706 5
      vertex 6.58076 1.50202 3
      vertex 7.58836 1.46803 4.68103
    endloop
  endfacet
  facet normal 0.730735 -0.514739 -0.448409
    outer loop
      vertex 6.58076 1.50202 3
      vertex 7.43121 0.96706 5
      vertex 6.75 0 5
    endloop
  endfacet
  facet normal 0.435027 0.780815 -0.448418
    outer loop
      vertex 7.47383 1.96982 4.68103
      vertex 6.08154 2.92871 5
      vertex 7.11488 2.35299 5
    endloop
  endfacet
  facet normal 0.435035 0.780818 -0.448406
    outer loop
      vertex 6.58076 1.50202 3
      vertex 7.47383 1.96982 4.68103
      vertex 7.67756 1.75235 4.5
    endloop
  endfacet
  facet normal 0.435033 0.780819 -0.448405
    outer loop
      vertex 7.47383 1.96982 4.68103
      vertex 6.58076 1.50202 3
      vertex 6.08154 2.92871 5
    endloop
  endfacet
  facet normal 0.435064 0.780797 0.448414
    outer loop
      vertex 6.47071 2.20596 5.88098
      vertex 6.33115 2.21537 6
      vertex 6.38368 2.1861 6
    endloop
  endfacet
  facet normal 0.43503 0.78082 0.448407
    outer loop
      vertex 6.08154 2.92871 5
      vertex 6.47071 2.20596 5.88098
      vertex 7.11488 2.35299 5
    endloop
  endfacet
  facet normal 0.435049 0.780816 0.448395
    outer loop
      vertex 6.47071 2.20596 5.88098
      vertex 6.08154 2.92871 5
      vertex 6.33115 2.21537 6
    endloop
  endfacet
  facet normal 0.730731 -0.514731 0.448424
    outer loop
      vertex 6.66538 0.751008 6
      vertex 6.78704 0.820033 5.88098
      vertex 6.70001 0.80017 6
    endloop
  endfacet
  facet normal 0.730728 -0.514746 0.448412
    outer loop
      vertex 6.75 0 5
      vertex 6.78704 0.820033 5.88098
      vertex 6.66538 0.751008 6
    endloop
  endfacet
  facet normal 0.730736 -0.51474 0.448407
    outer loop
      vertex 6.78704 0.820033 5.88098
      vertex 6.75 0 5
      vertex 7.43121 0.96706 5
    endloop
  endfacet
  facet normal 0.25038 0.858044 0.448409
    outer loop
      vertex 6.08154 2.92871 5
      vertex 7.43299 3.57954 3
      vertex 5.27736 4.20856 3
    endloop
  endfacet
  facet normal 0.892248 0.0531675 0.448405
    outer loop
      vertex 5.27736 4.20856 3
      vertex 5.14379 6.45011 3
      vertex 4.20856 5.27736 5
    endloop
  endfacet
  facet normal 0.89225 0.0531775 -0.448399
    outer loop
      vertex 4.73938 4.80299 6
      vertex 4.20856 5.27736 5
      vertex 4.44236 5.57055 5.5
    endloop
  endfacet
  facet normal 0.892255 0.0532113 -0.448385
    outer loop
      vertex 4.20856 5.27736 5
      vertex 4.73938 4.80299 6
      vertex 4.74296 4.74296 6
    endloop
  endfacet
  facet normal 0.250378 0.858044 -0.44841
    outer loop
      vertex 6.08154 2.92871 5
      vertex 5.73718 3.55179 6
      vertex 6.4194 3.09142 5.5
    endloop
  endfacet
  facet normal 0.250296 0.858051 -0.448442
    outer loop
      vertex 5.73718 3.55179 6
      vertex 6.08154 2.92871 5
      vertex 5.67945 3.56863 6
    endloop
  endfacet
  facet normal 0.881706 -0.14669 -0.448415
    outer loop
      vertex 6.19993 4.61511 4.68103
      vertex 5.27736 4.20856 3
      vertex 6.15692 4.90998 4.5
    endloop
  endfacet
  facet normal 0.881705 -0.146726 -0.448406
    outer loop
      vertex 6.27569 4.09557 5
      vertex 5.27736 4.20856 3
      vertex 6.19993 4.61511 4.68103
    endloop
  endfacet
  facet normal 0.881708 -0.146705 -0.448406
    outer loop
      vertex 5.27736 4.20856 3
      vertex 6.27569 4.09557 5
      vertex 6.08154 2.92871 5
    endloop
  endfacet
  facet normal 0.05317 0.892248 -0.448405
    outer loop
      vertex 5.27736 4.20856 3
      vertex 5.38936 5.207 5
      vertex 5.87902 5.01752 4.68103
    endloop
  endfacet
  facet normal 0.0531744 0.892247 -0.448407
    outer loop
      vertex 5.27736 4.20856 3
      vertex 5.87902 5.01752 4.68103
      vertex 6.15692 4.90998 4.5
    endloop
  endfacet
  facet normal 0.0531661 0.892248 -0.448405
    outer loop
      vertex 5.38936 5.207 5
      vertex 5.27736 4.20856 3
      vertex 4.20856 5.27736 5
    endloop
  endfacet
  facet normal 0.0532093 0.892222 0.448451
    outer loop
      vertex 4.87278 4.79504 5.88098
      vertex 4.74296 4.74296 6
      vertex 4.80299 4.73938 6
    endloop
  endfacet
  facet normal 0.0531661 0.892248 0.448404
    outer loop
      vertex 4.20856 5.27736 5
      vertex 4.87278 4.79504 5.88098
      vertex 5.38936 5.207 5
    endloop
  endfacet
  facet normal 0.0531604 0.892247 0.448408
    outer loop
      vertex 4.87278 4.79504 5.88098
      vertex 4.20856 5.27736 5
      vertex 4.74296 4.74296 6
    endloop
  endfacet
  facet normal 0.88171 -0.146704 0.448404
    outer loop
      vertex 5.67945 3.56863 6
      vertex 5.75911 3.68361 5.88098
      vertex 5.68932 3.62795 6
    endloop
  endfacet
  facet normal 0.88171 -0.146703 0.448405
    outer loop
      vertex 6.08154 2.92871 5
      vertex 5.75911 3.68361 5.88098
      vertex 5.67945 3.56863 6
    endloop
  endfacet
  facet normal 0.881709 -0.146705 0.448406
    outer loop
      vertex 5.75911 3.68361 5.88098
      vertex 6.08154 2.92871 5
      vertex 6.27569 4.09557 5
    endloop
  endfacet
  facet normal -0.146708 0.881707 0.448408
    outer loop
      vertex 4.20856 5.27736 5
      vertex 5.14379 6.45011 3
      vertex 2.92871 6.08154 3
    endloop
  endfacet
  facet normal 0.780819 0.435033 0.448405
    outer loop
      vertex 2.92871 6.08154 3
      vertex 1.8358 8.04315 3
      vertex 1.50202 6.58076 5
    endloop
  endfacet
  facet normal 0.780817 0.435039 -0.448404
    outer loop
      vertex 2.1861 6.38368 6
      vertex 1.50202 6.58076 5
      vertex 1.58546 6.94636 5.5
    endloop
  endfacet
  facet normal 0.780807 0.43507 -0.448391
    outer loop
      vertex 1.50202 6.58076 5
      vertex 2.1861 6.38368 6
      vertex 2.21537 6.33115 6
    endloop
  endfacet
  facet normal -0.146714 0.881705 -0.448411
    outer loop
      vertex 4.20856 5.27736 5
      vertex 3.62795 5.68932 6
      vertex 4.44236 5.57055 5.5
    endloop
  endfacet
  facet normal -0.146704 0.881708 -0.448406
    outer loop
      vertex 3.62795 5.68932 6
      vertex 4.20856 5.27736 5
      vertex 3.56863 5.67945 6
    endloop
  endfacet
  facet normal 0.85805 0.250365 -0.448406
    outer loop
      vertex 2.92871 6.08154 3
      vertex 3.58352 6.84812 4.68103
      vertex 3.8772 6.4129 5
    endloop
  endfacet
  facet normal 0.858037 0.250394 -0.448414
    outer loop
      vertex 3.58352 6.84812 4.68103
      vertex 2.92871 6.08154 3
      vertex 3.41683 7.09513 4.5
    endloop
  endfacet
  facet normal 0.858044 0.250384 -0.448407
    outer loop
      vertex 2.92871 6.08154 3
      vertex 3.8772 6.4129 5
      vertex 4.20856 5.27736 5
    endloop
  endfacet
  facet normal -0.339228 0.826956 -0.448406
    outer loop
      vertex 2.92871 6.08154 3
      vertex 2.59641 7.0297 5
      vertex 3.11979 7.07144 4.68103
    endloop
  endfacet
  facet normal -0.339232 0.826955 -0.448405
    outer loop
      vertex 2.92871 6.08154 3
      vertex 3.11979 7.07144 4.68103
      vertex 3.41683 7.09513 4.5
    endloop
  endfacet
  facet normal -0.339233 0.826954 -0.448406
    outer loop
      vertex 2.59641 7.0297 5
      vertex 2.92871 6.08154 3
      vertex 1.50202 6.58076 5
    endloop
  endfacet
  facet normal -0.33922 0.826942 0.448437
    outer loop
      vertex 2.30973 6.4344 5.88098
      vertex 2.21537 6.33115 6
      vertex 2.271 6.35397 6
    endloop
  endfacet
  facet normal -0.339233 0.826955 0.448404
    outer loop
      vertex 1.50202 6.58076 5
      vertex 2.30973 6.4344 5.88098
      vertex 2.59641 7.0297 5
    endloop
  endfacet
  facet normal -0.339248 0.826943 0.448416
    outer loop
      vertex 2.30973 6.4344 5.88098
      vertex 1.50202 6.58076 5
      vertex 2.21537 6.33115 6
    endloop
  endfacet
  facet normal 0.858091 0.250308 0.448358
    outer loop
      vertex 3.56863 5.67945 6
      vertex 3.59052 5.8176 5.88098
      vertex 3.55179 5.73718 6
    endloop
  endfacet
  facet normal 0.858043 0.250366 0.448418
    outer loop
      vertex 4.20856 5.27736 5
      vertex 3.59052 5.8176 5.88098
      vertex 3.56863 5.67945 6
    endloop
  endfacet
  facet normal 0.858044 0.250384 0.448407
    outer loop
      vertex 3.59052 5.8176 5.88098
      vertex 4.20856 5.27736 5
      vertex 3.8772 6.4129 5
    endloop
  endfacet
  facet normal -0.514736 0.730738 0.448407
    outer loop
      vertex 1.50202 6.58076 5
      vertex 1.8358 8.04315 3
      vertex 0 6.75 3
    endloop
  endfacet
  facet normal 0.514736 0.730738 0.448407
    outer loop
      vertex -1.50202 6.58076 5
      vertex 0 6.75 3
      vertex -1.8358 8.04315 3
    endloop
  endfacet
  facet normal 0.514736 0.730738 -0.448408
    outer loop
      vertex -1.50202 6.58076 5
      vertex -0.80017 6.70001 6
      vertex -0.751008 6.66538 6
    endloop
  endfacet
  facet normal 0.514741 0.730732 -0.448411
    outer loop
      vertex -0.80017 6.70001 6
      vertex -1.50202 6.58076 5
      vertex -1.58546 6.94636 5.5
    endloop
  endfacet
  facet normal -0.514741 0.730732 -0.448411
    outer loop
      vertex 1.50202 6.58076 5
      vertex 0.80017 6.70001 6
      vertex 1.58546 6.94636 5.5
    endloop
  endfacet
  facet normal -0.514736 0.730738 -0.448408
    outer loop
      vertex 0.80017 6.70001 6
      vertex 1.50202 6.58076 5
      vertex 0.751008 6.66538 6
    endloop
  endfacet
  facet normal 0.664436 0.597877 -0.448406
    outer loop
      vertex 1.50202 6.58076 5
      vertex 0.257348 7.72477 4.68103
      vertex 0.710785 7.46008 5
    endloop
  endfacet
  facet normal 0.664436 0.597877 -0.448406
    outer loop
      vertex 0 6.75 3
      vertex 0.257348 7.72477 4.68103
      vertex 1.50202 6.58076 5
    endloop
  endfacet
  facet normal 0.664442 0.597872 -0.448404
    outer loop
      vertex 0.257348 7.72477 4.68103
      vertex 0 6.75 3
      vertex 0 7.875 4.5
    endloop
  endfacet
  facet normal -0.664442 0.597872 -0.448404
    outer loop
      vertex 0 6.75 3
      vertex -0.257348 7.72477 4.68103
      vertex 0 7.875 4.5
    endloop
  endfacet
  facet normal -0.664436 0.597877 -0.448406
    outer loop
      vertex -0.257348 7.72477 4.68103
      vertex 0 6.75 3
      vertex -1.50202 6.58076 5
    endloop
  endfacet
  facet normal -0.664436 0.597877 -0.448406
    outer loop
      vertex -0.257348 7.72477 4.68103
      vertex -1.50202 6.58076 5
      vertex -0.710785 7.46008 5
    endloop
  endfacet
  facet normal -0.664437 0.597877 0.448405
    outer loop
      vertex -1.50202 6.58076 5
      vertex -0.710785 6.79935 5.88098
      vertex -0.710785 7.46008 5
    endloop
  endfacet
  facet normal -0.664442 0.597865 0.448413
    outer loop
      vertex -0.751008 6.66538 6
      vertex -0.710785 6.79935 5.88098
      vertex -1.50202 6.58076 5
    endloop
  endfacet
  facet normal -0.664421 0.597875 0.448431
    outer loop
      vertex -0.710785 6.79935 5.88098
      vertex -0.751008 6.66538 6
      vertex -0.710785 6.71008 6
    endloop
  endfacet
  facet normal 0.664421 0.597875 0.448431
    outer loop
      vertex 0.751008 6.66538 6
      vertex 0.710785 6.79935 5.88098
      vertex 0.710785 6.71008 6
    endloop
  endfacet
  facet normal 0.664442 0.597865 0.448413
    outer loop
      vertex 0.710785 6.79935 5.88098
      vertex 0.751008 6.66538 6
      vertex 1.50202 6.58076 5
    endloop
  endfacet
  facet normal 0.664437 0.597877 0.448405
    outer loop
      vertex 0.710785 6.79935 5.88098
      vertex 1.50202 6.58076 5
      vertex 0.710785 7.46008 5
    endloop
  endfacet
  facet normal -0.780819 0.435033 0.448405
    outer loop
      vertex -1.50202 6.58076 5
      vertex -1.8358 8.04315 3
      vertex -2.92871 6.08154 3
    endloop
  endfacet
  facet normal 0.146708 0.881707 0.448408
    outer loop
      vertex -4.20856 5.27736 5
      vertex -2.92871 6.08154 3
      vertex -5.14379 6.45011 3
    endloop
  endfacet
  facet normal 0.146704 0.881708 -0.448406
    outer loop
      vertex -4.20856 5.27736 5
      vertex -3.62795 5.68932 6
      vertex -3.56863 5.67945 6
    endloop
  endfacet
  facet normal 0.146714 0.881705 -0.448411
    outer loop
      vertex -3.62795 5.68932 6
      vertex -4.20856 5.27736 5
      vertex -4.44236 5.57055 5.5
    endloop
  endfacet
  facet normal -0.780817 0.435039 -0.448404
    outer loop
      vertex -1.50202 6.58076 5
      vertex -2.1861 6.38368 6
      vertex -1.58546 6.94636 5.5
    endloop
  endfacet
  facet normal -0.780807 0.43507 -0.448391
    outer loop
      vertex -2.1861 6.38368 6
      vertex -1.50202 6.58076 5
      vertex -2.21537 6.33115 6
    endloop
  endfacet
  facet normal 0.339233 0.826954 -0.448406
    outer loop
      vertex -2.92871 6.08154 3
      vertex -2.59641 7.0297 5
      vertex -1.50202 6.58076 5
    endloop
  endfacet
  facet normal 0.339228 0.826956 -0.448406
    outer loop
      vertex -2.59641 7.0297 5
      vertex -2.92871 6.08154 3
      vertex -3.11979 7.07144 4.68103
    endloop
  endfacet
  facet normal 0.339232 0.826955 -0.448405
    outer loop
      vertex -3.11979 7.07144 4.68103
      vertex -2.92871 6.08154 3
      vertex -3.41683 7.09513 4.5
    endloop
  endfacet
  facet normal -0.858037 0.250394 -0.448414
    outer loop
      vertex -2.92871 6.08154 3
      vertex -3.58352 6.84812 4.68103
      vertex -3.41683 7.09513 4.5
    endloop
  endfacet
  facet normal -0.85805 0.250365 -0.448406
    outer loop
      vertex -3.58352 6.84812 4.68103
      vertex -2.92871 6.08154 3
      vertex -3.8772 6.4129 5
    endloop
  endfacet
  facet normal -0.858044 0.250384 -0.448407
    outer loop
      vertex -3.8772 6.4129 5
      vertex -2.92871 6.08154 3
      vertex -4.20856 5.27736 5
    endloop
  endfacet
  facet normal -0.858091 0.250308 0.448358
    outer loop
      vertex -3.59052 5.8176 5.88098
      vertex -3.56863 5.67945 6
      vertex -3.55179 5.73718 6
    endloop
  endfacet
  facet normal -0.858044 0.250384 0.448407
    outer loop
      vertex -4.20856 5.27736 5
      vertex -3.59052 5.8176 5.88098
      vertex -3.8772 6.4129 5
    endloop
  endfacet
  facet normal -0.858043 0.250366 0.448418
    outer loop
      vertex -3.59052 5.8176 5.88098
      vertex -4.20856 5.27736 5
      vertex -3.56863 5.67945 6
    endloop
  endfacet
  facet normal 0.33922 0.826942 0.448437
    outer loop
      vertex -2.21537 6.33115 6
      vertex -2.30973 6.4344 5.88098
      vertex -2.271 6.35397 6
    endloop
  endfacet
  facet normal 0.339248 0.826943 0.448416
    outer loop
      vertex -1.50202 6.58076 5
      vertex -2.30973 6.4344 5.88098
      vertex -2.21537 6.33115 6
    endloop
  endfacet
  facet normal 0.339233 0.826955 0.448404
    outer loop
      vertex -2.30973 6.4344 5.88098
      vertex -1.50202 6.58076 5
      vertex -2.59641 7.0297 5
    endloop
  endfacet
  facet normal -0.892248 0.0531675 0.448405
    outer loop
      vertex -4.20856 5.27736 5
      vertex -5.14379 6.45011 3
      vertex -5.27736 4.20856 3
    endloop
  endfacet
  facet normal -0.25038 0.858044 0.448409
    outer loop
      vertex -6.08154 2.92871 5
      vertex -5.27736 4.20856 3
      vertex -7.43299 3.57954 3
    endloop
  endfacet
  facet normal -0.250296 0.858051 -0.448442
    outer loop
      vertex -6.08154 2.92871 5
      vertex -5.73718 3.55179 6
      vertex -5.67945 3.56863 6
    endloop
  endfacet
  facet normal -0.250378 0.858044 -0.44841
    outer loop
      vertex -5.73718 3.55179 6
      vertex -6.08154 2.92871 5
      vertex -6.4194 3.09142 5.5
    endloop
  endfacet
  facet normal -0.89225 0.0531775 -0.448399
    outer loop
      vertex -4.20856 5.27736 5
      vertex -4.73938 4.80299 6
      vertex -4.44236 5.57055 5.5
    endloop
  endfacet
  facet normal -0.892255 0.0532113 -0.448385
    outer loop
      vertex -4.73938 4.80299 6
      vertex -4.20856 5.27736 5
      vertex -4.74296 4.74296 6
    endloop
  endfacet
  facet normal -0.0531661 0.892248 -0.448405
    outer loop
      vertex -5.27736 4.20856 3
      vertex -5.38936 5.207 5
      vertex -4.20856 5.27736 5
    endloop
  endfacet
  facet normal -0.05317 0.892248 -0.448405
    outer loop
      vertex -5.38936 5.207 5
      vertex -5.27736 4.20856 3
      vertex -5.87902 5.01752 4.68103
    endloop
  endfacet
  facet normal -0.0531744 0.892247 -0.448407
    outer loop
      vertex -5.87902 5.01752 4.68103
      vertex -5.27736 4.20856 3
      vertex -6.15692 4.90998 4.5
    endloop
  endfacet
  facet normal -0.881706 -0.14669 -0.448415
    outer loop
      vertex -5.27736 4.20856 3
      vertex -6.19993 4.61511 4.68103
      vertex -6.15692 4.90998 4.5
    endloop
  endfacet
  facet normal -0.881705 -0.146726 -0.448406
    outer loop
      vertex -5.27736 4.20856 3
      vertex -6.27569 4.09557 5
      vertex -6.19993 4.61511 4.68103
    endloop
  endfacet
  facet normal -0.881708 -0.146705 -0.448406
    outer loop
      vertex -6.27569 4.09557 5
      vertex -5.27736 4.20856 3
      vertex -6.08154 2.92871 5
    endloop
  endfacet
  facet normal -0.88171 -0.146704 0.448404
    outer loop
      vertex -5.75911 3.68361 5.88098
      vertex -5.67945 3.56863 6
      vertex -5.68932 3.62795 6
    endloop
  endfacet
  facet normal -0.881709 -0.146705 0.448406
    outer loop
      vertex -6.08154 2.92871 5
      vertex -5.75911 3.68361 5.88098
      vertex -6.27569 4.09557 5
    endloop
  endfacet
  facet normal -0.88171 -0.146703 0.448405
    outer loop
      vertex -5.75911 3.68361 5.88098
      vertex -6.08154 2.92871 5
      vertex -5.67945 3.56863 6
    endloop
  endfacet
  facet normal -0.0532093 0.892222 0.448451
    outer loop
      vertex -4.74296 4.74296 6
      vertex -4.87278 4.79504 5.88098
      vertex -4.80299 4.73938 6
    endloop
  endfacet
  facet normal -0.0531604 0.892247 0.448408
    outer loop
      vertex -4.20856 5.27736 5
      vertex -4.87278 4.79504 5.88098
      vertex -4.74296 4.74296 6
    endloop
  endfacet
  facet normal -0.0531661 0.892248 0.448404
    outer loop
      vertex -4.87278 4.79504 5.88098
      vertex -4.20856 5.27736 5
      vertex -5.38936 5.207 5
    endloop
  endfacet
  facet normal -0.826956 -0.33923 0.448404
    outer loop
      vertex -6.58076 1.50202 3
      vertex -6.08154 2.92871 5
      vertex -7.43299 3.57954 3
    endloop
  endfacet
  facet normal -0.597875 0.664437 0.448407
    outer loop
      vertex -6.75 0 5
      vertex -6.58076 1.50202 3
      vertex -8.25 0 3
    endloop
  endfacet
  facet normal -0.597888 0.664436 -0.448391
    outer loop
      vertex -6.66538 0.751008 6
      vertex -7.125 0 5.5
      vertex -6.71008 0.710785 6
    endloop
  endfacet
  facet normal -0.597875 0.664438 -0.448406
    outer loop
      vertex -7.125 0 5.5
      vertex -6.66538 0.751008 6
      vertex -6.75 0 5
    endloop
  endfacet
  facet normal -0.826959 -0.339227 -0.448401
    outer loop
      vertex -6.08154 2.92871 5
      vertex -6.35397 2.271 6
      vertex -6.4194 3.09142 5.5
    endloop
  endfacet
  facet normal -0.826959 -0.339227 -0.448401
    outer loop
      vertex -6.35397 2.271 6
      vertex -6.08154 2.92871 5
      vertex -6.33115 2.21537 6
    endloop
  endfacet
  facet normal -0.435027 0.780815 -0.448418
    outer loop
      vertex -6.08154 2.92871 5
      vertex -7.47383 1.96982 4.68103
      vertex -7.11488 2.35299 5
    endloop
  endfacet
  facet normal -0.435033 0.780819 -0.448405
    outer loop
      vertex -6.58076 1.50202 3
      vertex -7.47383 1.96982 4.68103
      vertex -6.08154 2.92871 5
    endloop
  endfacet
  facet normal -0.435035 0.780818 -0.448406
    outer loop
      vertex -7.47383 1.96982 4.68103
      vertex -6.58076 1.50202 3
      vertex -7.67756 1.75235 4.5
    endloop
  endfacet
  facet normal -0.730728 -0.514755 -0.448402
    outer loop
      vertex -6.58076 1.50202 3
      vertex -7.58836 1.46803 4.68103
      vertex -7.67756 1.75235 4.5
    endloop
  endfacet
  facet normal -0.73074 -0.514731 -0.448409
    outer loop
      vertex -6.58076 1.50202 3
      vertex -7.43121 0.96706 5
      vertex -7.58836 1.46803 4.68103
    endloop
  endfacet
  facet normal -0.730735 -0.514739 -0.448409
    outer loop
      vertex -7.43121 0.96706 5
      vertex -6.58076 1.50202 3
      vertex -6.75 0 5
    endloop
  endfacet
  facet normal -0.730731 -0.514731 0.448424
    outer loop
      vertex -6.78704 0.820033 5.88098
      vertex -6.66538 0.751008 6
      vertex -6.70001 0.80017 6
    endloop
  endfacet
  facet normal -0.730736 -0.51474 0.448407
    outer loop
      vertex -6.75 0 5
      vertex -6.78704 0.820033 5.88098
      vertex -7.43121 0.96706 5
    endloop
  endfacet
  facet normal -0.730728 -0.514746 0.448412
    outer loop
      vertex -6.78704 0.820033 5.88098
      vertex -6.75 0 5
      vertex -6.66538 0.751008 6
    endloop
  endfacet
  facet normal -0.435064 0.780797 0.448414
    outer loop
      vertex -6.33115 2.21537 6
      vertex -6.47071 2.20596 5.88098
      vertex -6.38368 2.1861 6
    endloop
  endfacet
  facet normal -0.435049 0.780816 0.448395
    outer loop
      vertex -6.08154 2.92871 5
      vertex -6.47071 2.20596 5.88098
      vertex -6.33115 2.21537 6
    endloop
  endfacet
  facet normal -0.43503 0.78082 0.448407
    outer loop
      vertex -6.47071 2.20596 5.88098
      vertex -6.08154 2.92871 5
      vertex -7.11488 2.35299 5
    endloop
  endfacet
  facet normal -0.597875 -0.664437 0.448407
    outer loop
      vertex -6.58076 -1.50202 3
      vertex -6.75 0 5
      vertex -8.25 0 3
    endloop
  endfacet
  facet normal -0.826956 0.33923 0.448404
    outer loop
      vertex -6.08154 -2.92871 5
      vertex -6.58076 -1.50202 3
      vertex -7.43299 -3.57954 3
    endloop
  endfacet
  facet normal -0.826959 0.339227 -0.448401
    outer loop
      vertex -6.08154 -2.92871 5
      vertex -6.35397 -2.271 6
      vertex -6.33115 -2.21537 6
    endloop
  endfacet
  facet normal -0.826959 0.339227 -0.448401
    outer loop
      vertex -6.35397 -2.271 6
      vertex -6.08154 -2.92871 5
      vertex -6.4194 -3.09142 5.5
    endloop
  endfacet
  facet normal -0.597888 -0.664436 -0.448391
    outer loop
      vertex -7.125 0 5.5
      vertex -6.66538 -0.751008 6
      vertex -6.71008 -0.710785 6
    endloop
  endfacet
  facet normal -0.597875 -0.664438 -0.448406
    outer loop
      vertex -6.66538 -0.751008 6
      vertex -7.125 0 5.5
      vertex -6.75 0 5
    endloop
  endfacet
  facet normal -0.730735 0.514739 -0.448409
    outer loop
      vertex -6.58076 -1.50202 3
      vertex -7.43121 -0.96706 5
      vertex -6.75 0 5
    endloop
  endfacet
  facet normal -0.73074 0.514731 -0.448409
    outer loop
      vertex -7.43121 -0.96706 5
      vertex -6.58076 -1.50202 3
      vertex -7.58836 -1.46803 4.68103
    endloop
  endfacet
  facet normal -0.730728 0.514755 -0.448402
    outer loop
      vertex -7.58836 -1.46803 4.68103
      vertex -6.58076 -1.50202 3
      vertex -7.67756 -1.75235 4.5
    endloop
  endfacet
  facet normal -0.435027 -0.780815 -0.448418
    outer loop
      vertex -7.47383 -1.96982 4.68103
      vertex -6.08154 -2.92871 5
      vertex -7.11488 -2.35299 5
    endloop
  endfacet
  facet normal -0.435035 -0.780818 -0.448406
    outer loop
      vertex -6.58076 -1.50202 3
      vertex -7.47383 -1.96982 4.68103
      vertex -7.67756 -1.75235 4.5
    endloop
  endfacet
  facet normal -0.435033 -0.780819 -0.448405
    outer loop
      vertex -7.47383 -1.96982 4.68103
      vertex -6.58076 -1.50202 3
      vertex -6.08154 -2.92871 5
    endloop
  endfacet
  facet normal -0.435064 -0.780797 0.448414
    outer loop
      vertex -6.47071 -2.20596 5.88098
      vertex -6.33115 -2.21537 6
      vertex -6.38368 -2.1861 6
    endloop
  endfacet
  facet normal -0.43503 -0.78082 0.448407
    outer loop
      vertex -6.08154 -2.92871 5
      vertex -6.47071 -2.20596 5.88098
      vertex -7.11488 -2.35299 5
    endloop
  endfacet
  facet normal -0.435049 -0.780816 0.448395
    outer loop
      vertex -6.47071 -2.20596 5.88098
      vertex -6.08154 -2.92871 5
      vertex -6.33115 -2.21537 6
    endloop
  endfacet
  facet normal -0.730728 0.514746 0.448412
    outer loop
      vertex -6.78704 -0.820033 5.88098
      vertex -6.66538 -0.751008 6
      vertex -6.75 0 5
    endloop
  endfacet
  facet normal -0.730731 0.514731 0.448424
    outer loop
      vertex -6.66538 -0.751008 6
      vertex -6.78704 -0.820033 5.88098
      vertex -6.70001 -0.80017 6
    endloop
  endfacet
  facet normal -0.730736 0.51474 0.448407
    outer loop
      vertex -6.78704 -0.820033 5.88098
      vertex -6.75 0 5
      vertex -7.43121 -0.96706 5
    endloop
  endfacet
  facet normal -0.25038 -0.858044 0.448409
    outer loop
      vertex -5.27736 -4.20856 3
      vertex -6.08154 -2.92871 5
      vertex -7.43299 -3.57954 3
    endloop
  endfacet
  facet normal -0.892248 -0.0531675 0.448405
    outer loop
      vertex -5.14379 -6.45011 3
      vertex -4.20856 -5.27736 5
      vertex -5.27736 -4.20856 3
    endloop
  endfacet
  facet normal -0.892255 -0.0532113 -0.448385
    outer loop
      vertex -4.20856 -5.27736 5
      vertex -4.73938 -4.80299 6
      vertex -4.74296 -4.74296 6
    endloop
  endfacet
  facet normal -0.89225 -0.0531775 -0.448399
    outer loop
      vertex -4.73938 -4.80299 6
      vertex -4.20856 -5.27736 5
      vertex -4.44236 -5.57055 5.5
    endloop
  endfacet
  facet normal -0.250378 -0.858044 -0.44841
    outer loop
      vertex -6.08154 -2.92871 5
      vertex -5.73718 -3.55179 6
      vertex -6.4194 -3.09142 5.5
    endloop
  endfacet
  facet normal -0.250296 -0.858051 -0.448442
    outer loop
      vertex -5.73718 -3.55179 6
      vertex -6.08154 -2.92871 5
      vertex -5.67945 -3.56863 6
    endloop
  endfacet
  facet normal -0.881708 0.146705 -0.448406
    outer loop
      vertex -5.27736 -4.20856 3
      vertex -6.27569 -4.09557 5
      vertex -6.08154 -2.92871 5
    endloop
  endfacet
  facet normal -0.881705 0.146726 -0.448406
    outer loop
      vertex -5.27736 -4.20856 3
      vertex -6.19993 -4.61511 4.68103
      vertex -6.27569 -4.09557 5
    endloop
  endfacet
  facet normal -0.881706 0.14669 -0.448415
    outer loop
      vertex -6.19993 -4.61511 4.68103
      vertex -5.27736 -4.20856 3
      vertex -6.15692 -4.90998 4.5
    endloop
  endfacet
  facet normal -0.05317 -0.892248 -0.448405
    outer loop
      vertex -5.27736 -4.20856 3
      vertex -5.38936 -5.207 5
      vertex -5.87902 -5.01752 4.68103
    endloop
  endfacet
  facet normal -0.0531744 -0.892247 -0.448407
    outer loop
      vertex -5.27736 -4.20856 3
      vertex -5.87902 -5.01752 4.68103
      vertex -6.15692 -4.90998 4.5
    endloop
  endfacet
  facet normal -0.0531661 -0.892248 -0.448405
    outer loop
      vertex -5.38936 -5.207 5
      vertex -5.27736 -4.20856 3
      vertex -4.20856 -5.27736 5
    endloop
  endfacet
  facet normal -0.0532093 -0.892222 0.448451
    outer loop
      vertex -4.87278 -4.79504 5.88098
      vertex -4.74296 -4.74296 6
      vertex -4.80299 -4.73938 6
    endloop
  endfacet
  facet normal -0.0531661 -0.892248 0.448404
    outer loop
      vertex -4.20856 -5.27736 5
      vertex -4.87278 -4.79504 5.88098
      vertex -5.38936 -5.207 5
    endloop
  endfacet
  facet normal -0.0531604 -0.892247 0.448408
    outer loop
      vertex -4.87278 -4.79504 5.88098
      vertex -4.20856 -5.27736 5
      vertex -4.74296 -4.74296 6
    endloop
  endfacet
  facet normal -0.88171 0.146703 0.448405
    outer loop
      vertex -5.75911 -3.68361 5.88098
      vertex -5.67945 -3.56863 6
      vertex -6.08154 -2.92871 5
    endloop
  endfacet
  facet normal -0.88171 0.146704 0.448404
    outer loop
      vertex -5.67945 -3.56863 6
      vertex -5.75911 -3.68361 5.88098
      vertex -5.68932 -3.62795 6
    endloop
  endfacet
  facet normal -0.881709 0.146705 0.448406
    outer loop
      vertex -5.75911 -3.68361 5.88098
      vertex -6.08154 -2.92871 5
      vertex -6.27569 -4.09557 5
    endloop
  endfacet
  facet normal 0.146708 -0.881707 0.448408
    outer loop
      vertex -2.92871 -6.08154 3
      vertex -4.20856 -5.27736 5
      vertex -5.14379 -6.45011 3
    endloop
  endfacet
  facet normal -0.780819 -0.435033 0.448405
    outer loop
      vertex -1.8358 -8.04315 3
      vertex -1.50202 -6.58076 5
      vertex -2.92871 -6.08154 3
    endloop
  endfacet
  facet normal -0.780807 -0.43507 -0.448391
    outer loop
      vertex -1.50202 -6.58076 5
      vertex -2.1861 -6.38368 6
      vertex -2.21537 -6.33115 6
    endloop
  endfacet
  facet normal -0.780817 -0.435039 -0.448404
    outer loop
      vertex -2.1861 -6.38368 6
      vertex -1.50202 -6.58076 5
      vertex -1.58546 -6.94636 5.5
    endloop
  endfacet
  facet normal 0.146714 -0.881705 -0.448411
    outer loop
      vertex -4.20856 -5.27736 5
      vertex -3.62795 -5.68932 6
      vertex -4.44236 -5.57055 5.5
    endloop
  endfacet
  facet normal 0.146704 -0.881708 -0.448406
    outer loop
      vertex -3.62795 -5.68932 6
      vertex -4.20856 -5.27736 5
      vertex -3.56863 -5.67945 6
    endloop
  endfacet
  facet normal -0.858044 -0.250384 -0.448407
    outer loop
      vertex -2.92871 -6.08154 3
      vertex -3.8772 -6.4129 5
      vertex -4.20856 -5.27736 5
    endloop
  endfacet
  facet normal -0.85805 -0.250365 -0.448406
    outer loop
      vertex -2.92871 -6.08154 3
      vertex -3.58352 -6.84812 4.68103
      vertex -3.8772 -6.4129 5
    endloop
  endfacet
  facet normal -0.858037 -0.250394 -0.448414
    outer loop
      vertex -3.58352 -6.84812 4.68103
      vertex -2.92871 -6.08154 3
      vertex -3.41683 -7.09513 4.5
    endloop
  endfacet
  facet normal 0.339228 -0.826956 -0.448406
    outer loop
      vertex -2.92871 -6.08154 3
      vertex -2.59641 -7.0297 5
      vertex -3.11979 -7.07144 4.68103
    endloop
  endfacet
  facet normal 0.339232 -0.826955 -0.448405
    outer loop
      vertex -2.92871 -6.08154 3
      vertex -3.11979 -7.07144 4.68103
      vertex -3.41683 -7.09513 4.5
    endloop
  endfacet
  facet normal 0.339233 -0.826954 -0.448406
    outer loop
      vertex -2.59641 -7.0297 5
      vertex -2.92871 -6.08154 3
      vertex -1.50202 -6.58076 5
    endloop
  endfacet
  facet normal 0.33922 -0.826942 0.448437
    outer loop
      vertex -2.30973 -6.4344 5.88098
      vertex -2.21537 -6.33115 6
      vertex -2.271 -6.35397 6
    endloop
  endfacet
  facet normal 0.339233 -0.826955 0.448404
    outer loop
      vertex -1.50202 -6.58076 5
      vertex -2.30973 -6.4344 5.88098
      vertex -2.59641 -7.0297 5
    endloop
  endfacet
  facet normal 0.339248 -0.826943 0.448416
    outer loop
      vertex -2.30973 -6.4344 5.88098
      vertex -1.50202 -6.58076 5
      vertex -2.21537 -6.33115 6
    endloop
  endfacet
  facet normal -0.858043 -0.250366 0.448418
    outer loop
      vertex -3.59052 -5.8176 5.88098
      vertex -3.56863 -5.67945 6
      vertex -4.20856 -5.27736 5
    endloop
  endfacet
  facet normal -0.858091 -0.250308 0.448358
    outer loop
      vertex -3.56863 -5.67945 6
      vertex -3.59052 -5.8176 5.88098
      vertex -3.55179 -5.73718 6
    endloop
  endfacet
  facet normal -0.858044 -0.250384 0.448407
    outer loop
      vertex -3.59052 -5.8176 5.88098
      vertex -4.20856 -5.27736 5
      vertex -3.8772 -6.4129 5
    endloop
  endfacet
  facet normal 0.514736 -0.730738 0.448407
    outer loop
      vertex 0 -6.75 3
      vertex -1.50202 -6.58076 5
      vertex -1.8358 -8.04315 3
    endloop
  endfacet
  facet normal -0.514736 -0.730738 0.448407
    outer loop
      vertex 1.8358 -8.04315 3
      vertex 1.50202 -6.58076 5
      vertex 0 -6.75 3
    endloop
  endfacet
  facet normal -0.514736 -0.730738 -0.448408
    outer loop
      vertex 1.50202 -6.58076 5
      vertex 0.80017 -6.70001 6
      vertex 0.751008 -6.66538 6
    endloop
  endfacet
  facet normal -0.514741 -0.730732 -0.448411
    outer loop
      vertex 0.80017 -6.70001 6
      vertex 1.50202 -6.58076 5
      vertex 1.58546 -6.94636 5.5
    endloop
  endfacet
  facet normal 0.514741 -0.730732 -0.448411
    outer loop
      vertex -1.50202 -6.58076 5
      vertex -0.80017 -6.70001 6
      vertex -1.58546 -6.94636 5.5
    endloop
  endfacet
  facet normal 0.514736 -0.730738 -0.448408
    outer loop
      vertex -0.80017 -6.70001 6
      vertex -1.50202 -6.58076 5
      vertex -0.751008 -6.66538 6
    endloop
  endfacet
  facet normal -0.664436 -0.597877 -0.448406
    outer loop
      vertex -0.257348 -7.72477 4.68103
      vertex -1.50202 -6.58076 5
      vertex 0 -6.75 3
    endloop
  endfacet
  facet normal -0.664436 -0.597877 -0.448406
    outer loop
      vertex -1.50202 -6.58076 5
      vertex -0.257348 -7.72477 4.68103
      vertex -0.710785 -7.46008 5
    endloop
  endfacet
  facet normal -0.664442 -0.597872 -0.448404
    outer loop
      vertex -0.257348 -7.72477 4.68103
      vertex 0 -6.75 3
      vertex 0 -7.875 4.5
    endloop
  endfacet
  facet normal 0.664436 -0.597877 -0.448406
    outer loop
      vertex 0.257348 -7.72477 4.68103
      vertex 1.50202 -6.58076 5
      vertex 0.710785 -7.46008 5
    endloop
  endfacet
  facet normal 0.664436 -0.597877 -0.448406
    outer loop
      vertex 1.50202 -6.58076 5
      vertex 0.257348 -7.72477 4.68103
      vertex 0 -6.75 3
    endloop
  endfacet
  facet normal 0.664442 -0.597872 -0.448404
    outer loop
      vertex 0 -6.75 3
      vertex 0.257348 -7.72477 4.68103
      vertex 0 -7.875 4.5
    endloop
  endfacet
  facet normal 0.664421 -0.597875 0.448431
    outer loop
      vertex 0.710785 -6.79935 5.88098
      vertex 0.751008 -6.66538 6
      vertex 0.710785 -6.71008 6
    endloop
  endfacet
  facet normal 0.664442 -0.597865 0.448413
    outer loop
      vertex 0.751008 -6.66538 6
      vertex 0.710785 -6.79935 5.88098
      vertex 1.50202 -6.58076 5
    endloop
  endfacet
  facet normal 0.664437 -0.597877 0.448405
    outer loop
      vertex 1.50202 -6.58076 5
      vertex 0.710785 -6.79935 5.88098
      vertex 0.710785 -7.46008 5
    endloop
  endfacet
  facet normal -0.664442 -0.597865 0.448413
    outer loop
      vertex -0.710785 -6.79935 5.88098
      vertex -0.751008 -6.66538 6
      vertex -1.50202 -6.58076 5
    endloop
  endfacet
  facet normal -0.664421 -0.597875 0.448431
    outer loop
      vertex -0.751008 -6.66538 6
      vertex -0.710785 -6.79935 5.88098
      vertex -0.710785 -6.71008 6
    endloop
  endfacet
  facet normal -0.664437 -0.597877 0.448405
    outer loop
      vertex -0.710785 -6.79935 5.88098
      vertex -1.50202 -6.58076 5
      vertex -0.710785 -7.46008 5
    endloop
  endfacet
  facet normal 0.780819 -0.435033 0.448405
    outer loop
      vertex 1.8358 -8.04315 3
      vertex 2.92871 -6.08154 3
      vertex 1.50202 -6.58076 5
    endloop
  endfacet
  facet normal -0.146708 -0.881707 0.448408
    outer loop
      vertex 5.14379 -6.45011 3
      vertex 4.20856 -5.27736 5
      vertex 2.92871 -6.08154 3
    endloop
  endfacet
  facet normal -0.146704 -0.881708 -0.448406
    outer loop
      vertex 4.20856 -5.27736 5
      vertex 3.62795 -5.68932 6
      vertex 3.56863 -5.67945 6
    endloop
  endfacet
  facet normal -0.146714 -0.881705 -0.448411
    outer loop
      vertex 3.62795 -5.68932 6
      vertex 4.20856 -5.27736 5
      vertex 4.44236 -5.57055 5.5
    endloop
  endfacet
  facet normal 0.780807 -0.43507 -0.448391
    outer loop
      vertex 2.1861 -6.38368 6
      vertex 1.50202 -6.58076 5
      vertex 2.21537 -6.33115 6
    endloop
  endfacet
  facet normal 0.780817 -0.435039 -0.448404
    outer loop
      vertex 1.50202 -6.58076 5
      vertex 2.1861 -6.38368 6
      vertex 1.58546 -6.94636 5.5
    endloop
  endfacet
  facet normal -0.339233 -0.826954 -0.448406
    outer loop
      vertex 2.92871 -6.08154 3
      vertex 2.59641 -7.0297 5
      vertex 1.50202 -6.58076 5
    endloop
  endfacet
  facet normal -0.339228 -0.826956 -0.448406
    outer loop
      vertex 2.59641 -7.0297 5
      vertex 2.92871 -6.08154 3
      vertex 3.11979 -7.07144 4.68103
    endloop
  endfacet
  facet normal -0.339232 -0.826955 -0.448405
    outer loop
      vertex 3.11979 -7.07144 4.68103
      vertex 2.92871 -6.08154 3
      vertex 3.41683 -7.09513 4.5
    endloop
  endfacet
  facet normal 0.858044 -0.250384 -0.448407
    outer loop
      vertex 3.8772 -6.4129 5
      vertex 2.92871 -6.08154 3
      vertex 4.20856 -5.27736 5
    endloop
  endfacet
  facet normal 0.85805 -0.250365 -0.448406
    outer loop
      vertex 3.58352 -6.84812 4.68103
      vertex 2.92871 -6.08154 3
      vertex 3.8772 -6.4129 5
    endloop
  endfacet
  facet normal 0.858037 -0.250394 -0.448414
    outer loop
      vertex 2.92871 -6.08154 3
      vertex 3.58352 -6.84812 4.68103
      vertex 3.41683 -7.09513 4.5
    endloop
  endfacet
  facet normal 0.858091 -0.250308 0.448358
    outer loop
      vertex 3.59052 -5.8176 5.88098
      vertex 3.56863 -5.67945 6
      vertex 3.55179 -5.73718 6
    endloop
  endfacet
  facet normal 0.858043 -0.250366 0.448418
    outer loop
      vertex 3.56863 -5.67945 6
      vertex 3.59052 -5.8176 5.88098
      vertex 4.20856 -5.27736 5
    endloop
  endfacet
  facet normal 0.858044 -0.250384 0.448407
    outer loop
      vertex 4.20856 -5.27736 5
      vertex 3.59052 -5.8176 5.88098
      vertex 3.8772 -6.4129 5
    endloop
  endfacet
  facet normal -0.33922 -0.826942 0.448437
    outer loop
      vertex 2.21537 -6.33115 6
      vertex 2.30973 -6.4344 5.88098
      vertex 2.271 -6.35397 6
    endloop
  endfacet
  facet normal -0.339248 -0.826943 0.448416
    outer loop
      vertex 1.50202 -6.58076 5
      vertex 2.30973 -6.4344 5.88098
      vertex 2.21537 -6.33115 6
    endloop
  endfacet
  facet normal -0.339233 -0.826955 0.448404
    outer loop
      vertex 2.30973 -6.4344 5.88098
      vertex 1.50202 -6.58076 5
      vertex 2.59641 -7.0297 5
    endloop
  endfacet
  facet normal 0.892248 -0.0531675 0.448405
    outer loop
      vertex 5.14379 -6.45011 3
      vertex 5.27736 -4.20856 3
      vertex 4.20856 -5.27736 5
    endloop
  endfacet
  facet normal 0.25038 -0.858044 0.448409
    outer loop
      vertex 7.43299 -3.57954 3
      vertex 6.08154 -2.92871 5
      vertex 5.27736 -4.20856 3
    endloop
  endfacet
  facet normal 0.250296 -0.858051 -0.448442
    outer loop
      vertex 6.08154 -2.92871 5
      vertex 5.73718 -3.55179 6
      vertex 5.67945 -3.56863 6
    endloop
  endfacet
  facet normal 0.250378 -0.858044 -0.44841
    outer loop
      vertex 5.73718 -3.55179 6
      vertex 6.08154 -2.92871 5
      vertex 6.4194 -3.09142 5.5
    endloop
  endfacet
  facet normal 0.892255 -0.0532113 -0.448385
    outer loop
      vertex 4.73938 -4.80299 6
      vertex 4.20856 -5.27736 5
      vertex 4.74296 -4.74296 6
    endloop
  endfacet
  facet normal 0.89225 -0.0531775 -0.448399
    outer loop
      vertex 4.20856 -5.27736 5
      vertex 4.73938 -4.80299 6
      vertex 4.44236 -5.57055 5.5
    endloop
  endfacet
  facet normal 0.0531661 -0.892248 -0.448405
    outer loop
      vertex 5.27736 -4.20856 3
      vertex 5.38936 -5.207 5
      vertex 4.20856 -5.27736 5
    endloop
  endfacet
  facet normal 0.05317 -0.892248 -0.448405
    outer loop
      vertex 5.38936 -5.207 5
      vertex 5.27736 -4.20856 3
      vertex 5.87902 -5.01752 4.68103
    endloop
  endfacet
  facet normal 0.0531744 -0.892247 -0.448407
    outer loop
      vertex 5.87902 -5.01752 4.68103
      vertex 5.27736 -4.20856 3
      vertex 6.15692 -4.90998 4.5
    endloop
  endfacet
  facet normal 0.881708 0.146705 -0.448406
    outer loop
      vertex 6.27569 -4.09557 5
      vertex 5.27736 -4.20856 3
      vertex 6.08154 -2.92871 5
    endloop
  endfacet
  facet normal 0.881705 0.146726 -0.448406
    outer loop
      vertex 6.19993 -4.61511 4.68103
      vertex 5.27736 -4.20856 3
      vertex 6.27569 -4.09557 5
    endloop
  endfacet
  facet normal 0.881706 0.14669 -0.448415
    outer loop
      vertex 5.27736 -4.20856 3
      vertex 6.19993 -4.61511 4.68103
      vertex 6.15692 -4.90998 4.5
    endloop
  endfacet
  facet normal 0.88171 0.146704 0.448404
    outer loop
      vertex 5.75911 -3.68361 5.88098
      vertex 5.67945 -3.56863 6
      vertex 5.68932 -3.62795 6
    endloop
  endfacet
  facet normal 0.88171 0.146703 0.448405
    outer loop
      vertex 5.67945 -3.56863 6
      vertex 5.75911 -3.68361 5.88098
      vertex 6.08154 -2.92871 5
    endloop
  endfacet
  facet normal 0.881709 0.146705 0.448406
    outer loop
      vertex 6.08154 -2.92871 5
      vertex 5.75911 -3.68361 5.88098
      vertex 6.27569 -4.09557 5
    endloop
  endfacet
  facet normal 0.0532093 -0.892222 0.448451
    outer loop
      vertex 4.74296 -4.74296 6
      vertex 4.87278 -4.79504 5.88098
      vertex 4.80299 -4.73938 6
    endloop
  endfacet
  facet normal 0.0531604 -0.892247 0.448408
    outer loop
      vertex 4.20856 -5.27736 5
      vertex 4.87278 -4.79504 5.88098
      vertex 4.74296 -4.74296 6
    endloop
  endfacet
  facet normal 0.0531661 -0.892248 0.448404
    outer loop
      vertex 4.87278 -4.79504 5.88098
      vertex 4.20856 -5.27736 5
      vertex 5.38936 -5.207 5
    endloop
  endfacet
  facet normal 0.826956 0.33923 0.448404
    outer loop
      vertex 7.43299 -3.57954 3
      vertex 6.58076 -1.50202 3
      vertex 6.08154 -2.92871 5
    endloop
  endfacet
  facet normal 0.597875 -0.664437 0.448407
    outer loop
      vertex 8.25 0 3
      vertex 6.75 0 5
      vertex 6.58076 -1.50202 3
    endloop
  endfacet
  facet normal 0.597888 -0.664436 -0.448391
    outer loop
      vertex 6.66538 -0.751008 6
      vertex 7.125 0 5.5
      vertex 6.71008 -0.710785 6
    endloop
  endfacet
  facet normal 0.597875 -0.664438 -0.448406
    outer loop
      vertex 7.125 0 5.5
      vertex 6.66538 -0.751008 6
      vertex 6.75 0 5
    endloop
  endfacet
  facet normal 0.826959 0.339227 -0.448401
    outer loop
      vertex 6.35397 -2.271 6
      vertex 6.08154 -2.92871 5
      vertex 6.33115 -2.21537 6
    endloop
  endfacet
  facet normal 0.826959 0.339227 -0.448401
    outer loop
      vertex 6.08154 -2.92871 5
      vertex 6.35397 -2.271 6
      vertex 6.4194 -3.09142 5.5
    endloop
  endfacet
  facet normal 0.435027 -0.780815 -0.448418
    outer loop
      vertex 6.08154 -2.92871 5
      vertex 7.47383 -1.96982 4.68103
      vertex 7.11488 -2.35299 5
    endloop
  endfacet
  facet normal 0.435033 -0.780819 -0.448405
    outer loop
      vertex 6.58076 -1.50202 3
      vertex 7.47383 -1.96982 4.68103
      vertex 6.08154 -2.92871 5
    endloop
  endfacet
  facet normal 0.435035 -0.780818 -0.448406
    outer loop
      vertex 7.47383 -1.96982 4.68103
      vertex 6.58076 -1.50202 3
      vertex 7.67756 -1.75235 4.5
    endloop
  endfacet
  facet normal 0.73074 0.514731 -0.448409
    outer loop
      vertex 6.58076 -1.50202 3
      vertex 7.43121 -0.96706 5
      vertex 7.58836 -1.46803 4.68103
    endloop
  endfacet
  facet normal 0.730735 0.514739 -0.448409
    outer loop
      vertex 7.43121 -0.96706 5
      vertex 6.58076 -1.50202 3
      vertex 6.75 0 5
    endloop
  endfacet
  facet normal 0.730728 0.514755 -0.448402
    outer loop
      vertex 6.58076 -1.50202 3
      vertex 7.58836 -1.46803 4.68103
      vertex 7.67756 -1.75235 4.5
    endloop
  endfacet
  facet normal 0.730731 0.514731 0.448424
    outer loop
      vertex 6.78704 -0.820033 5.88098
      vertex 6.66538 -0.751008 6
      vertex 6.70001 -0.80017 6
    endloop
  endfacet
  facet normal 0.730728 0.514746 0.448412
    outer loop
      vertex 6.66538 -0.751008 6
      vertex 6.78704 -0.820033 5.88098
      vertex 6.75 0 5
    endloop
  endfacet
  facet normal 0.730736 0.51474 0.448407
    outer loop
      vertex 6.75 0 5
      vertex 6.78704 -0.820033 5.88098
      vertex 7.43121 -0.96706 5
    endloop
  endfacet
  facet normal 0.435064 -0.780797 0.448414
    outer loop
      vertex 6.33115 -2.21537 6
      vertex 6.47071 -2.20596 5.88098
      vertex 6.38368 -2.1861 6
    endloop
  endfacet
  facet normal 0.435049 -0.780816 0.448395
    outer loop
      vertex 6.08154 -2.92871 5
      vertex 6.47071 -2.20596 5.88098
      vertex 6.33115 -2.21537 6
    endloop
  endfacet
  facet normal 0.43503 -0.78082 0.448407
    outer loop
      vertex 6.47071 -2.20596 5.88098
      vertex 6.08154 -2.92871 5
      vertex 7.11488 -2.35299 5
    endloop
  endfacet
  facet normal -0.0802145 0 -0.996778
    outer loop
      vertex -2.12132 2.12132 17.85
      vertex -1.5 2.59808 17.8
      vertex -1.5 2.59807 17.8
    endloop
  endfacet
  facet normal -0.0802145 -0 -0.996778
    outer loop
      vertex -1.5 2.59808 16.6
      vertex -1.5 2.59807 16.6
      vertex -2.12132 2.12132 16.65
    endloop
  endfacet
  facet normal -0.0802145 -0 -0.996778
    outer loop
      vertex -1.5 2.59808 15.4
      vertex -1.5 2.59807 15.4
      vertex -2.12132 2.12132 15.45
    endloop
  endfacet
  facet normal -0.0802145 -0 -0.996778
    outer loop
      vertex -1.5 2.59808 14.2
      vertex -1.5 2.59807 14.2
      vertex -2.12132 2.12132 14.25
    endloop
  endfacet
  facet normal -0.0802145 -0 -0.996778
    outer loop
      vertex -1.5 2.59808 13
      vertex -1.5 2.59807 13
      vertex -2.12132 2.12132 13.05
    endloop
  endfacet
  facet normal -0.0802145 -0 -0.996778
    outer loop
      vertex -1.5 2.59808 11.8
      vertex -1.5 2.59807 11.8
      vertex -2.12132 2.12132 11.85
    endloop
  endfacet
  facet normal -0.0802145 -0 -0.996778
    outer loop
      vertex -1.5 2.59808 10.6
      vertex -1.5 2.59807 10.6
      vertex -2.12132 2.12132 10.65
    endloop
  endfacet
  facet normal -0.0802145 -0 -0.996778
    outer loop
      vertex -1.5 2.59808 9.4
      vertex -1.5 2.59807 9.4
      vertex -2.12132 2.12132 9.45
    endloop
  endfacet
  facet normal -0.0802145 -0 -0.996778
    outer loop
      vertex -1.5 2.59808 8.2
      vertex -1.5 2.59807 8.2
      vertex -2.12132 2.12132 8.25
    endloop
  endfacet
  facet normal -0.0802145 -0 -0.996778
    outer loop
      vertex -1.5 2.59808 7
      vertex -1.5 2.59807 7
      vertex -2.12132 2.12132 7.05
    endloop
  endfacet
  facet normal 0 0.0802145 0.996778
    outer loop
      vertex -2.12132 2.12132 17.85
      vertex -2.59808 1.5 17.9
      vertex -2.59807 1.5 17.9
    endloop
  endfacet
  facet normal -0 0.0802145 0.996778
    outer loop
      vertex -2.59808 1.5 16.7
      vertex -2.59807 1.5 16.7
      vertex -2.12132 2.12132 16.65
    endloop
  endfacet
  facet normal -0 0.0802145 0.996778
    outer loop
      vertex -2.59808 1.5 15.5
      vertex -2.59807 1.5 15.5
      vertex -2.12132 2.12132 15.45
    endloop
  endfacet
  facet normal 0 0.0802145 0.996778
    outer loop
      vertex -2.12132 2.12132 14.25
      vertex -2.59808 1.5 14.3
      vertex -2.59807 1.5 14.3
    endloop
  endfacet
  facet normal -0 0.0802145 0.996778
    outer loop
      vertex -2.59808 1.5 13.1
      vertex -2.59807 1.5 13.1
      vertex -2.12132 2.12132 13.05
    endloop
  endfacet
  facet normal -0 0.0802145 0.996778
    outer loop
      vertex -2.59808 1.5 11.9
      vertex -2.59807 1.5 11.9
      vertex -2.12132 2.12132 11.85
    endloop
  endfacet
  facet normal -0 0.0802145 0.996778
    outer loop
      vertex -2.59808 1.5 10.7
      vertex -2.59807 1.5 10.7
      vertex -2.12132 2.12132 10.65
    endloop
  endfacet
  facet normal -0 0.0802145 0.996778
    outer loop
      vertex -2.59808 1.5 9.5
      vertex -2.59807 1.5 9.5
      vertex -2.12132 2.12132 9.45
    endloop
  endfacet
  facet normal -0 0.0802145 0.996778
    outer loop
      vertex -2.59808 1.5 8.3
      vertex -2.59807 1.5 8.3
      vertex -2.12132 2.12132 8.25
    endloop
  endfacet
  facet normal -0 0.0802145 0.996778
    outer loop
      vertex -2.59808 1.5 7.1
      vertex -2.59807 1.5 7.1
      vertex -2.12132 2.12132 7.05
    endloop
  endfacet
  facet normal 0 0.0802145 -0.996778
    outer loop
      vertex 2.12132 2.12132 17.55
      vertex 2.59808 1.5 17.5
      vertex 2.59807 1.5 17.5
    endloop
  endfacet
  facet normal 0 0.0802145 -0.996778
    outer loop
      vertex 2.59808 1.5 16.3
      vertex 2.59807 1.5 16.3
      vertex 2.12132 2.12132 16.35
    endloop
  endfacet
  facet normal 0 0.0802145 -0.996778
    outer loop
      vertex 2.59808 1.5 15.1
      vertex 2.59807 1.5 15.1
      vertex 2.12132 2.12132 15.15
    endloop
  endfacet
  facet normal 0 0.0802145 -0.996778
    outer loop
      vertex 2.59808 1.5 13.9
      vertex 2.59807 1.5 13.9
      vertex 2.12132 2.12132 13.95
    endloop
  endfacet
  facet normal 0 0.0802145 -0.996778
    outer loop
      vertex 2.59808 1.5 12.7
      vertex 2.59807 1.5 12.7
      vertex 2.12132 2.12132 12.75
    endloop
  endfacet
  facet normal 0 0.0802145 -0.996778
    outer loop
      vertex 2.12132 2.12132 11.55
      vertex 2.59808 1.5 11.5
      vertex 2.59807 1.5 11.5
    endloop
  endfacet
  facet normal 0 0.0802145 -0.996778
    outer loop
      vertex 2.59808 1.5 10.3
      vertex 2.59807 1.5 10.3
      vertex 2.12132 2.12132 10.35
    endloop
  endfacet
  facet normal 0 0.0802145 -0.996778
    outer loop
      vertex 2.59808 1.5 9.1
      vertex 2.59807 1.5 9.1
      vertex 2.12132 2.12132 9.15
    endloop
  endfacet
  facet normal 0 0.0802145 -0.996778
    outer loop
      vertex 2.59808 1.5 7.9
      vertex 2.59807 1.5 7.9
      vertex 2.12132 2.12132 7.95
    endloop
  endfacet
  facet normal 0 0.0802145 -0.996778
    outer loop
      vertex 2.59808 1.5 6.7
      vertex 2.59807 1.5 6.7
      vertex 2.12132 2.12132 6.75
    endloop
  endfacet
  facet normal 0 0 1
    outer loop
      vertex 1.50164 -2.59057 18.405
      vertex 1.56213 -2.5504 18.405
      vertex 1.62073 -2.49919 18.405
    endloop
  endfacet
  facet normal 0 0 1
    outer loop
      vertex 1.56213 -2.5504 18.405
      vertex 1.50164 -2.59057 18.405
      vertex 1.4975 -2.59375 18.405
    endloop
  endfacet
  facet normal 0 -0.0802145 -0.996778
    outer loop
      vertex -2.12132 -2.12132 18.15
      vertex -2.59808 -1.5 18.1
      vertex -2.59807 -1.5 18.1
    endloop
  endfacet
  facet normal -0 -0.0802145 -0.996778
    outer loop
      vertex -2.59807 -1.5 16.9
      vertex -2.12132 -2.12132 16.95
      vertex -2.59808 -1.5 16.9
    endloop
  endfacet
  facet normal 0 -0.0802145 -0.996778
    outer loop
      vertex -2.12132 -2.12132 15.75
      vertex -2.59808 -1.5 15.7
      vertex -2.59807 -1.5 15.7
    endloop
  endfacet
  facet normal 0 -0.0802145 -0.996778
    outer loop
      vertex -2.12132 -2.12132 14.55
      vertex -2.59808 -1.5 14.5
      vertex -2.59807 -1.5 14.5
    endloop
  endfacet
  facet normal 0 -0.0802145 -0.996778
    outer loop
      vertex -2.12132 -2.12132 13.35
      vertex -2.59808 -1.5 13.3
      vertex -2.59807 -1.5 13.3
    endloop
  endfacet
  facet normal 0 -0.0802145 -0.996778
    outer loop
      vertex -2.59808 -1.5 12.1
      vertex -2.59807 -1.5 12.1
      vertex -2.12132 -2.12132 12.15
    endloop
  endfacet
  facet normal 0 -0.0802145 -0.996778
    outer loop
      vertex -2.59808 -1.5 10.9
      vertex -2.59807 -1.5 10.9
      vertex -2.12132 -2.12132 10.95
    endloop
  endfacet
  facet normal 0 -0.0802145 -0.996778
    outer loop
      vertex -2.59808 -1.5 9.7
      vertex -2.59807 -1.5 9.7
      vertex -2.12132 -2.12132 9.75
    endloop
  endfacet
  facet normal 0 -0.0802145 -0.996778
    outer loop
      vertex -2.59808 -1.5 8.5
      vertex -2.59807 -1.5 8.5
      vertex -2.12132 -2.12132 8.55
    endloop
  endfacet
  facet normal 0 -0.0802145 -0.996778
    outer loop
      vertex -2.59808 -1.5 7.3
      vertex -2.59807 -1.5 7.3
      vertex -2.12132 -2.12132 7.35
    endloop
  endfacet
  facet normal 0 -0.0802145 -0.996778
    outer loop
      vertex -2.59808 -1.5 6.1
      vertex -2.59807 -1.5 6.1
      vertex -2.12132 -2.12132 6.15
    endloop
  endfacet
  facet normal 0.704042 0.0929999 0.704042
    outer loop
      vertex 2.88143 0.108029 18.5043
      vertex 2.4 0 19
      vertex 2.9 0 18.5
    endloop
  endfacet
  facet normal 0.704096 0.0926983 0.704029
    outer loop
      vertex 2.4 0 19
      vertex 2.88143 0.108029 18.5043
      vertex 2.31822 0.621165 19
    endloop
  endfacet
  facet normal 0.70407 0.0926364 0.704063
    outer loop
      vertex 2.77704 0.744104 18.525
      vertex 2.31822 0.621165 19
      vertex 2.88143 0.108029 18.5043
    endloop
  endfacet
  facet normal -0.704064 -0.092677 0.704064
    outer loop
      vertex -2.52572 -0.432115 18.8174
      vertex -2.4 0 19
      vertex -2.6 0 18.8
    endloop
  endfacet
  facet normal -0.704042 -0.0926913 0.704083
    outer loop
      vertex -2.4 0 19
      vertex -2.52572 -0.432115 18.8174
      vertex -2.31822 -0.621165 19
    endloop
  endfacet
  facet normal 0.656102 0.27172 0.704059
    outer loop
      vertex 2.46817 1.425 18.55
      vertex 2.07846 1.2 19
      vertex 2.71966 0.868531 18.5304
    endloop
  endfacet
  facet normal 0.432447 0.563295 0.704051
    outer loop
      vertex 1.2 2.07846 19
      vertex 1.56357 2.30742 18.5935
      vertex 1.4 2.42487 18.6
    endloop
  endfacet
  facet normal 0.432326 0.563429 0.704018
    outer loop
      vertex 1.56357 2.30742 18.5935
      vertex 1.2 2.07846 19
      vertex 1.69706 1.69706 19
    endloop
  endfacet
  facet normal -0.0930127 -0.704041 0.704041
    outer loop
      vertex 0 -2.4 19
      vertex -0.0675182 -2.44328 18.9478
      vertex 0 -2.45 18.95
    endloop
  endfacet
  facet normal -0.0927211 -0.704269 0.703853
    outer loop
      vertex -0.621165 -2.31822 19
      vertex -0.0675182 -2.44328 18.9478
      vertex 0 -2.4 19
    endloop
  endfacet
  facet normal -0.0926765 -0.704131 0.703996
    outer loop
      vertex -0.0675182 -2.44328 18.9478
      vertex -0.621165 -2.31822 19
      vertex -0.547363 -2.39922 18.9287
    endloop
  endfacet
  facet normal -0.704085 0.0926043 0.704052
    outer loop
      vertex -2.53555 0.6794 18.775
      vertex -2.56123 0.39976 18.7861
      vertex -2.31822 0.621165 19
    endloop
  endfacet
  facet normal -0.271821 0.656048 0.70407
    outer loop
      vertex -0.979021 2.50593 18.687
      vertex -1.35 2.33827 18.7
      vertex -1.2 2.07846 19
    endloop
  endfacet
  facet normal -0.0926903 0.704035 0.70409
    outer loop
      vertex 0 2.4 19
      vertex -0.270072 2.70357 18.6609
      vertex -0.621165 2.31822 19
    endloop
  endfacet
  facet normal -0.0926253 0.704067 0.704067
    outer loop
      vertex -0.270072 2.70357 18.6609
      vertex 0 2.4 19
      vertex 0 2.75 18.65
    endloop
  endfacet
  facet normal -0.656027 -0.271734 0.704123
    outer loop
      vertex -2.31822 -0.621165 19
      vertex -2.2922 -1.08951 18.8435
      vertex -2.07846 -1.2 19
    endloop
  endfacet
  facet normal -0.656088 -0.27172 0.704071
    outer loop
      vertex -2.2922 -1.08951 18.8435
      vertex -2.31822 -0.621165 19
      vertex -2.48726 -0.666459 18.825
    endloop
  endfacet
  facet normal -0.656044 -0.271855 0.704061
    outer loop
      vertex -2.07846 -1.2 19
      vertex -2.2922 -1.08951 18.8435
      vertex -2.20836 -1.275 18.85
    endloop
  endfacet
  facet normal 0.563096 -0.432649 0.704087
    outer loop
      vertex 2.11946 -2.08126 18.4261
      vertex 1.69706 -1.69706 19
      vertex 2.10364 -2.10364 18.425
    endloop
  endfacet
  facet normal 0.563389 -0.432298 0.704068
    outer loop
      vertex 1.69706 -1.69706 19
      vertex 2.11946 -2.08126 18.4261
      vertex 2.52541 -1.51589 18.4484
    endloop
  endfacet
  facet normal 0.655913 -0.272105 0.704086
    outer loop
      vertex 2.57374 -1.42358 18.4522
      vertex 2.07846 -1.2 19
      vertex 2.55477 -1.475 18.45
    endloop
  endfacet
  facet normal 0.656067 -0.27175 0.70408
    outer loop
      vertex 2.07846 -1.2 19
      vertex 2.57374 -1.42358 18.4522
      vertex 2.79867 -0.827692 18.4726
    endloop
  endfacet
  facet normal -0.704208 0.0928948 0.70389
    outer loop
      vertex -2.57314 0.270072 18.7913
      vertex -2.31822 0.621165 19
      vertex -2.56123 0.39976 18.7861
    endloop
  endfacet
  facet normal -0.704062 0.0927028 0.704062
    outer loop
      vertex -2.4 0 19
      vertex -2.57314 0.270072 18.7913
      vertex -2.6 0 18.8
    endloop
  endfacet
  facet normal -0.704068 0.0926947 0.704057
    outer loop
      vertex -2.57314 0.270072 18.7913
      vertex -2.4 0 19
      vertex -2.31822 0.621165 19
    endloop
  endfacet
  facet normal 0.656008 0.271965 0.704052
    outer loop
      vertex 2.71966 0.868531 18.5304
      vertex 2.31822 0.621165 19
      vertex 2.77704 0.744104 18.525
    endloop
  endfacet
  facet normal 0.656109 0.271768 0.704034
    outer loop
      vertex 2.31822 0.621165 19
      vertex 2.71966 0.868531 18.5304
      vertex 2.07846 1.2 19
    endloop
  endfacet
  facet normal 0.271787 0.656068 0.704065
    outer loop
      vertex 1.19432 2.50074 18.6087
      vertex 1.2 2.07846 19
      vertex 1.4 2.42487 18.6
    endloop
  endfacet
  facet normal 0.271618 0.656099 0.704101
    outer loop
      vertex 1.2 2.07846 19
      vertex 1.19432 2.50074 18.6087
      vertex 0.930162 2.60044 18.6177
    endloop
  endfacet
  facet normal 0.0927891 0.704056 0.704056
    outer loop
      vertex 0 2.4 19
      vertex 0.25047 2.72509 18.6419
      vertex 0 2.75 18.65
    endloop
  endfacet
  facet normal 0.0926983 0.704096 0.704029
    outer loop
      vertex 0.25047 2.72509 18.6419
      vertex 0 2.4 19
      vertex 0.621165 2.31822 19
    endloop
  endfacet
  facet normal -0.563343 -0.432387 0.704049
    outer loop
      vertex -2.07846 -1.2 19
      vertex -2.20836 -1.275 18.85
      vertex -2.08864 -1.41893 18.8574
    endloop
  endfacet
  facet normal -0.704052 -0.0927137 0.70407
    outer loop
      vertex -2.31822 -0.621165 19
      vertex -2.52572 -0.432115 18.8174
      vertex -2.48726 -0.666459 18.825
    endloop
  endfacet
  facet normal -0.432386 -0.563363 0.704034
    outer loop
      vertex -1.69706 -1.69706 19
      vertex -1.78544 -1.78544 18.875
      vertex -1.65803 -1.87548 18.8812
    endloop
  endfacet
  facet normal 0.0923314 -0.704107 0.704066
    outer loop
      vertex 0.621165 -2.31822 19
      vertex 0.594158 -2.34786 18.9739
      vertex 0.627636 -2.34237 18.975
    endloop
  endfacet
  facet normal 0.271746 -0.656057 0.70409
    outer loop
      vertex 1.2 -2.07846 19
      vertex 0.621165 -2.31822 19
      vertex 0.627636 -2.34237 18.975
    endloop
  endfacet
  facet normal 0.563494 -0.432152 0.704073
    outer loop
      vertex 2.07846 -1.2 19
      vertex 2.52541 -1.51589 18.4484
      vertex 2.55477 -1.475 18.45
    endloop
  endfacet
  facet normal 0.563389 -0.432295 0.704069
    outer loop
      vertex 2.52541 -1.51589 18.4484
      vertex 2.07846 -1.2 19
      vertex 1.69706 -1.69706 19
    endloop
  endfacet
  facet normal 0.656159 -0.271533 0.704078
    outer loop
      vertex 2.31822 -0.621165 19
      vertex 2.79867 -0.827692 18.4726
      vertex 2.82533 -0.757045 18.475
    endloop
  endfacet
  facet normal 0.656067 -0.27175 0.704079
    outer loop
      vertex 2.79867 -0.827692 18.4726
      vertex 2.31822 -0.621165 19
      vertex 2.07846 -1.2 19
    endloop
  endfacet
  facet normal 0 0 1
    outer loop
      vertex 2.31822 0.621165 19
      vertex 2.31822 -0.621165 19
      vertex 2.4 0 19
    endloop
  endfacet
  facet normal 0 0 1
    outer loop
      vertex 2.07846 1.2 19
      vertex 2.31822 -0.621165 19
      vertex 2.31822 0.621165 19
    endloop
  endfacet
  facet normal 0 0 1
    outer loop
      vertex 2.07846 1.2 19
      vertex 2.07846 -1.2 19
      vertex 2.31822 -0.621165 19
    endloop
  endfacet
  facet normal 0 0 1
    outer loop
      vertex 1.69706 1.69706 19
      vertex 2.07846 -1.2 19
      vertex 2.07846 1.2 19
    endloop
  endfacet
  facet normal 0 0 1
    outer loop
      vertex 1.69706 1.69706 19
      vertex 1.69706 -1.69706 19
      vertex 2.07846 -1.2 19
    endloop
  endfacet
  facet normal 0 0 1
    outer loop
      vertex 1.2 2.07846 19
      vertex 1.69706 -1.69706 19
      vertex 1.69706 1.69706 19
    endloop
  endfacet
  facet normal 0 0 1
    outer loop
      vertex 1.2 2.07846 19
      vertex 1.2 -2.07846 19
      vertex 1.69706 -1.69706 19
    endloop
  endfacet
  facet normal 0 0 1
    outer loop
      vertex 0.621165 2.31822 19
      vertex 1.2 -2.07846 19
      vertex 1.2 2.07846 19
    endloop
  endfacet
  facet normal 0 0 1
    outer loop
      vertex 0.621165 2.31822 19
      vertex 0.621165 -2.31822 19
      vertex 1.2 -2.07846 19
    endloop
  endfacet
  facet normal 0 0 1
    outer loop
      vertex 0 2.4 19
      vertex 0.621165 -2.31822 19
      vertex 0.621165 2.31822 19
    endloop
  endfacet
  facet normal 0 0 1
    outer loop
      vertex 0 2.4 19
      vertex 0 -2.4 19
      vertex 0.621165 -2.31822 19
    endloop
  endfacet
  facet normal -0 0 1
    outer loop
      vertex -0.621165 2.31822 19
      vertex 0 -2.4 19
      vertex 0 2.4 19
    endloop
  endfacet
  facet normal 0 0 1
    outer loop
      vertex -0.621165 2.31822 19
      vertex -0.621165 -2.31822 19
      vertex 0 -2.4 19
    endloop
  endfacet
  facet normal -0 0 1
    outer loop
      vertex -1.2 2.07846 19
      vertex -0.621165 -2.31822 19
      vertex -0.621165 2.31822 19
    endloop
  endfacet
  facet normal 0 0 1
    outer loop
      vertex -1.2 2.07846 19
      vertex -1.2 -2.07846 19
      vertex -0.621165 -2.31822 19
    endloop
  endfacet
  facet normal -0 0 1
    outer loop
      vertex -1.69706 1.69706 19
      vertex -1.2 -2.07846 19
      vertex -1.2 2.07846 19
    endloop
  endfacet
  facet normal 0 0 1
    outer loop
      vertex -1.69706 1.69706 19
      vertex -1.69706 -1.69706 19
      vertex -1.2 -2.07846 19
    endloop
  endfacet
  facet normal -0 0 1
    outer loop
      vertex -2.07846 1.2 19
      vertex -1.69706 -1.69706 19
      vertex -1.69706 1.69706 19
    endloop
  endfacet
  facet normal 0 0 1
    outer loop
      vertex -2.07846 1.2 19
      vertex -2.07846 -1.2 19
      vertex -1.69706 -1.69706 19
    endloop
  endfacet
  facet normal -0 0 1
    outer loop
      vertex -2.31822 0.621165 19
      vertex -2.07846 -1.2 19
      vertex -2.07846 1.2 19
    endloop
  endfacet
  facet normal 0 0 1
    outer loop
      vertex -2.31822 0.621165 19
      vertex -2.31822 -0.621165 19
      vertex -2.07846 -1.2 19
    endloop
  endfacet
  facet normal 0 -0 1
    outer loop
      vertex -2.31822 -0.621165 19
      vertex -2.31822 0.621165 19
      vertex -2.4 0 19
    endloop
  endfacet
  facet normal -0.655994 0.271334 0.704308
    outer loop
      vertex -2.42773 0.965058 18.7652
      vertex -2.07846 1.2 19
      vertex -2.40294 1.03226 18.7624
    endloop
  endfacet
  facet normal -0.656104 0.271766 0.704039
    outer loop
      vertex -2.07846 1.2 19
      vertex -2.42773 0.965058 18.7652
      vertex -2.31822 0.621165 19
    endloop
  endfacet
  facet normal -0.656077 0.271786 0.704056
    outer loop
      vertex -2.31822 0.621165 19
      vertex -2.42773 0.965058 18.7652
      vertex -2.53555 0.6794 18.775
    endloop
  endfacet
  facet normal -0.563434 0.432266 0.704051
    outer loop
      vertex -2.0971 1.60057 18.7391
      vertex -1.69706 1.69706 19
      vertex -1.89151 1.89151 18.725
    endloop
  endfacet
  facet normal -0.563428 0.432325 0.70402
    outer loop
      vertex -1.69706 1.69706 19
      vertex -2.0971 1.60057 18.7391
      vertex -2.07846 1.2 19
    endloop
  endfacet
  facet normal -0.432384 0.563335 0.704058
    outer loop
      vertex -1.60281 2.12798 18.713
      vertex -1.2 2.07846 19
      vertex -1.35 2.33827 18.7
    endloop
  endfacet
  facet normal -0.432161 0.563796 0.703826
    outer loop
      vertex -1.2 2.07846 19
      vertex -1.60281 2.12798 18.713
      vertex -1.63837 2.09885 18.7145
    endloop
  endfacet
  facet normal -0.271665 0.656109 0.704073
    outer loop
      vertex -0.979021 2.50593 18.687
      vertex -0.621165 2.31822 19
      vertex -0.705282 2.63215 18.675
    endloop
  endfacet
  facet normal -0.271738 0.656036 0.704113
    outer loop
      vertex -0.621165 2.31822 19
      vertex -0.979021 2.50593 18.687
      vertex -1.2 2.07846 19
    endloop
  endfacet
  facet normal -0.0927275 0.704051 0.70407
    outer loop
      vertex -0.270072 2.70357 18.6609
      vertex -0.705282 2.63215 18.675
      vertex -0.621165 2.31822 19
    endloop
  endfacet
  facet normal 0.563354 0.43236 0.704057
    outer loop
      vertex 2.36303 1.55141 18.5565
      vertex 2.07846 1.2 19
      vertex 2.46817 1.425 18.55
    endloop
  endfacet
  facet normal 0.563474 0.432238 0.704037
    outer loop
      vertex 2.07846 1.2 19
      vertex 2.36303 1.55141 18.5565
      vertex 2.10922 1.86127 18.5694
    endloop
  endfacet
  facet normal 0.271883 0.656041 0.704052
    outer loop
      vertex 0.621165 2.31822 19
      vertex 0.930162 2.60044 18.6177
      vertex 0.718222 2.68044 18.625
    endloop
  endfacet
  facet normal 0.271773 0.656121 0.704021
    outer loop
      vertex 0.930162 2.60044 18.6177
      vertex 0.621165 2.31822 19
      vertex 1.2 2.07846 19
    endloop
  endfacet
  facet normal 0.0927388 0.704055 0.704064
    outer loop
      vertex 0.472626 2.70299 18.6348
      vertex 0.621165 2.31822 19
      vertex 0.718222 2.68044 18.625
    endloop
  endfacet
  facet normal 0.0925397 0.704029 0.704116
    outer loop
      vertex 0.621165 2.31822 19
      vertex 0.472626 2.70299 18.6348
      vertex 0.25047 2.72509 18.6419
    endloop
  endfacet
  facet normal -0.272057 -0.655954 0.704067
    outer loop
      vertex -0.621165 -2.31822 19
      vertex -0.735796 -2.35472 18.9217
      vertex -0.640577 -2.39067 18.925
    endloop
  endfacet
  facet normal -0.271828 -0.656256 0.703874
    outer loop
      vertex -1.2 -2.07846 19
      vertex -0.735796 -2.35472 18.9217
      vertex -0.621165 -2.31822 19
    endloop
  endfacet
  facet normal -0.271547 -0.655906 0.704308
    outer loop
      vertex -0.735796 -2.35472 18.9217
      vertex -1.2 -2.07846 19
      vertex -1.1329 -2.20825 18.905
    endloop
  endfacet
  facet normal -0.0925277 -0.704068 0.704079
    outer loop
      vertex -0.621165 -2.31822 19
      vertex -0.640577 -2.39067 18.925
      vertex -0.547363 -2.39922 18.9287
    endloop
  endfacet
  facet normal -0.272004 -0.65597 0.704072
    outer loop
      vertex -1.2 -2.07846 19
      vertex -1.25 -2.16506 18.9
      vertex -1.1329 -2.20825 18.905
    endloop
  endfacet
  facet normal -0.432106 -0.563532 0.704071
    outer loop
      vertex -1.2 -2.07846 19
      vertex -1.36023 -2.08591 18.8957
      vertex -1.25 -2.16506 18.9
    endloop
  endfacet
  facet normal -0.432209 -0.563277 0.704212
    outer loop
      vertex -1.69706 -1.69706 19
      vertex -1.36023 -2.08591 18.8957
      vertex -1.2 -2.07846 19
    endloop
  endfacet
  facet normal -0.432363 -0.563366 0.704046
    outer loop
      vertex -1.36023 -2.08591 18.8957
      vertex -1.69706 -1.69706 19
      vertex -1.65803 -1.87548 18.8812
    endloop
  endfacet
  facet normal -0.563299 -0.432459 0.704041
    outer loop
      vertex -1.69706 -1.69706 19
      vertex -1.89293 -1.65422 18.8696
      vertex -1.78544 -1.78544 18.875
    endloop
  endfacet
  facet normal -0.563326 -0.432246 0.70415
    outer loop
      vertex -2.07846 -1.2 19
      vertex -1.89293 -1.65422 18.8696
      vertex -1.69706 -1.69706 19
    endloop
  endfacet
  facet normal -0.563592 -0.432287 0.703912
    outer loop
      vertex -1.89293 -1.65422 18.8696
      vertex -2.07846 -1.2 19
      vertex -2.08864 -1.41893 18.8574
    endloop
  endfacet
  facet normal 0.432298 -0.563393 0.704064
    outer loop
      vertex 1.2 -2.07846 19
      vertex 1.50164 -2.59057 18.405
      vertex 1.69706 -1.69706 19
    endloop
  endfacet
  facet normal 0.432597 -0.563192 0.704042
    outer loop
      vertex 1.50164 -2.59057 18.405
      vertex 1.2 -2.07846 19
      vertex 1.4975 -2.59375 18.405
    endloop
  endfacet
  facet normal 0.432313 -0.563391 0.704057
    outer loop
      vertex 1.69706 -1.69706 19
      vertex 1.62073 -2.49919 18.405
      vertex 2.10364 -2.10364 18.425
    endloop
  endfacet
  facet normal 0.432302 -0.563393 0.704062
    outer loop
      vertex 1.62073 -2.49919 18.405
      vertex 1.69706 -1.69706 19
      vertex 1.50164 -2.59057 18.405
    endloop
  endfacet
  facet normal 0.0927215 -0.704271 0.70385
    outer loop
      vertex 0 -2.4 19
      vertex 0.594158 -2.34786 18.9739
      vertex 0.621165 -2.31822 19
    endloop
  endfacet
  facet normal 0.0927123 -0.704061 0.704061
    outer loop
      vertex 0.594158 -2.34786 18.9739
      vertex 0 -2.4 19
      vertex 0 -2.45 18.95
    endloop
  endfacet
  facet normal 0.703992 -0.0930496 0.704086
    outer loop
      vertex 2.83285 -0.67518 18.4783
      vertex 2.31822 -0.621165 19
      vertex 2.82533 -0.757045 18.475
    endloop
  endfacet
  facet normal 0.704036 -0.0926787 0.704091
    outer loop
      vertex 2.31822 -0.621165 19
      vertex 2.83285 -0.67518 18.4783
      vertex 2.89004 -0.100188 18.4968
    endloop
  endfacet
  facet normal 0.704076 -0.0924826 0.704076
    outer loop
      vertex 2.4 0 19
      vertex 2.89004 -0.100188 18.4968
      vertex 2.9 0 18.5
    endloop
  endfacet
  facet normal 0.704041 -0.0926912 0.704084
    outer loop
      vertex 2.89004 -0.100188 18.4968
      vertex 2.4 0 19
      vertex 2.31822 -0.621165 19
    endloop
  endfacet
  facet normal -0.656059 0.271794 0.70407
    outer loop
      vertex -2.29497 1.325 18.75
      vertex -2.40294 1.03226 18.7624
      vertex -2.07846 1.2 19
    endloop
  endfacet
  facet normal -0.563351 0.432356 0.704062
    outer loop
      vertex -2.29497 1.325 18.75
      vertex -2.07846 1.2 19
      vertex -2.0971 1.60057 18.7391
    endloop
  endfacet
  facet normal 0.563291 0.432419 0.704072
    outer loop
      vertex 1.69706 1.69706 19
      vertex 2.10922 1.86127 18.5694
      vertex 1.99758 1.99758 18.575
    endloop
  endfacet
  facet normal 0.563369 0.43228 0.704094
    outer loop
      vertex 2.10922 1.86127 18.5694
      vertex 1.69706 1.69706 19
      vertex 2.07846 1.2 19
    endloop
  endfacet
  facet normal 0.432279 0.563414 0.70406
    outer loop
      vertex 1.84092 2.10828 18.5826
      vertex 1.69706 1.69706 19
      vertex 1.99758 1.99758 18.575
    endloop
  endfacet
  facet normal 0.432227 0.563442 0.704069
    outer loop
      vertex 1.69706 1.69706 19
      vertex 1.84092 2.10828 18.5826
      vertex 1.56357 2.30742 18.5935
    endloop
  endfacet
  facet normal -0.432315 0.563416 0.704036
    outer loop
      vertex -1.63837 2.09885 18.7145
      vertex -1.69706 1.69706 19
      vertex -1.2 2.07846 19
    endloop
  endfacet
  facet normal -0.43228 0.563422 0.704052
    outer loop
      vertex -1.69706 1.69706 19
      vertex -1.63837 2.09885 18.7145
      vertex -1.89151 1.89151 18.725
    endloop
  endfacet
  facet normal 0.713825 0.0376891 0.699309
    outer loop
      vertex 2.4 0 6
      vertex 2.36652 0.634106 6
      vertex 2.31822 0.621165 6.05
    endloop
  endfacet
  facet normal 0.669908 0.228733 0.706332
    outer loop
      vertex 2.36652 0.634106 6
      vertex 2.34366 0.701058 6
      vertex 2.31822 0.621165 6.05
    endloop
  endfacet
  facet normal 0.67978 0.221169 0.699274
    outer loop
      vertex 2.07846 1.2 6.1
      vertex 2.34366 0.701058 6
      vertex 2.16506 1.25 6
    endloop
  endfacet
  facet normal 0.679782 0.22117 0.699272
    outer loop
      vertex 2.34366 0.701058 6
      vertex 2.07846 1.2 6.1
      vertex 2.31822 0.621165 6.05
    endloop
  endfacet
  facet normal 0.587931 0.394305 0.706301
    outer loop
      vertex 2.16506 1.25 6
      vertex 2.08625 1.36751 6
      vertex 2.07846 1.2 6.1
    endloop
  endfacet
  facet normal 0.599385 0.389577 0.699262
    outer loop
      vertex 1.69706 1.69706 6.15
      vertex 2.08625 1.36751 6
      vertex 1.80312 1.80312 6
    endloop
  endfacet
  facet normal 0.599383 0.389573 0.699266
    outer loop
      vertex 2.08625 1.36751 6
      vertex 1.69706 1.69706 6.15
      vertex 2.07846 1.2 6.1
    endloop
  endfacet
  facet normal 0.465862 0.533038 0.706289
    outer loop
      vertex 1.69706 1.69706 6.15
      vertex 1.80312 1.80312 6
      vertex 1.64331 1.94279 6
    endloop
  endfacet
  facet normal 0.478118 0.531412 0.699288
    outer loop
      vertex 1.2 2.07846 6.2
      vertex 1.64331 1.94279 6
      vertex 1.3 2.25167 6
    endloop
  endfacet
  facet normal 0.478117 0.531435 0.699272
    outer loop
      vertex 1.64331 1.94279 6
      vertex 1.2 2.07846 6.2
      vertex 1.69706 1.69706 6.15
    endloop
  endfacet
  facet normal 0.31199 0.635437 0.706316
    outer loop
      vertex 1.2 2.07846 6.2
      vertex 1.3 2.25167 6
      vertex 1.04598 2.37639 6
    endloop
  endfacet
  facet normal 0.324288 0.637059 0.69928
    outer loop
      vertex 0.621165 2.31822 6.25
      vertex 1.04598 2.37639 6
      vertex 0.68587 2.5597 6
    endloop
  endfacet
  facet normal 0.324284 0.637067 0.699275
    outer loop
      vertex 1.04598 2.37639 6
      vertex 0.621165 2.31822 6.25
      vertex 1.2 2.07846 6.2
    endloop
  endfacet
  facet normal 0.136925 0.694537 0.706307
    outer loop
      vertex 0.621165 2.31822 6.25
      vertex 0.68587 2.5597 6
      vertex 0.338818 2.62812 6
    endloop
  endfacet
  facet normal 0.148352 0.699282 0.699282
    outer loop
      vertex 0 2.4 6.3
      vertex 0.338818 2.62812 6
      vertex 0 2.7 6
    endloop
  endfacet
  facet normal 0.148353 0.699282 0.699283
    outer loop
      vertex 0.338818 2.62812 6
      vertex 0 2.4 6.3
      vertex 0.621165 2.31822 6.25
    endloop
  endfacet
  facet normal -0.0475129 0.706308 0.706308
    outer loop
      vertex 0 2.4 6.3
      vertex 0 2.7 6
      vertex -0.423521 2.67151 6
    endloop
  endfacet
  facet normal -0.0376955 0.713855 0.699278
    outer loop
      vertex -0.423521 2.67151 6
      vertex -0.621165 2.31822 6.35
      vertex 0 2.4 6.3
    endloop
  endfacet
  facet normal -0.037695 0.713855 0.699279
    outer loop
      vertex -0.621165 2.31822 6.35
      vertex -0.423521 2.67151 6
      vertex -0.711752 2.65629 6
    endloop
  endfacet
  facet normal -0.228688 0.669952 0.706305
    outer loop
      vertex -0.621165 2.31822 6.35
      vertex -0.711752 2.65629 6
      vertex -1.18042 2.49631 6
    endloop
  endfacet
  facet normal -0.221165 0.679773 0.699282
    outer loop
      vertex -1.18042 2.49631 6
      vertex -1.2 2.07846 6.4
      vertex -0.621165 2.31822 6.35
    endloop
  endfacet
  facet normal -0.221163 0.679773 0.699282
    outer loop
      vertex -1.2 2.07846 6.4
      vertex -1.18042 2.49631 6
      vertex -1.4 2.42487 6
    endloop
  endfacet
  facet normal -0.394295 0.587928 0.706308
    outer loop
      vertex -1.2 2.07846 6.4
      vertex -1.4 2.42487 6
      vertex -1.87005 2.10963 6
    endloop
  endfacet
  facet normal -0.389566 0.599374 0.699277
    outer loop
      vertex -1.87005 2.10963 6
      vertex -1.69706 1.69706 6.45
      vertex -1.2 2.07846 6.4
    endloop
  endfacet
  facet normal -0.389586 0.599363 0.699275
    outer loop
      vertex -1.69706 1.69706 6.45
      vertex -1.87005 2.10963 6
      vertex -2.01525 2.01525 6
    endloop
  endfacet
  facet normal -0.53303 0.465854 0.7063
    outer loop
      vertex -1.69706 1.69706 6.45
      vertex -2.01525 2.01525 6
      vertex -2.43425 1.53583 6
    endloop
  endfacet
  facet normal -0.531427 0.478112 0.699281
    outer loop
      vertex -2.43425 1.53583 6
      vertex -2.07846 1.2 6.5
      vertex -1.69706 1.69706 6.45
    endloop
  endfacet
  facet normal -0.531424 0.478115 0.699281
    outer loop
      vertex -2.07846 1.2 6.5
      vertex -2.43425 1.53583 6
      vertex -2.51147 1.45 6
    endloop
  endfacet
  facet normal -0.635435 0.312014 0.706307
    outer loop
      vertex -2.07846 1.2 6.5
      vertex -2.51147 1.45 6
      vertex -2.82329 0.81496 6
    endloop
  endfacet
  facet normal -0.637061 0.324282 0.699281
    outer loop
      vertex -2.82329 0.81496 6
      vertex -2.31822 0.621165 6.55
      vertex -2.07846 1.2 6.5
    endloop
  endfacet
  facet normal -0.637045 0.324318 0.699279
    outer loop
      vertex -2.31822 0.621165 6.55
      vertex -2.82329 0.81496 6
      vertex -2.84948 0.763516 6
    endloop
  endfacet
  facet normal -0.694536 0.136921 0.706309
    outer loop
      vertex -2.31822 0.621165 6.55
      vertex -2.84948 0.763516 6
      vertex -3 0 6
    endloop
  endfacet
  facet normal -0.699282 0.148353 0.699282
    outer loop
      vertex -2.4 0 6.6
      vertex -2.31822 0.621165 6.55
      vertex -3 0 6
    endloop
  endfacet
  facet normal -0.694511 -0.136916 -0.706334
    outer loop
      vertex -2.84948 -0.763516 6
      vertex -2.89778 -0.776457 6.05
      vertex -3 0 6
    endloop
  endfacet
  facet normal -0.706309 -0.0475022 0.706309
    outer loop
      vertex -2.89778 -0.776457 6.05
      vertex -2.4 0 6.6
      vertex -3 0 6
    endloop
  endfacet
  facet normal -0.713848 -0.037694 0.699286
    outer loop
      vertex -2.31822 -0.621165 6.65
      vertex -2.4 0 6.6
      vertex -2.89778 -0.776457 6.05
    endloop
  endfacet
  facet normal -0.637024 -0.324307 -0.699303
    outer loop
      vertex -2.84948 -0.763516 6
      vertex -2.82329 -0.81496 6
      vertex -2.89778 -0.776457 6.05
    endloop
  endfacet
  facet normal -0.635412 -0.312003 -0.706332
    outer loop
      vertex -2.59808 -1.5 6.1
      vertex -2.82329 -0.81496 6
      vertex -2.51147 -1.45 6
    endloop
  endfacet
  facet normal -0.635393 -0.311999 -0.706351
    outer loop
      vertex -2.82329 -0.81496 6
      vertex -2.59808 -1.5 6.1
      vertex -2.89778 -0.776457 6.05
    endloop
  endfacet
  facet normal -0.669944 -0.22869 0.706311
    outer loop
      vertex -2.59808 -1.5 6.1
      vertex -2.31822 -0.621165 6.65
      vertex -2.89778 -0.776457 6.05
    endloop
  endfacet
  facet normal -0.67977 -0.221164 0.699285
    outer loop
      vertex -2.59808 -1.5 6.1
      vertex -2.07846 -1.2 6.7
      vertex -2.31822 -0.621165 6.65
    endloop
  endfacet
  facet normal -0.531428 -0.478118 -0.699276
    outer loop
      vertex -2.59807 -1.5 6.1
      vertex -2.51147 -1.45 6
      vertex -2.43425 -1.53583 6
    endloop
  endfacet
  facet normal 0 -0.894427 -0.447214
    outer loop
      vertex -2.51147 -1.45 6
      vertex -2.59807 -1.5 6.1
      vertex -2.59808 -1.5 6.1
    endloop
  endfacet
  facet normal -0.533013 -0.465839 -0.706322
    outer loop
      vertex -2.12132 -2.12132 6.15
      vertex -2.43425 -1.53583 6
      vertex -2.01525 -2.01525 6
    endloop
  endfacet
  facet normal -0.533033 -0.465845 -0.706303
    outer loop
      vertex -2.43425 -1.53583 6
      vertex -2.12132 -2.12132 6.15
      vertex -2.59807 -1.5 6.1
    endloop
  endfacet
  facet normal -0.587925 -0.394296 0.706311
    outer loop
      vertex -2.12132 -2.12132 6.15
      vertex -2.07846 -1.2 6.7
      vertex -2.59808 -1.5 6.1
    endloop
  endfacet
  facet normal -0.599374 -0.389565 0.699278
    outer loop
      vertex -1.69706 -1.69706 6.75
      vertex -2.07846 -1.2 6.7
      vertex -2.12132 -2.12132 6.15
    endloop
  endfacet
  facet normal -0.389574 -0.599345 -0.699298
    outer loop
      vertex -2.01525 -2.01525 6
      vertex -1.87005 -2.10963 6
      vertex -2.12132 -2.12132 6.15
    endloop
  endfacet
  facet normal -0.394291 -0.587922 -0.706316
    outer loop
      vertex -1.5 -2.59808 6.2
      vertex -1.87005 -2.10963 6
      vertex -1.4 -2.42487 6
    endloop
  endfacet
  facet normal -0.394294 -0.587923 -0.706313
    outer loop
      vertex -1.87005 -2.10963 6
      vertex -1.5 -2.59808 6.2
      vertex -2.12132 -2.12132 6.15
    endloop
  endfacet
  facet normal -0.465849 -0.533027 0.706305
    outer loop
      vertex -1.5 -2.59808 6.2
      vertex -1.69706 -1.69706 6.75
      vertex -2.12132 -2.12132 6.15
    endloop
  endfacet
  facet normal -0.47811 -0.531424 0.699285
    outer loop
      vertex -1.5 -2.59808 6.2
      vertex -1.2 -2.07846 6.8
      vertex -1.69706 -1.69706 6.75
    endloop
  endfacet
  facet normal -0.22116 -0.679765 -0.699291
    outer loop
      vertex -1.4 -2.42487 6
      vertex -1.18042 -2.49631 6
      vertex -1.5 -2.59808 6.2
    endloop
  endfacet
  facet normal -0.228683 -0.669937 -0.70632
    outer loop
      vertex -0.776457 -2.89778 6.25
      vertex -1.18042 -2.49631 6
      vertex -0.711752 -2.65629 6
    endloop
  endfacet
  facet normal -0.228687 -0.669939 -0.706317
    outer loop
      vertex -1.18042 -2.49631 6
      vertex -0.776457 -2.89778 6.25
      vertex -1.5 -2.59808 6.2
    endloop
  endfacet
  facet normal -0.312012 -0.635431 0.706311
    outer loop
      vertex -0.776457 -2.89778 6.25
      vertex -1.2 -2.07846 6.8
      vertex -1.5 -2.59808 6.2
    endloop
  endfacet
  facet normal -0.324281 -0.637057 0.699285
    outer loop
      vertex -0.776457 -2.89778 6.25
      vertex -0.621165 -2.31822 6.85
      vertex -1.2 -2.07846 6.8
    endloop
  endfacet
  facet normal -0.0376941 -0.713838 -0.699295
    outer loop
      vertex -0.711752 -2.65629 6
      vertex -0.423521 -2.67151 6
      vertex -0.776457 -2.89778 6.25
    endloop
  endfacet
  facet normal -0.0475129 -0.706308 -0.706308
    outer loop
      vertex 0 -3 6.3
      vertex -0.423521 -2.67151 6
      vertex 0 -2.7 6
    endloop
  endfacet
  facet normal -0.0475006 -0.7063 -0.706317
    outer loop
      vertex -0.423521 -2.67151 6
      vertex 0 -3 6.3
      vertex -0.776457 -2.89778 6.25
    endloop
  endfacet
  facet normal -0.136918 -0.694534 0.706311
    outer loop
      vertex 0 -3 6.3
      vertex -0.621165 -2.31822 6.85
      vertex -0.776457 -2.89778 6.25
    endloop
  endfacet
  facet normal -0.148353 -0.699282 0.699282
    outer loop
      vertex 0 -3 6.3
      vertex 0 -2.4 6.9
      vertex -0.621165 -2.31822 6.85
    endloop
  endfacet
  facet normal 0.148353 -0.699282 -0.699282
    outer loop
      vertex 0 -2.7 6
      vertex 0.338817 -2.62812 6
      vertex 0 -3 6.3
    endloop
  endfacet
  facet normal 0.136924 -0.69453 -0.706315
    outer loop
      vertex 0.776457 -2.89778 6.35
      vertex 0.338817 -2.62812 6
      vertex 0.68587 -2.5597 6
    endloop
  endfacet
  facet normal 0.136918 -0.694534 -0.706311
    outer loop
      vertex 0.338817 -2.62812 6
      vertex 0.776457 -2.89778 6.35
      vertex 0 -3 6.3
    endloop
  endfacet
  facet normal 0.0475022 -0.706309 0.706309
    outer loop
      vertex 0.776457 -2.89778 6.35
      vertex 0 -2.4 6.9
      vertex 0 -3 6.3
    endloop
  endfacet
  facet normal 0.037694 -0.713848 0.699286
    outer loop
      vertex 0.776457 -2.89778 6.35
      vertex 0.621165 -2.31822 6.95
      vertex 0 -2.4 6.9
    endloop
  endfacet
  facet normal 0.324285 -0.637053 -0.699288
    outer loop
      vertex 1.04598 -2.37639 6
      vertex 0.776457 -2.89778 6.35
      vertex 0.68587 -2.5597 6
    endloop
  endfacet
  facet normal 0.311994 -0.635444 -0.706308
    outer loop
      vertex 1.5 -2.59808 6.4
      vertex 1.04598 -2.37639 6
      vertex 1.3 -2.25167 6
    endloop
  endfacet
  facet normal 0.312011 -0.635426 -0.706317
    outer loop
      vertex 1.04598 -2.37639 6
      vertex 1.5 -2.59808 6.4
      vertex 0.776457 -2.89778 6.35
    endloop
  endfacet
  facet normal 0.22869 -0.669944 0.706311
    outer loop
      vertex 0.776457 -2.89778 6.35
      vertex 1.5 -2.59808 6.4
      vertex 0.621165 -2.31822 6.95
    endloop
  endfacet
  facet normal 0.221164 -0.67977 0.699285
    outer loop
      vertex 1.5 -2.59808 6.4
      vertex 1.2 -2.07846 7
      vertex 0.621165 -2.31822 6.95
    endloop
  endfacet
  facet normal 0.478122 -0.531417 -0.699282
    outer loop
      vertex 1.64331 -1.94279 6
      vertex 1.5 -2.59808 6.4
      vertex 1.3 -2.25167 6
    endloop
  endfacet
  facet normal 0.465847 -0.533021 -0.706311
    outer loop
      vertex 2.12132 -2.12132 6.45
      vertex 1.64331 -1.94279 6
      vertex 1.80312 -1.80312 6
    endloop
  endfacet
  facet normal 0.465846 -0.533023 -0.70631
    outer loop
      vertex 1.64331 -1.94279 6
      vertex 2.12132 -2.12132 6.45
      vertex 1.5 -2.59808 6.4
    endloop
  endfacet
  facet normal 0.394296 -0.587925 0.706311
    outer loop
      vertex 1.5 -2.59808 6.4
      vertex 2.12132 -2.12132 6.45
      vertex 1.2 -2.07846 7
    endloop
  endfacet
  facet normal 0.389565 -0.599374 0.699278
    outer loop
      vertex 2.12132 -2.12132 6.45
      vertex 1.69706 -1.69706 7.05
      vertex 1.2 -2.07846 7
    endloop
  endfacet
  facet normal 0.599366 -0.389565 -0.699285
    outer loop
      vertex 2.08625 -1.36751 6
      vertex 2.12132 -2.12132 6.45
      vertex 1.80312 -1.80312 6
    endloop
  endfacet
  facet normal 0.587923 -0.394294 -0.706313
    outer loop
      vertex 2.08625 -1.36751 6
      vertex 2.59808 -1.5 6.5
      vertex 2.12132 -2.12132 6.45
    endloop
  endfacet
  facet normal 0.587921 -0.394299 -0.706313
    outer loop
      vertex 2.59808 -1.5 6.5
      vertex 2.08625 -1.36751 6
      vertex 2.16506 -1.25 6
    endloop
  endfacet
  facet normal 0.533027 -0.465849 0.706305
    outer loop
      vertex 2.12132 -2.12132 6.45
      vertex 2.59808 -1.5 6.5
      vertex 1.69706 -1.69706 7.05
    endloop
  endfacet
  facet normal 0.531424 -0.47811 0.699285
    outer loop
      vertex 2.59808 -1.5 6.5
      vertex 2.07846 -1.2 7.1
      vertex 1.69706 -1.69706 7.05
    endloop
  endfacet
  facet normal 0.679767 -0.221164 -0.699288
    outer loop
      vertex 2.34366 -0.701058 6
      vertex 2.59808 -1.5 6.5
      vertex 2.16506 -1.25 6
    endloop
  endfacet
  facet normal 0.669943 -0.228689 -0.706313
    outer loop
      vertex 2.34366 -0.701058 6
      vertex 2.89778 -0.776457 6.55
      vertex 2.59808 -1.5 6.5
    endloop
  endfacet
  facet normal 0.669931 -0.22874 -0.706307
    outer loop
      vertex 2.89778 -0.776457 6.55
      vertex 2.34366 -0.701058 6
      vertex 2.36652 -0.634106 6
    endloop
  endfacet
  facet normal 0.635431 -0.312012 0.706311
    outer loop
      vertex 2.59808 -1.5 6.5
      vertex 2.89778 -0.776457 6.55
      vertex 2.07846 -1.2 7.1
    endloop
  endfacet
  facet normal 0.637057 -0.324281 0.699285
    outer loop
      vertex 2.89778 -0.776457 6.55
      vertex 2.31822 -0.621165 7.15
      vertex 2.07846 -1.2 7.1
    endloop
  endfacet
  facet normal 0.713851 -0.0376904 -0.699283
    outer loop
      vertex 2.4 0 6
      vertex 2.89778 -0.776457 6.55
      vertex 2.36652 -0.634106 6
    endloop
  endfacet
  facet normal 0.706309 -0.0475022 -0.706309
    outer loop
      vertex 3 0 6.6
      vertex 2.89778 -0.776457 6.55
      vertex 2.4 0 6
    endloop
  endfacet
  facet normal 0.694534 -0.136918 0.706311
    outer loop
      vertex 2.89778 -0.776457 6.55
      vertex 3 0 6.6
      vertex 2.31822 -0.621165 7.15
    endloop
  endfacet
  facet normal 0.699282 -0.148353 0.699282
    outer loop
      vertex 3 0 6.6
      vertex 2.4 0 7.2
      vertex 2.31822 -0.621165 7.15
    endloop
  endfacet
  facet normal 0.699282 0.148353 -0.699282
    outer loop
      vertex 3 0 6.6
      vertex 2.4 0 6
      vertex 2.31822 0.621165 6.05
    endloop
  endfacet
  facet normal 0.694534 0.136918 -0.706311
    outer loop
      vertex 2.89778 0.776457 6.65
      vertex 3 0 6.6
      vertex 2.31822 0.621165 6.05
    endloop
  endfacet
  facet normal 0.706309 0.0475022 0.706309
    outer loop
      vertex 3 0 6.6
      vertex 2.89778 0.776457 6.65
      vertex 2.4 0 7.2
    endloop
  endfacet
  facet normal 0.713848 0.037694 0.699286
    outer loop
      vertex 2.89778 0.776457 6.65
      vertex 2.31822 0.621165 7.25
      vertex 2.4 0 7.2
    endloop
  endfacet
  facet normal 0.637057 0.324281 -0.699285
    outer loop
      vertex 2.89778 0.776457 6.65
      vertex 2.31822 0.621165 6.05
      vertex 2.07846 1.2 6.1
    endloop
  endfacet
  facet normal 0.635431 0.312012 -0.706311
    outer loop
      vertex 2.07846 1.2 6.1
      vertex 2.59808 1.5 6.7
      vertex 2.89778 0.776457 6.65
    endloop
  endfacet
  facet normal 0.669945 0.22869 0.706311
    outer loop
      vertex 2.59808 1.5 6.7
      vertex 2.31822 0.621166 7.25
      vertex 2.89778 0.776457 6.65
    endloop
  endfacet
  facet normal 0.719252 0 0.694749
    outer loop
      vertex 2.89778 0.776457 6.65
      vertex 2.31822 0.621166 7.25
      vertex 2.31822 0.621165 7.25
    endloop
  endfacet
  facet normal 0.67977 0.221164 0.699285
    outer loop
      vertex 2.59808 1.5 6.7
      vertex 2.07846 1.2 7.3
      vertex 2.31822 0.621166 7.25
    endloop
  endfacet
  facet normal 0 0.894427 -0.447214
    outer loop
      vertex 2.07846 1.2 6.1
      vertex 2.59807 1.5 6.7
      vertex 2.59808 1.5 6.7
    endloop
  endfacet
  facet normal 0.531427 0.478112 -0.699281
    outer loop
      vertex 2.59807 1.5 6.7
      vertex 2.07846 1.2 6.1
      vertex 1.69706 1.69706 6.15
    endloop
  endfacet
  facet normal 0.533032 0.465844 -0.706305
    outer loop
      vertex 2.12132 2.12132 6.75
      vertex 2.59807 1.5 6.7
      vertex 1.69706 1.69706 6.15
    endloop
  endfacet
  facet normal 0.587925 0.394296 0.706311
    outer loop
      vertex 2.59808 1.5 6.7
      vertex 2.12132 2.12132 6.75
      vertex 2.07846 1.2 7.3
    endloop
  endfacet
  facet normal 0.599374 0.389565 0.699278
    outer loop
      vertex 2.07846 1.2 7.3
      vertex 2.12132 2.12132 6.75
      vertex 1.69706 1.69706 7.35
    endloop
  endfacet
  facet normal 0.389565 0.599374 -0.699278
    outer loop
      vertex 2.12132 2.12132 6.75
      vertex 1.69706 1.69706 6.15
      vertex 1.2 2.07846 6.2
    endloop
  endfacet
  facet normal 0.394296 0.587925 -0.706311
    outer loop
      vertex 1.5 2.59808 6.8
      vertex 2.12132 2.12132 6.75
      vertex 1.2 2.07846 6.2
    endloop
  endfacet
  facet normal 0.465849 0.533027 0.706305
    outer loop
      vertex 1.69706 1.69706 7.35
      vertex 2.12132 2.12132 6.75
      vertex 1.5 2.59808 6.8
    endloop
  endfacet
  facet normal 0.47811 0.531424 0.699285
    outer loop
      vertex 1.69706 1.69706 7.35
      vertex 1.5 2.59808 6.8
      vertex 1.2 2.07846 7.4
    endloop
  endfacet
  facet normal 0.221164 0.67977 -0.699285
    outer loop
      vertex 1.5 2.59808 6.8
      vertex 1.2 2.07846 6.2
      vertex 0.621165 2.31822 6.25
    endloop
  endfacet
  facet normal 0.22869 0.669944 -0.706311
    outer loop
      vertex 0.776457 2.89778 6.85
      vertex 1.5 2.59808 6.8
      vertex 0.621165 2.31822 6.25
    endloop
  endfacet
  facet normal 0.312012 0.635431 0.706311
    outer loop
      vertex 1.2 2.07846 7.4
      vertex 1.5 2.59808 6.8
      vertex 0.776457 2.89778 6.85
    endloop
  endfacet
  facet normal 0.324281 0.637057 0.699285
    outer loop
      vertex 1.2 2.07846 7.4
      vertex 0.776457 2.89778 6.85
      vertex 0.621165 2.31822 7.45
    endloop
  endfacet
  facet normal 0.037694 0.713848 -0.699286
    outer loop
      vertex 0.776457 2.89778 6.85
      vertex 0.621165 2.31822 6.25
      vertex 0 2.4 6.3
    endloop
  endfacet
  facet normal 0.0475022 0.706309 -0.706309
    outer loop
      vertex 0 3 6.9
      vertex 0.776457 2.89778 6.85
      vertex 0 2.4 6.3
    endloop
  endfacet
  facet normal 0.136918 0.694534 0.706311
    outer loop
      vertex 0.621165 2.31822 7.45
      vertex 0.776457 2.89778 6.85
      vertex 0 3 6.9
    endloop
  endfacet
  facet normal 0.148353 0.699282 0.699282
    outer loop
      vertex 0 3 6.9
      vertex 6.10711e-007 2.4 7.5
      vertex 0.621165 2.31822 7.45
    endloop
  endfacet
  facet normal 0 0.707107 0.707107
    outer loop
      vertex 6.10711e-007 2.4 7.5
      vertex 0 3 6.9
      vertex 0 2.4 7.5
    endloop
  endfacet
  facet normal -0.148353 0.699282 -0.699282
    outer loop
      vertex 0 3 6.9
      vertex 0 2.4 6.3
      vertex -0.621165 2.31822 6.35
    endloop
  endfacet
  facet normal -0.136918 0.694534 -0.706311
    outer loop
      vertex 0 3 6.9
      vertex -0.621165 2.31822 6.35
      vertex -0.776457 2.89778 6.95
    endloop
  endfacet
  facet normal 0 0.707107 0.707107
    outer loop
      vertex 0 3 6.9
      vertex -6.10711e-007 2.4 7.5
      vertex 0 2.4 7.5
    endloop
  endfacet
  facet normal -0.0475022 0.706309 0.706309
    outer loop
      vertex -6.10711e-007 2.4 7.5
      vertex 0 3 6.9
      vertex -0.776457 2.89778 6.95
    endloop
  endfacet
  facet normal -0.0376941 0.713848 0.699286
    outer loop
      vertex -0.621165 2.31822 7.55
      vertex -6.10711e-007 2.4 7.5
      vertex -0.776457 2.89778 6.95
    endloop
  endfacet
  facet normal -0.324281 0.637057 -0.699285
    outer loop
      vertex -0.776457 2.89778 6.95
      vertex -0.621165 2.31822 6.35
      vertex -1.2 2.07846 6.4
    endloop
  endfacet
  facet normal -0.312012 0.635431 -0.706311
    outer loop
      vertex -1.2 2.07846 6.4
      vertex -1.5 2.59808 7
      vertex -0.776457 2.89778 6.95
    endloop
  endfacet
  facet normal -0.22869 0.669944 0.706311
    outer loop
      vertex -1.5 2.59808 7
      vertex -0.621165 2.31822 7.55
      vertex -0.776457 2.89778 6.95
    endloop
  endfacet
  facet normal -0.221164 0.67977 0.699285
    outer loop
      vertex -1.5 2.59808 7
      vertex -1.2 2.07846 7.6
      vertex -0.621165 2.31822 7.55
    endloop
  endfacet
  facet normal -0.894427 0 -0.447214
    outer loop
      vertex -1.2 2.07846 6.4
      vertex -1.5 2.59807 7
      vertex -1.5 2.59808 7
    endloop
  endfacet
  facet normal -0.478112 0.531427 -0.699281
    outer loop
      vertex -1.5 2.59807 7
      vertex -1.2 2.07846 6.4
      vertex -1.69706 1.69706 6.45
    endloop
  endfacet
  facet normal -0.465844 0.533032 -0.706305
    outer loop
      vertex -1.5 2.59807 7
      vertex -1.69706 1.69706 6.45
      vertex -2.12132 2.12132 7.05
    endloop
  endfacet
  facet normal -0.394296 0.587925 0.706311
    outer loop
      vertex -1.2 2.07846 7.6
      vertex -1.5 2.59808 7
      vertex -2.12132 2.12132 7.05
    endloop
  endfacet
  facet normal -0.389565 0.599374 0.699278
    outer loop
      vertex -1.69706 1.69706 7.65
      vertex -1.2 2.07846 7.6
      vertex -2.12132 2.12132 7.05
    endloop
  endfacet
  facet normal -0.599374 0.389565 -0.699278
    outer loop
      vertex -1.69706 1.69706 6.45
      vertex -2.07846 1.2 6.5
      vertex -2.12132 2.12132 7.05
    endloop
  endfacet
  facet normal -0.587925 0.394296 -0.706311
    outer loop
      vertex -2.12132 2.12132 7.05
      vertex -2.07846 1.2 6.5
      vertex -2.59808 1.5 7.1
    endloop
  endfacet
  facet normal -0.533032 0.465844 0.706305
    outer loop
      vertex -1.69706 1.69706 7.65
      vertex -2.12132 2.12132 7.05
      vertex -2.59807 1.5 7.1
    endloop
  endfacet
  facet normal -0.531427 0.478112 0.699281
    outer loop
      vertex -2.59807 1.5 7.1
      vertex -2.07846 1.2 7.7
      vertex -1.69706 1.69706 7.65
    endloop
  endfacet
  facet normal 0 0.894427 0.447214
    outer loop
      vertex -2.07846 1.2 7.7
      vertex -2.59807 1.5 7.1
      vertex -2.59808 1.5 7.1
    endloop
  endfacet
  facet normal -0.67977 0.221164 -0.699285
    outer loop
      vertex -2.59808 1.5 7.1
      vertex -2.07846 1.2 6.5
      vertex -2.31822 0.621165 6.55
    endloop
  endfacet
  facet normal -0.669944 0.22869 -0.706311
    outer loop
      vertex -2.59808 1.5 7.1
      vertex -2.31822 0.621165 6.55
      vertex -2.89778 0.776457 7.15
    endloop
  endfacet
  facet normal -0.635431 0.312012 0.706311
    outer loop
      vertex -2.07846 1.2 7.7
      vertex -2.59808 1.5 7.1
      vertex -2.89778 0.776457 7.15
    endloop
  endfacet
  facet normal -0.719252 0 0.694749
    outer loop
      vertex -2.31822 0.621166 7.75
      vertex -2.89778 0.776457 7.15
      vertex -2.31822 0.621165 7.75
    endloop
  endfacet
  facet normal -0.637057 0.324281 0.699285
    outer loop
      vertex -2.89778 0.776457 7.15
      vertex -2.31822 0.621166 7.75
      vertex -2.07846 1.2 7.7
    endloop
  endfacet
  facet normal -0.713848 0.037694 -0.699286
    outer loop
      vertex -2.31822 0.621165 6.55
      vertex -2.4 0 6.6
      vertex -2.89778 0.776457 7.15
    endloop
  endfacet
  facet normal -0.706309 0.0475022 -0.706309
    outer loop
      vertex -2.89778 0.776457 7.15
      vertex -2.4 0 6.6
      vertex -3 0 7.2
    endloop
  endfacet
  facet normal -0.694534 0.136918 0.706311
    outer loop
      vertex -2.31822 0.621165 7.75
      vertex -2.89778 0.776457 7.15
      vertex -3 0 7.2
    endloop
  endfacet
  facet normal -0.699282 0.148353 0.699282
    outer loop
      vertex -2.4 0 7.8
      vertex -2.31822 0.621165 7.75
      vertex -3 0 7.2
    endloop
  endfacet
  facet normal -0.699282 -0.148353 -0.699282
    outer loop
      vertex -2.4 0 6.6
      vertex -2.31822 -0.621165 6.65
      vertex -3 0 7.2
    endloop
  endfacet
  facet normal -0.694534 -0.136918 -0.706311
    outer loop
      vertex -2.31822 -0.621165 6.65
      vertex -2.89778 -0.776457 7.25
      vertex -3 0 7.2
    endloop
  endfacet
  facet normal -0.706309 -0.0475022 0.706309
    outer loop
      vertex -2.89778 -0.776457 7.25
      vertex -2.4 0 7.8
      vertex -3 0 7.2
    endloop
  endfacet
  facet normal -0.713848 -0.037694 0.699286
    outer loop
      vertex -2.31822 -0.621165 7.85
      vertex -2.4 0 7.8
      vertex -2.89778 -0.776457 7.25
    endloop
  endfacet
  facet normal -0.637057 -0.324281 -0.699285
    outer loop
      vertex -2.31822 -0.621165 6.65
      vertex -2.07846 -1.2 6.7
      vertex -2.89778 -0.776457 7.25
    endloop
  endfacet
  facet normal -0.635431 -0.312012 -0.706311
    outer loop
      vertex -2.07846 -1.2 6.7
      vertex -2.59808 -1.5 7.3
      vertex -2.89778 -0.776457 7.25
    endloop
  endfacet
  facet normal -0.669944 -0.22869 0.706311
    outer loop
      vertex -2.59808 -1.5 7.3
      vertex -2.31822 -0.621165 7.85
      vertex -2.89778 -0.776457 7.25
    endloop
  endfacet
  facet normal -0.67977 -0.221164 0.699285
    outer loop
      vertex -2.59808 -1.5 7.3
      vertex -2.07846 -1.2 7.9
      vertex -2.31822 -0.621165 7.85
    endloop
  endfacet
  facet normal -0.531427 -0.478112 -0.699281
    outer loop
      vertex -2.59807 -1.5 7.3
      vertex -2.07846 -1.2 6.7
      vertex -1.69706 -1.69706 6.75
    endloop
  endfacet
  facet normal 0 -0.894427 -0.447214
    outer loop
      vertex -2.07846 -1.2 6.7
      vertex -2.59807 -1.5 7.3
      vertex -2.59808 -1.5 7.3
    endloop
  endfacet
  facet normal -0.533032 -0.465844 -0.706305
    outer loop
      vertex -1.69706 -1.69706 6.75
      vertex -2.12132 -2.12132 7.35
      vertex -2.59807 -1.5 7.3
    endloop
  endfacet
  facet normal -0.587925 -0.394296 0.706311
    outer loop
      vertex -2.12132 -2.12132 7.35
      vertex -2.07846 -1.2 7.9
      vertex -2.59808 -1.5 7.3
    endloop
  endfacet
  facet normal -0.599374 -0.389565 0.699278
    outer loop
      vertex -1.69706 -1.69706 7.95
      vertex -2.07846 -1.2 7.9
      vertex -2.12132 -2.12132 7.35
    endloop
  endfacet
  facet normal -0.389565 -0.599374 -0.699278
    outer loop
      vertex -1.69706 -1.69706 6.75
      vertex -1.2 -2.07846 6.8
      vertex -2.12132 -2.12132 7.35
    endloop
  endfacet
  facet normal -0.394296 -0.587925 -0.706311
    outer loop
      vertex -1.2 -2.07846 6.8
      vertex -1.5 -2.59808 7.4
      vertex -2.12132 -2.12132 7.35
    endloop
  endfacet
  facet normal -0.465849 -0.533027 0.706305
    outer loop
      vertex -1.5 -2.59808 7.4
      vertex -1.69706 -1.69706 7.95
      vertex -2.12132 -2.12132 7.35
    endloop
  endfacet
  facet normal -0.47811 -0.531424 0.699285
    outer loop
      vertex -1.5 -2.59808 7.4
      vertex -1.2 -2.07846 8
      vertex -1.69706 -1.69706 7.95
    endloop
  endfacet
  facet normal -0.221164 -0.67977 -0.699285
    outer loop
      vertex -1.2 -2.07846 6.8
      vertex -0.621165 -2.31822 6.85
      vertex -1.5 -2.59808 7.4
    endloop
  endfacet
  facet normal -0.22869 -0.669944 -0.706311
    outer loop
      vertex -0.621165 -2.31822 6.85
      vertex -0.776457 -2.89778 7.45
      vertex -1.5 -2.59808 7.4
    endloop
  endfacet
  facet normal -0.312012 -0.635431 0.706311
    outer loop
      vertex -1.2 -2.07846 8
      vertex -1.5 -2.59808 7.4
      vertex -0.776457 -2.89778 7.45
    endloop
  endfacet
  facet normal -0.324281 -0.637057 0.699285
    outer loop
      vertex -0.776457 -2.89778 7.45
      vertex -0.621165 -2.31822 8.05
      vertex -1.2 -2.07846 8
    endloop
  endfacet
  facet normal -0.037694 -0.713848 -0.699286
    outer loop
      vertex -0.621165 -2.31822 6.85
      vertex 0 -2.4 6.9
      vertex -0.776457 -2.89778 7.45
    endloop
  endfacet
  facet normal -0.0475022 -0.706309 -0.706309
    outer loop
      vertex 0 -2.4 6.9
      vertex 0 -3 7.5
      vertex -0.776457 -2.89778 7.45
    endloop
  endfacet
  facet normal -0.136918 -0.694534 0.706311
    outer loop
      vertex 0 -3 7.5
      vertex -0.621165 -2.31822 8.05
      vertex -0.776457 -2.89778 7.45
    endloop
  endfacet
  facet normal -0.148353 -0.699282 0.699282
    outer loop
      vertex 0 -3 7.5
      vertex 0 -2.4 8.1
      vertex -0.621165 -2.31822 8.05
    endloop
  endfacet
  facet normal 0.148353 -0.699282 -0.699282
    outer loop
      vertex 0 -2.4 6.9
      vertex 0.621165 -2.31822 6.95
      vertex 0 -3 7.5
    endloop
  endfacet
  facet normal 0.136918 -0.694534 -0.706311
    outer loop
      vertex 0.621165 -2.31822 6.95
      vertex 0.776457 -2.89778 7.55
      vertex 0 -3 7.5
    endloop
  endfacet
  facet normal 0.0475022 -0.706309 0.706309
    outer loop
      vertex 0.776457 -2.89778 7.55
      vertex 0 -2.4 8.1
      vertex 0 -3 7.5
    endloop
  endfacet
  facet normal 0.037694 -0.713848 0.699286
    outer loop
      vertex 0.776457 -2.89778 7.55
      vertex 0.621165 -2.31822 8.15
      vertex 0 -2.4 8.1
    endloop
  endfacet
  facet normal 0.324281 -0.637057 -0.699285
    outer loop
      vertex 1.2 -2.07846 7
      vertex 0.776457 -2.89778 7.55
      vertex 0.621165 -2.31822 6.95
    endloop
  endfacet
  facet normal 0.312012 -0.635431 -0.706311
    outer loop
      vertex 1.2 -2.07846 7
      vertex 1.5 -2.59808 7.6
      vertex 0.776457 -2.89778 7.55
    endloop
  endfacet
  facet normal 0.22869 -0.669944 0.706311
    outer loop
      vertex 0.776457 -2.89778 7.55
      vertex 1.5 -2.59808 7.6
      vertex 0.621165 -2.31822 8.15
    endloop
  endfacet
  facet normal 0.221164 -0.67977 0.699285
    outer loop
      vertex 1.5 -2.59808 7.6
      vertex 1.2 -2.07846 8.2
      vertex 0.621165 -2.31822 8.15
    endloop
  endfacet
  facet normal 0.47811 -0.531424 -0.699285
    outer loop
      vertex 1.69706 -1.69706 7.05
      vertex 1.5 -2.59808 7.6
      vertex 1.2 -2.07846 7
    endloop
  endfacet
  facet normal 0.465849 -0.533027 -0.706305
    outer loop
      vertex 1.69706 -1.69706 7.05
      vertex 2.12132 -2.12132 7.65
      vertex 1.5 -2.59808 7.6
    endloop
  endfacet
  facet normal 0.394296 -0.587925 0.706311
    outer loop
      vertex 1.5 -2.59808 7.6
      vertex 2.12132 -2.12132 7.65
      vertex 1.2 -2.07846 8.2
    endloop
  endfacet
  facet normal 0.389565 -0.599374 0.699278
    outer loop
      vertex 2.12132 -2.12132 7.65
      vertex 1.69706 -1.69706 8.25
      vertex 1.2 -2.07846 8.2
    endloop
  endfacet
  facet normal 0.599374 -0.389565 -0.699278
    outer loop
      vertex 2.07846 -1.2 7.1
      vertex 2.12132 -2.12132 7.65
      vertex 1.69706 -1.69706 7.05
    endloop
  endfacet
  facet normal 0.587925 -0.394296 -0.706311
    outer loop
      vertex 2.59808 -1.5 7.7
      vertex 2.12132 -2.12132 7.65
      vertex 2.07846 -1.2 7.1
    endloop
  endfacet
  facet normal 0.533027 -0.465849 0.706305
    outer loop
      vertex 2.12132 -2.12132 7.65
      vertex 2.59808 -1.5 7.7
      vertex 1.69706 -1.69706 8.25
    endloop
  endfacet
  facet normal 0.531424 -0.47811 0.699285
    outer loop
      vertex 2.59808 -1.5 7.7
      vertex 2.07846 -1.2 8.3
      vertex 1.69706 -1.69706 8.25
    endloop
  endfacet
  facet normal 0.67977 -0.221164 -0.699285
    outer loop
      vertex 2.31822 -0.621165 7.15
      vertex 2.59808 -1.5 7.7
      vertex 2.07846 -1.2 7.1
    endloop
  endfacet
  facet normal 0.669944 -0.22869 -0.706311
    outer loop
      vertex 2.89778 -0.776457 7.75
      vertex 2.59808 -1.5 7.7
      vertex 2.31822 -0.621165 7.15
    endloop
  endfacet
  facet normal 0.635431 -0.312012 0.706311
    outer loop
      vertex 2.59808 -1.5 7.7
      vertex 2.89778 -0.776457 7.75
      vertex 2.07846 -1.2 8.3
    endloop
  endfacet
  facet normal 0.637057 -0.324281 0.699285
    outer loop
      vertex 2.89778 -0.776457 7.75
      vertex 2.31822 -0.621165 8.35
      vertex 2.07846 -1.2 8.3
    endloop
  endfacet
  facet normal 0.713848 -0.037694 -0.699286
    outer loop
      vertex 2.4 0 7.2
      vertex 2.89778 -0.776457 7.75
      vertex 2.31822 -0.621165 7.15
    endloop
  endfacet
  facet normal 0.706309 -0.0475022 -0.706309
    outer loop
      vertex 3 0 7.8
      vertex 2.89778 -0.776457 7.75
      vertex 2.4 0 7.2
    endloop
  endfacet
  facet normal 0.694534 -0.136918 0.706311
    outer loop
      vertex 2.89778 -0.776457 7.75
      vertex 3 0 7.8
      vertex 2.31822 -0.621165 8.35
    endloop
  endfacet
  facet normal 0.699282 -0.148353 0.699282
    outer loop
      vertex 3 0 7.8
      vertex 2.4 0 8.4
      vertex 2.31822 -0.621165 8.35
    endloop
  endfacet
  facet normal 0.699282 0.148353 -0.699282
    outer loop
      vertex 3 0 7.8
      vertex 2.4 0 7.2
      vertex 2.31822 0.621165 7.25
    endloop
  endfacet
  facet normal 0.694534 0.136918 -0.706311
    outer loop
      vertex 2.31822 0.621165 7.25
      vertex 2.89778 0.776457 7.85
      vertex 3 0 7.8
    endloop
  endfacet
  facet normal 0.706309 0.0475022 0.706309
    outer loop
      vertex 3 0 7.8
      vertex 2.89778 0.776457 7.85
      vertex 2.4 0 8.4
    endloop
  endfacet
  facet normal 0.713848 0.037694 0.699286
    outer loop
      vertex 2.4 0 8.4
      vertex 2.89778 0.776457 7.85
      vertex 2.31822 0.621165 8.45
    endloop
  endfacet
  facet normal 0.719252 0 -0.694749
    outer loop
      vertex 2.31822 0.621166 7.25
      vertex 2.89778 0.776457 7.85
      vertex 2.31822 0.621165 7.25
    endloop
  endfacet
  facet normal 0.637057 0.324281 -0.699285
    outer loop
      vertex 2.89778 0.776457 7.85
      vertex 2.31822 0.621166 7.25
      vertex 2.07846 1.2 7.3
    endloop
  endfacet
  facet normal 0.635431 0.312012 -0.706311
    outer loop
      vertex 2.07846 1.2 7.3
      vertex 2.59808 1.5 7.9
      vertex 2.89778 0.776457 7.85
    endloop
  endfacet
  facet normal 0.669944 0.22869 0.706311
    outer loop
      vertex 2.59808 1.5 7.9
      vertex 2.31822 0.621165 8.45
      vertex 2.89778 0.776457 7.85
    endloop
  endfacet
  facet normal 0.67977 0.221164 0.699285
    outer loop
      vertex 2.59808 1.5 7.9
      vertex 2.07846 1.2 8.5
      vertex 2.31822 0.621165 8.45
    endloop
  endfacet
  facet normal 0 0.894427 -0.447214
    outer loop
      vertex 2.07846 1.2 7.3
      vertex 2.59807 1.5 7.9
      vertex 2.59808 1.5 7.9
    endloop
  endfacet
  facet normal 0.531427 0.478112 -0.699281
    outer loop
      vertex 2.59807 1.5 7.9
      vertex 2.07846 1.2 7.3
      vertex 1.69706 1.69706 7.35
    endloop
  endfacet
  facet normal 0.533032 0.465844 -0.706305
    outer loop
      vertex 2.12132 2.12132 7.95
      vertex 2.59807 1.5 7.9
      vertex 1.69706 1.69706 7.35
    endloop
  endfacet
  facet normal 0.587925 0.394296 0.706311
    outer loop
      vertex 2.59808 1.5 7.9
      vertex 2.12132 2.12132 7.95
      vertex 2.07846 1.2 8.5
    endloop
  endfacet
  facet normal 0.599374 0.389565 0.699278
    outer loop
      vertex 2.07846 1.2 8.5
      vertex 2.12132 2.12132 7.95
      vertex 1.69706 1.69706 8.55
    endloop
  endfacet
  facet normal 0.389565 0.599374 -0.699278
    outer loop
      vertex 2.12132 2.12132 7.95
      vertex 1.69706 1.69706 7.35
      vertex 1.2 2.07846 7.4
    endloop
  endfacet
  facet normal 0.394296 0.587925 -0.706311
    outer loop
      vertex 1.5 2.59808 8
      vertex 2.12132 2.12132 7.95
      vertex 1.2 2.07846 7.4
    endloop
  endfacet
  facet normal 0.465849 0.533027 0.706305
    outer loop
      vertex 1.69706 1.69706 8.55
      vertex 2.12132 2.12132 7.95
      vertex 1.5 2.59808 8
    endloop
  endfacet
  facet normal 0.47811 0.531424 0.699285
    outer loop
      vertex 1.69706 1.69706 8.55
      vertex 1.5 2.59808 8
      vertex 1.2 2.07846 8.6
    endloop
  endfacet
  facet normal 0.221164 0.67977 -0.699285
    outer loop
      vertex 1.5 2.59808 8
      vertex 1.2 2.07846 7.4
      vertex 0.621165 2.31822 7.45
    endloop
  endfacet
  facet normal 0.22869 0.669944 -0.706311
    outer loop
      vertex 0.776457 2.89778 8.05
      vertex 1.5 2.59808 8
      vertex 0.621165 2.31822 7.45
    endloop
  endfacet
  facet normal 0.312012 0.635431 0.706311
    outer loop
      vertex 1.2 2.07846 8.6
      vertex 1.5 2.59808 8
      vertex 0.776457 2.89778 8.05
    endloop
  endfacet
  facet normal 0.324281 0.637057 0.699285
    outer loop
      vertex 1.2 2.07846 8.6
      vertex 0.776457 2.89778 8.05
      vertex 0.621165 2.31822 8.65
    endloop
  endfacet
  facet normal 0.0376941 0.713848 -0.699286
    outer loop
      vertex 0.776457 2.89778 8.05
      vertex 0.621165 2.31822 7.45
      vertex 6.10711e-007 2.4 7.5
    endloop
  endfacet
  facet normal 0.0475022 0.706309 -0.706309
    outer loop
      vertex 6.10711e-007 2.4 7.5
      vertex 0 3 8.1
      vertex 0.776457 2.89778 8.05
    endloop
  endfacet
  facet normal 0 0.707107 -0.707107
    outer loop
      vertex 0 3 8.1
      vertex 6.10711e-007 2.4 7.5
      vertex 0 2.4 7.5
    endloop
  endfacet
  facet normal 0.136918 0.694534 0.706311
    outer loop
      vertex 0.621165 2.31822 8.65
      vertex 0.776457 2.89778 8.05
      vertex 0 3 8.1
    endloop
  endfacet
  facet normal 0.148353 0.699282 0.699282
    outer loop
      vertex 0.621165 2.31822 8.65
      vertex 0 3 8.1
      vertex 0 2.4 8.7
    endloop
  endfacet
  facet normal 0 0.707107 -0.707107
    outer loop
      vertex -6.10711e-007 2.4 7.5
      vertex 0 3 8.1
      vertex 0 2.4 7.5
    endloop
  endfacet
  facet normal -0.148353 0.699282 -0.699282
    outer loop
      vertex 0 3 8.1
      vertex -6.10711e-007 2.4 7.5
      vertex -0.621165 2.31822 7.55
    endloop
  endfacet
  facet normal -0.136918 0.694534 -0.706311
    outer loop
      vertex 0 3 8.1
      vertex -0.621165 2.31822 7.55
      vertex -0.776457 2.89778 8.15
    endloop
  endfacet
  facet normal -0.0475022 0.706309 0.706309
    outer loop
      vertex 0 2.4 8.7
      vertex 0 3 8.1
      vertex -0.776457 2.89778 8.15
    endloop
  endfacet
  facet normal -0.037694 0.713848 0.699286
    outer loop
      vertex -0.621165 2.31822 8.75
      vertex 0 2.4 8.7
      vertex -0.776457 2.89778 8.15
    endloop
  endfacet
  facet normal -0.324281 0.637057 -0.699285
    outer loop
      vertex -0.776457 2.89778 8.15
      vertex -0.621165 2.31822 7.55
      vertex -1.2 2.07846 7.6
    endloop
  endfacet
  facet normal -0.312012 0.635431 -0.706311
    outer loop
      vertex -1.2 2.07846 7.6
      vertex -1.5 2.59808 8.2
      vertex -0.776457 2.89778 8.15
    endloop
  endfacet
  facet normal -0.22869 0.669944 0.706311
    outer loop
      vertex -1.5 2.59808 8.2
      vertex -0.621165 2.31822 8.75
      vertex -0.776457 2.89778 8.15
    endloop
  endfacet
  facet normal -0.221164 0.67977 0.699285
    outer loop
      vertex -1.5 2.59808 8.2
      vertex -1.2 2.07846 8.8
      vertex -0.621165 2.31822 8.75
    endloop
  endfacet
  facet normal -0.894427 0 -0.447214
    outer loop
      vertex -1.2 2.07846 7.6
      vertex -1.5 2.59807 8.2
      vertex -1.5 2.59808 8.2
    endloop
  endfacet
  facet normal -0.478112 0.531427 -0.699281
    outer loop
      vertex -1.5 2.59807 8.2
      vertex -1.2 2.07846 7.6
      vertex -1.69706 1.69706 7.65
    endloop
  endfacet
  facet normal -0.465844 0.533032 -0.706305
    outer loop
      vertex -1.5 2.59807 8.2
      vertex -1.69706 1.69706 7.65
      vertex -2.12132 2.12132 8.25
    endloop
  endfacet
  facet normal -0.394296 0.587925 0.706311
    outer loop
      vertex -1.2 2.07846 8.8
      vertex -1.5 2.59808 8.2
      vertex -2.12132 2.12132 8.25
    endloop
  endfacet
  facet normal -0.389565 0.599374 0.699278
    outer loop
      vertex -1.69706 1.69706 8.85
      vertex -1.2 2.07846 8.8
      vertex -2.12132 2.12132 8.25
    endloop
  endfacet
  facet normal -0.599374 0.389565 -0.699278
    outer loop
      vertex -1.69706 1.69706 7.65
      vertex -2.07846 1.2 7.7
      vertex -2.12132 2.12132 8.25
    endloop
  endfacet
  facet normal -0.587925 0.394296 -0.706311
    outer loop
      vertex -2.12132 2.12132 8.25
      vertex -2.07846 1.2 7.7
      vertex -2.59808 1.5 8.3
    endloop
  endfacet
  facet normal -0.533032 0.465844 0.706305
    outer loop
      vertex -1.69706 1.69706 8.85
      vertex -2.12132 2.12132 8.25
      vertex -2.59807 1.5 8.3
    endloop
  endfacet
  facet normal -0.531427 0.478112 0.699281
    outer loop
      vertex -2.59807 1.5 8.3
      vertex -2.07846 1.2 8.9
      vertex -1.69706 1.69706 8.85
    endloop
  endfacet
  facet normal 0 0.894427 0.447214
    outer loop
      vertex -2.07846 1.2 8.9
      vertex -2.59807 1.5 8.3
      vertex -2.59808 1.5 8.3
    endloop
  endfacet
  facet normal -0.67977 0.221164 -0.699285
    outer loop
      vertex -2.59808 1.5 8.3
      vertex -2.07846 1.2 7.7
      vertex -2.31822 0.621166 7.75
    endloop
  endfacet
  facet normal -0.719252 0 -0.694749
    outer loop
      vertex -2.89778 0.776457 8.35
      vertex -2.31822 0.621166 7.75
      vertex -2.31822 0.621165 7.75
    endloop
  endfacet
  facet normal -0.669945 0.22869 -0.706311
    outer loop
      vertex -2.31822 0.621166 7.75
      vertex -2.89778 0.776457 8.35
      vertex -2.59808 1.5 8.3
    endloop
  endfacet
  facet normal -0.635431 0.312012 0.706311
    outer loop
      vertex -2.07846 1.2 8.9
      vertex -2.59808 1.5 8.3
      vertex -2.89778 0.776457 8.35
    endloop
  endfacet
  facet normal -0.637057 0.324281 0.699285
    outer loop
      vertex -2.31822 0.621165 8.95
      vertex -2.07846 1.2 8.9
      vertex -2.89778 0.776457 8.35
    endloop
  endfacet
  facet normal -0.713848 0.037694 -0.699286
    outer loop
      vertex -2.89778 0.776457 8.35
      vertex -2.31822 0.621165 7.75
      vertex -2.4 0 7.8
    endloop
  endfacet
  facet normal -0.706309 0.0475022 -0.706309
    outer loop
      vertex -2.89778 0.776457 8.35
      vertex -2.4 0 7.8
      vertex -3 0 8.4
    endloop
  endfacet
  facet normal -0.694534 0.136918 0.706311
    outer loop
      vertex -2.31822 0.621165 8.95
      vertex -2.89778 0.776457 8.35
      vertex -3 0 8.4
    endloop
  endfacet
  facet normal -0.699282 0.148353 0.699282
    outer loop
      vertex -3 0 8.4
      vertex -2.4 6.10711e-007 9
      vertex -2.31822 0.621165 8.95
    endloop
  endfacet
  facet normal -0.707107 0 0.707107
    outer loop
      vertex -2.4 6.10711e-007 9
      vertex -3 0 8.4
      vertex -2.4 0 9
    endloop
  endfacet
  facet normal -0.699282 -0.148353 -0.699282
    outer loop
      vertex -2.4 0 7.8
      vertex -2.31822 -0.621165 7.85
      vertex -3 0 8.4
    endloop
  endfacet
  facet normal -0.694534 -0.136918 -0.706311
    outer loop
      vertex -2.31822 -0.621165 7.85
      vertex -2.89778 -0.776457 8.45
      vertex -3 0 8.4
    endloop
  endfacet
  facet normal -0.707107 0 0.707107
    outer loop
      vertex -3 0 8.4
      vertex -2.4 -6.10711e-007 9
      vertex -2.4 0 9
    endloop
  endfacet
  facet normal -0.706309 -0.0475022 0.706309
    outer loop
      vertex -2.4 -6.10711e-007 9
      vertex -3 0 8.4
      vertex -2.89778 -0.776457 8.45
    endloop
  endfacet
  facet normal -0.713848 -0.0376941 0.699286
    outer loop
      vertex -2.31822 -0.621165 9.05
      vertex -2.4 -6.10711e-007 9
      vertex -2.89778 -0.776457 8.45
    endloop
  endfacet
  facet normal -0.637057 -0.324281 -0.699285
    outer loop
      vertex -2.31822 -0.621165 7.85
      vertex -2.07846 -1.2 7.9
      vertex -2.89778 -0.776457 8.45
    endloop
  endfacet
  facet normal -0.635431 -0.312012 -0.706311
    outer loop
      vertex -2.07846 -1.2 7.9
      vertex -2.59808 -1.5 8.5
      vertex -2.89778 -0.776457 8.45
    endloop
  endfacet
  facet normal -0.669944 -0.22869 0.706311
    outer loop
      vertex -2.59808 -1.5 8.5
      vertex -2.31822 -0.621165 9.05
      vertex -2.89778 -0.776457 8.45
    endloop
  endfacet
  facet normal -0.67977 -0.221164 0.699285
    outer loop
      vertex -2.59808 -1.5 8.5
      vertex -2.07846 -1.2 9.1
      vertex -2.31822 -0.621165 9.05
    endloop
  endfacet
  facet normal -0.531427 -0.478112 -0.699281
    outer loop
      vertex -2.59807 -1.5 8.5
      vertex -2.07846 -1.2 7.9
      vertex -1.69706 -1.69706 7.95
    endloop
  endfacet
  facet normal 0 -0.894427 -0.447214
    outer loop
      vertex -2.07846 -1.2 7.9
      vertex -2.59807 -1.5 8.5
      vertex -2.59808 -1.5 8.5
    endloop
  endfacet
  facet normal -0.533032 -0.465844 -0.706305
    outer loop
      vertex -1.69706 -1.69706 7.95
      vertex -2.12132 -2.12132 8.55
      vertex -2.59807 -1.5 8.5
    endloop
  endfacet
  facet normal -0.587925 -0.394296 0.706311
    outer loop
      vertex -2.12132 -2.12132 8.55
      vertex -2.07846 -1.2 9.1
      vertex -2.59808 -1.5 8.5
    endloop
  endfacet
  facet normal -0.599374 -0.389565 0.699278
    outer loop
      vertex -1.69706 -1.69706 9.15
      vertex -2.07846 -1.2 9.1
      vertex -2.12132 -2.12132 8.55
    endloop
  endfacet
  facet normal -0.389565 -0.599374 -0.699278
    outer loop
      vertex -1.69706 -1.69706 7.95
      vertex -1.2 -2.07846 8
      vertex -2.12132 -2.12132 8.55
    endloop
  endfacet
  facet normal -0.394296 -0.587925 -0.706311
    outer loop
      vertex -1.2 -2.07846 8
      vertex -1.5 -2.59808 8.6
      vertex -2.12132 -2.12132 8.55
    endloop
  endfacet
  facet normal -0.465849 -0.533027 0.706305
    outer loop
      vertex -1.5 -2.59808 8.6
      vertex -1.69706 -1.69706 9.15
      vertex -2.12132 -2.12132 8.55
    endloop
  endfacet
  facet normal -0.47811 -0.531424 0.699285
    outer loop
      vertex -1.5 -2.59808 8.6
      vertex -1.2 -2.07846 9.2
      vertex -1.69706 -1.69706 9.15
    endloop
  endfacet
  facet normal -0.221164 -0.67977 -0.699285
    outer loop
      vertex -1.5 -2.59808 8.6
      vertex -1.2 -2.07846 8
      vertex -0.621165 -2.31822 8.05
    endloop
  endfacet
  facet normal -0.22869 -0.669944 -0.706311
    outer loop
      vertex -0.621165 -2.31822 8.05
      vertex -0.776457 -2.89778 8.65
      vertex -1.5 -2.59808 8.6
    endloop
  endfacet
  facet normal -0.312012 -0.635431 0.706311
    outer loop
      vertex -0.776457 -2.89778 8.65
      vertex -1.2 -2.07846 9.2
      vertex -1.5 -2.59808 8.6
    endloop
  endfacet
  facet normal 0 -0.719252 0.694749
    outer loop
      vertex -0.621166 -2.31822 9.25
      vertex -0.776457 -2.89778 8.65
      vertex -0.621165 -2.31822 9.25
    endloop
  endfacet
  facet normal -0.324281 -0.637057 0.699285
    outer loop
      vertex -0.776457 -2.89778 8.65
      vertex -0.621166 -2.31822 9.25
      vertex -1.2 -2.07846 9.2
    endloop
  endfacet
  facet normal -0.037694 -0.713848 -0.699286
    outer loop
      vertex -0.621165 -2.31822 8.05
      vertex 0 -2.4 8.1
      vertex -0.776457 -2.89778 8.65
    endloop
  endfacet
  facet normal -0.0475022 -0.706309 -0.706309
    outer loop
      vertex 0 -2.4 8.1
      vertex 0 -3 8.7
      vertex -0.776457 -2.89778 8.65
    endloop
  endfacet
  facet normal -0.136918 -0.694534 0.706311
    outer loop
      vertex -0.621165 -2.31822 9.25
      vertex -0.776457 -2.89778 8.65
      vertex 0 -3 8.7
    endloop
  endfacet
  facet normal -0.148353 -0.699282 0.699282
    outer loop
      vertex 0 -3 8.7
      vertex 0 -2.4 9.3
      vertex -0.621165 -2.31822 9.25
    endloop
  endfacet
  facet normal 0.148353 -0.699282 -0.699282
    outer loop
      vertex 0 -2.4 8.1
      vertex 0.621165 -2.31822 8.15
      vertex 0 -3 8.7
    endloop
  endfacet
  facet normal 0.136918 -0.694534 -0.706311
    outer loop
      vertex 0.621165 -2.31822 8.15
      vertex 0.776457 -2.89778 8.75
      vertex 0 -3 8.7
    endloop
  endfacet
  facet normal 0.0475022 -0.706309 0.706309
    outer loop
      vertex 0.776457 -2.89778 8.75
      vertex 0 -2.4 9.3
      vertex 0 -3 8.7
    endloop
  endfacet
  facet normal 0.037694 -0.713848 0.699286
    outer loop
      vertex 0.776457 -2.89778 8.75
      vertex 0.621165 -2.31822 9.35
      vertex 0 -2.4 9.3
    endloop
  endfacet
  facet normal 0.324281 -0.637057 -0.699285
    outer loop
      vertex 1.2 -2.07846 8.2
      vertex 0.776457 -2.89778 8.75
      vertex 0.621165 -2.31822 8.15
    endloop
  endfacet
  facet normal 0.312012 -0.635431 -0.706311
    outer loop
      vertex 1.2 -2.07846 8.2
      vertex 1.5 -2.59808 8.8
      vertex 0.776457 -2.89778 8.75
    endloop
  endfacet
  facet normal 0.22869 -0.669944 0.706311
    outer loop
      vertex 0.776457 -2.89778 8.75
      vertex 1.5 -2.59808 8.8
      vertex 0.621165 -2.31822 9.35
    endloop
  endfacet
  facet normal 0.221164 -0.67977 0.699285
    outer loop
      vertex 1.5 -2.59808 8.8
      vertex 1.2 -2.07846 9.4
      vertex 0.621165 -2.31822 9.35
    endloop
  endfacet
  facet normal 0.47811 -0.531424 -0.699285
    outer loop
      vertex 1.69706 -1.69706 8.25
      vertex 1.5 -2.59808 8.8
      vertex 1.2 -2.07846 8.2
    endloop
  endfacet
  facet normal 0.465849 -0.533027 -0.706305
    outer loop
      vertex 1.69706 -1.69706 8.25
      vertex 2.12132 -2.12132 8.85
      vertex 1.5 -2.59808 8.8
    endloop
  endfacet
  facet normal 0.394296 -0.587925 0.706311
    outer loop
      vertex 1.5 -2.59808 8.8
      vertex 2.12132 -2.12132 8.85
      vertex 1.2 -2.07846 9.4
    endloop
  endfacet
  facet normal 0.389565 -0.599374 0.699278
    outer loop
      vertex 2.12132 -2.12132 8.85
      vertex 1.69706 -1.69706 9.45
      vertex 1.2 -2.07846 9.4
    endloop
  endfacet
  facet normal 0.599374 -0.389565 -0.699278
    outer loop
      vertex 2.07846 -1.2 8.3
      vertex 2.12132 -2.12132 8.85
      vertex 1.69706 -1.69706 8.25
    endloop
  endfacet
  facet normal 0.587925 -0.394296 -0.706311
    outer loop
      vertex 2.59808 -1.5 8.9
      vertex 2.12132 -2.12132 8.85
      vertex 2.07846 -1.2 8.3
    endloop
  endfacet
  facet normal 0.533027 -0.465849 0.706305
    outer loop
      vertex 2.12132 -2.12132 8.85
      vertex 2.59808 -1.5 8.9
      vertex 1.69706 -1.69706 9.45
    endloop
  endfacet
  facet normal 0.531424 -0.47811 0.699285
    outer loop
      vertex 2.59808 -1.5 8.9
      vertex 2.07846 -1.2 9.5
      vertex 1.69706 -1.69706 9.45
    endloop
  endfacet
  facet normal 0.67977 -0.221164 -0.699285
    outer loop
      vertex 2.31822 -0.621165 8.35
      vertex 2.59808 -1.5 8.9
      vertex 2.07846 -1.2 8.3
    endloop
  endfacet
  facet normal 0.669944 -0.22869 -0.706311
    outer loop
      vertex 2.89778 -0.776457 8.95
      vertex 2.59808 -1.5 8.9
      vertex 2.31822 -0.621165 8.35
    endloop
  endfacet
  facet normal 0.635431 -0.312012 0.706311
    outer loop
      vertex 2.07846 -1.2 9.5
      vertex 2.59808 -1.5 8.9
      vertex 2.89778 -0.776457 8.95
    endloop
  endfacet
  facet normal 0.637057 -0.324281 0.699285
    outer loop
      vertex 2.89778 -0.776457 8.95
      vertex 2.31822 -0.621165 9.55
      vertex 2.07846 -1.2 9.5
    endloop
  endfacet
  facet normal 0.713848 -0.037694 -0.699286
    outer loop
      vertex 2.4 0 8.4
      vertex 2.89778 -0.776457 8.95
      vertex 2.31822 -0.621165 8.35
    endloop
  endfacet
  facet normal 0.706309 -0.0475022 -0.706309
    outer loop
      vertex 3 0 9
      vertex 2.89778 -0.776457 8.95
      vertex 2.4 0 8.4
    endloop
  endfacet
  facet normal 0.694534 -0.136918 0.706311
    outer loop
      vertex 2.89778 -0.776457 8.95
      vertex 3 0 9
      vertex 2.31822 -0.621165 9.55
    endloop
  endfacet
  facet normal 0.699282 -0.148353 0.699282
    outer loop
      vertex 3 0 9
      vertex 2.4 0 9.6
      vertex 2.31822 -0.621165 9.55
    endloop
  endfacet
  facet normal 0.699282 0.148353 -0.699282
    outer loop
      vertex 3 0 9
      vertex 2.4 0 8.4
      vertex 2.31822 0.621165 8.45
    endloop
  endfacet
  facet normal 0.694534 0.136918 -0.706311
    outer loop
      vertex 2.89778 0.776457 9.05
      vertex 3 0 9
      vertex 2.31822 0.621165 8.45
    endloop
  endfacet
  facet normal 0.706309 0.0475022 0.706309
    outer loop
      vertex 3 0 9
      vertex 2.89778 0.776457 9.05
      vertex 2.4 0 9.6
    endloop
  endfacet
  facet normal 0.713848 0.037694 0.699286
    outer loop
      vertex 2.4 0 9.6
      vertex 2.89778 0.776457 9.05
      vertex 2.31822 0.621165 9.65
    endloop
  endfacet
  facet normal 0.637057 0.324281 -0.699285
    outer loop
      vertex 2.89778 0.776457 9.05
      vertex 2.31822 0.621165 8.45
      vertex 2.07846 1.2 8.5
    endloop
  endfacet
  facet normal 0.635431 0.312012 -0.706311
    outer loop
      vertex 2.07846 1.2 8.5
      vertex 2.59808 1.5 9.1
      vertex 2.89778 0.776457 9.05
    endloop
  endfacet
  facet normal 0.669944 0.22869 0.706311
    outer loop
      vertex 2.59808 1.5 9.1
      vertex 2.31822 0.621165 9.65
      vertex 2.89778 0.776457 9.05
    endloop
  endfacet
  facet normal 0.67977 0.221164 0.699285
    outer loop
      vertex 2.59808 1.5 9.1
      vertex 2.07846 1.2 9.7
      vertex 2.31822 0.621165 9.65
    endloop
  endfacet
  facet normal 0 0.894427 -0.447214
    outer loop
      vertex 2.07846 1.2 8.5
      vertex 2.59807 1.5 9.1
      vertex 2.59808 1.5 9.1
    endloop
  endfacet
  facet normal 0.531427 0.478112 -0.699281
    outer loop
      vertex 2.59807 1.5 9.1
      vertex 2.07846 1.2 8.5
      vertex 1.69706 1.69706 8.55
    endloop
  endfacet
  facet normal 0.533032 0.465844 -0.706305
    outer loop
      vertex 2.12132 2.12132 9.15
      vertex 2.59807 1.5 9.1
      vertex 1.69706 1.69706 8.55
    endloop
  endfacet
  facet normal 0.587925 0.394296 0.706311
    outer loop
      vertex 2.59808 1.5 9.1
      vertex 2.12132 2.12132 9.15
      vertex 2.07846 1.2 9.7
    endloop
  endfacet
  facet normal 0.599374 0.389565 0.699278
    outer loop
      vertex 2.07846 1.2 9.7
      vertex 2.12132 2.12132 9.15
      vertex 1.69706 1.69706 9.75
    endloop
  endfacet
  facet normal 0.0567343 -0.0567343 0.996776
    outer loop
      vertex 2.07846 1.2 9.7
      vertex 1.69706 1.69706 9.75
      vertex 1.69705 1.69705 9.75
    endloop
  endfacet
  facet normal 0.389565 0.599374 -0.699278
    outer loop
      vertex 2.12132 2.12132 9.15
      vertex 1.69706 1.69706 8.55
      vertex 1.2 2.07846 8.6
    endloop
  endfacet
  facet normal 0.394296 0.587925 -0.706311
    outer loop
      vertex 1.5 2.59808 9.2
      vertex 2.12132 2.12132 9.15
      vertex 1.2 2.07846 8.6
    endloop
  endfacet
  facet normal 0.465849 0.533027 0.706305
    outer loop
      vertex 1.69706 1.69706 9.75
      vertex 2.12132 2.12132 9.15
      vertex 1.5 2.59808 9.2
    endloop
  endfacet
  facet normal 0.47811 0.531424 0.699285
    outer loop
      vertex 1.69706 1.69706 9.75
      vertex 1.5 2.59808 9.2
      vertex 1.2 2.07846 9.8
    endloop
  endfacet
  facet normal 0.0567343 -0.0567343 0.996776
    outer loop
      vertex 1.69705 1.69705 9.75
      vertex 1.69706 1.69706 9.75
      vertex 1.2 2.07846 9.8
    endloop
  endfacet
  facet normal 0.221164 0.67977 -0.699285
    outer loop
      vertex 1.5 2.59808 9.2
      vertex 1.2 2.07846 8.6
      vertex 0.621165 2.31822 8.65
    endloop
  endfacet
  facet normal 0.22869 0.669944 -0.706311
    outer loop
      vertex 0.776457 2.89778 9.25
      vertex 1.5 2.59808 9.2
      vertex 0.621165 2.31822 8.65
    endloop
  endfacet
  facet normal 0.312012 0.635431 0.706311
    outer loop
      vertex 1.2 2.07846 9.8
      vertex 1.5 2.59808 9.2
      vertex 0.776457 2.89778 9.25
    endloop
  endfacet
  facet normal 0.324281 0.637057 0.699285
    outer loop
      vertex 1.2 2.07846 9.8
      vertex 0.776457 2.89778 9.25
      vertex 0.621165 2.31822 9.85
    endloop
  endfacet
  facet normal 0.037694 0.713848 -0.699286
    outer loop
      vertex 0.776457 2.89778 9.25
      vertex 0.621165 2.31822 8.65
      vertex 0 2.4 8.7
    endloop
  endfacet
  facet normal 0.0475022 0.706309 -0.706309
    outer loop
      vertex 0 3 9.3
      vertex 0.776457 2.89778 9.25
      vertex 0 2.4 8.7
    endloop
  endfacet
  facet normal 0.136918 0.694534 0.706311
    outer loop
      vertex 0.621165 2.31822 9.85
      vertex 0.776457 2.89778 9.25
      vertex 0 3 9.3
    endloop
  endfacet
  facet normal 0.148353 0.699282 0.699282
    outer loop
      vertex 0.621165 2.31822 9.85
      vertex 0 3 9.3
      vertex 0 2.4 9.9
    endloop
  endfacet
  facet normal -0.148353 0.699282 -0.699282
    outer loop
      vertex 0 3 9.3
      vertex 0 2.4 8.7
      vertex -0.621165 2.31822 8.75
    endloop
  endfacet
  facet normal -0.136918 0.694534 -0.706311
    outer loop
      vertex 0 3 9.3
      vertex -0.621165 2.31822 8.75
      vertex -0.776457 2.89778 9.35
    endloop
  endfacet
  facet normal -0.0475022 0.706309 0.706309
    outer loop
      vertex 0 2.4 9.9
      vertex 0 3 9.3
      vertex -0.776457 2.89778 9.35
    endloop
  endfacet
  facet normal -0.037694 0.713848 0.699286
    outer loop
      vertex -0.621165 2.31822 9.95
      vertex 0 2.4 9.9
      vertex -0.776457 2.89778 9.35
    endloop
  endfacet
  facet normal -0.324281 0.637057 -0.699285
    outer loop
      vertex -0.776457 2.89778 9.35
      vertex -0.621165 2.31822 8.75
      vertex -1.2 2.07846 8.8
    endloop
  endfacet
  facet normal -0.312012 0.635431 -0.706311
    outer loop
      vertex -1.2 2.07846 8.8
      vertex -1.5 2.59808 9.4
      vertex -0.776457 2.89778 9.35
    endloop
  endfacet
  facet normal -0.22869 0.669944 0.706311
    outer loop
      vertex -1.5 2.59808 9.4
      vertex -0.621165 2.31822 9.95
      vertex -0.776457 2.89778 9.35
    endloop
  endfacet
  facet normal -0.221164 0.67977 0.699285
    outer loop
      vertex -1.5 2.59808 9.4
      vertex -1.2 2.07846 10
      vertex -0.621165 2.31822 9.95
    endloop
  endfacet
  facet normal -0.894427 0 -0.447214
    outer loop
      vertex -1.2 2.07846 8.8
      vertex -1.5 2.59807 9.4
      vertex -1.5 2.59808 9.4
    endloop
  endfacet
  facet normal -0.478112 0.531427 -0.699281
    outer loop
      vertex -1.5 2.59807 9.4
      vertex -1.2 2.07846 8.8
      vertex -1.69706 1.69706 8.85
    endloop
  endfacet
  facet normal -0.465844 0.533032 -0.706305
    outer loop
      vertex -1.5 2.59807 9.4
      vertex -1.69706 1.69706 8.85
      vertex -2.12132 2.12132 9.45
    endloop
  endfacet
  facet normal -0.394296 0.587925 0.706311
    outer loop
      vertex -1.2 2.07846 10
      vertex -1.5 2.59808 9.4
      vertex -2.12132 2.12132 9.45
    endloop
  endfacet
  facet normal -0.389565 0.599374 0.699278
    outer loop
      vertex -1.69706 1.69706 10.05
      vertex -1.2 2.07846 10
      vertex -2.12132 2.12132 9.45
    endloop
  endfacet
  facet normal -0.599374 0.389565 -0.699278
    outer loop
      vertex -1.69706 1.69706 8.85
      vertex -2.07846 1.2 8.9
      vertex -2.12132 2.12132 9.45
    endloop
  endfacet
  facet normal -0.587925 0.394296 -0.706311
    outer loop
      vertex -2.12132 2.12132 9.45
      vertex -2.07846 1.2 8.9
      vertex -2.59808 1.5 9.5
    endloop
  endfacet
  facet normal -0.533032 0.465844 0.706305
    outer loop
      vertex -1.69706 1.69706 10.05
      vertex -2.12132 2.12132 9.45
      vertex -2.59807 1.5 9.5
    endloop
  endfacet
  facet normal -0.531427 0.478112 0.699281
    outer loop
      vertex -2.59807 1.5 9.5
      vertex -2.07846 1.2 10.1
      vertex -1.69706 1.69706 10.05
    endloop
  endfacet
  facet normal 0 0.894427 0.447214
    outer loop
      vertex -2.07846 1.2 10.1
      vertex -2.59807 1.5 9.5
      vertex -2.59808 1.5 9.5
    endloop
  endfacet
  facet normal -0.67977 0.221164 -0.699285
    outer loop
      vertex -2.59808 1.5 9.5
      vertex -2.07846 1.2 8.9
      vertex -2.31822 0.621165 8.95
    endloop
  endfacet
  facet normal -0.669944 0.22869 -0.706311
    outer loop
      vertex -2.59808 1.5 9.5
      vertex -2.31822 0.621165 8.95
      vertex -2.89778 0.776457 9.55
    endloop
  endfacet
  facet normal -0.635431 0.312012 0.706311
    outer loop
      vertex -2.07846 1.2 10.1
      vertex -2.59808 1.5 9.5
      vertex -2.89778 0.776457 9.55
    endloop
  endfacet
  facet normal -0.637057 0.324281 0.699285
    outer loop
      vertex -2.31822 0.621165 10.15
      vertex -2.07846 1.2 10.1
      vertex -2.89778 0.776457 9.55
    endloop
  endfacet
  facet normal -0.713848 0.0376941 -0.699286
    outer loop
      vertex -2.31822 0.621165 8.95
      vertex -2.4 6.10711e-007 9
      vertex -2.89778 0.776457 9.55
    endloop
  endfacet
  facet normal -0.707107 0 -0.707107
    outer loop
      vertex -3 0 9.6
      vertex -2.4 6.10711e-007 9
      vertex -2.4 0 9
    endloop
  endfacet
  facet normal -0.706309 0.0475022 -0.706309
    outer loop
      vertex -2.4 6.10711e-007 9
      vertex -3 0 9.6
      vertex -2.89778 0.776457 9.55
    endloop
  endfacet
  facet normal -0.694534 0.136918 0.706311
    outer loop
      vertex -2.31822 0.621165 10.15
      vertex -2.89778 0.776457 9.55
      vertex -3 0 9.6
    endloop
  endfacet
  facet normal -0.699282 0.148353 0.699282
    outer loop
      vertex -2.4 0 10.2
      vertex -2.31822 0.621165 10.15
      vertex -3 0 9.6
    endloop
  endfacet
  facet normal -0.707107 0 -0.707107
    outer loop
      vertex -2.4 -6.10711e-007 9
      vertex -3 0 9.6
      vertex -2.4 0 9
    endloop
  endfacet
  facet normal -0.699282 -0.148353 -0.699282
    outer loop
      vertex -3 0 9.6
      vertex -2.4 -6.10711e-007 9
      vertex -2.31822 -0.621165 9.05
    endloop
  endfacet
  facet normal -0.694534 -0.136918 -0.706311
    outer loop
      vertex -2.31822 -0.621165 9.05
      vertex -2.89778 -0.776457 9.65
      vertex -3 0 9.6
    endloop
  endfacet
  facet normal -0.706309 -0.0475022 0.706309
    outer loop
      vertex -2.89778 -0.776457 9.65
      vertex -2.4 0 10.2
      vertex -3 0 9.6
    endloop
  endfacet
  facet normal -0.713848 -0.037694 0.699286
    outer loop
      vertex -2.89778 -0.776457 9.65
      vertex -2.31822 -0.621165 10.25
      vertex -2.4 0 10.2
    endloop
  endfacet
  facet normal -0.637057 -0.324281 -0.699285
    outer loop
      vertex -2.31822 -0.621165 9.05
      vertex -2.07846 -1.2 9.1
      vertex -2.89778 -0.776457 9.65
    endloop
  endfacet
  facet normal -0.635431 -0.312012 -0.706311
    outer loop
      vertex -2.07846 -1.2 9.1
      vertex -2.59808 -1.5 9.7
      vertex -2.89778 -0.776457 9.65
    endloop
  endfacet
  facet normal -0.719252 0 0.694749
    outer loop
      vertex -2.89778 -0.776457 9.65
      vertex -2.31822 -0.621166 10.25
      vertex -2.31822 -0.621165 10.25
    endloop
  endfacet
  facet normal -0.669945 -0.22869 0.706311
    outer loop
      vertex -2.31822 -0.621166 10.25
      vertex -2.89778 -0.776457 9.65
      vertex -2.59808 -1.5 9.7
    endloop
  endfacet
  facet normal -0.67977 -0.221164 0.699285
    outer loop
      vertex -2.59808 -1.5 9.7
      vertex -2.07846 -1.2 10.3
      vertex -2.31822 -0.621166 10.25
    endloop
  endfacet
  facet normal -0.531427 -0.478112 -0.699281
    outer loop
      vertex -2.59807 -1.5 9.7
      vertex -2.07846 -1.2 9.1
      vertex -1.69706 -1.69706 9.15
    endloop
  endfacet
  facet normal 0 -0.894427 -0.447214
    outer loop
      vertex -2.07846 -1.2 9.1
      vertex -2.59807 -1.5 9.7
      vertex -2.59808 -1.5 9.7
    endloop
  endfacet
  facet normal -0.533032 -0.465844 -0.706305
    outer loop
      vertex -1.69706 -1.69706 9.15
      vertex -2.12132 -2.12132 9.75
      vertex -2.59807 -1.5 9.7
    endloop
  endfacet
  facet normal -0.587925 -0.394296 0.706311
    outer loop
      vertex -2.12132 -2.12132 9.75
      vertex -2.07846 -1.2 10.3
      vertex -2.59808 -1.5 9.7
    endloop
  endfacet
  facet normal -0.599374 -0.389565 0.699278
    outer loop
      vertex -1.69706 -1.69706 10.35
      vertex -2.07846 -1.2 10.3
      vertex -2.12132 -2.12132 9.75
    endloop
  endfacet
  facet normal -0.389565 -0.599374 -0.699278
    outer loop
      vertex -1.69706 -1.69706 9.15
      vertex -1.2 -2.07846 9.2
      vertex -2.12132 -2.12132 9.75
    endloop
  endfacet
  facet normal -0.394296 -0.587925 -0.706311
    outer loop
      vertex -1.2 -2.07846 9.2
      vertex -1.5 -2.59808 9.8
      vertex -2.12132 -2.12132 9.75
    endloop
  endfacet
  facet normal -0.465849 -0.533027 0.706305
    outer loop
      vertex -1.5 -2.59808 9.8
      vertex -1.69706 -1.69706 10.35
      vertex -2.12132 -2.12132 9.75
    endloop
  endfacet
  facet normal -0.47811 -0.531424 0.699285
    outer loop
      vertex -1.5 -2.59808 9.8
      vertex -1.2 -2.07846 10.4
      vertex -1.69706 -1.69706 10.35
    endloop
  endfacet
  facet normal -0.221164 -0.67977 -0.699285
    outer loop
      vertex -1.2 -2.07846 9.2
      vertex -0.621166 -2.31822 9.25
      vertex -1.5 -2.59808 9.8
    endloop
  endfacet
  facet normal 0 -0.719252 -0.694749
    outer loop
      vertex -0.776457 -2.89778 9.85
      vertex -0.621166 -2.31822 9.25
      vertex -0.621165 -2.31822 9.25
    endloop
  endfacet
  facet normal -0.22869 -0.669945 -0.706311
    outer loop
      vertex -0.621166 -2.31822 9.25
      vertex -0.776457 -2.89778 9.85
      vertex -1.5 -2.59808 9.8
    endloop
  endfacet
  facet normal -0.312012 -0.635431 0.706311
    outer loop
      vertex -0.776457 -2.89778 9.85
      vertex -1.2 -2.07846 10.4
      vertex -1.5 -2.59808 9.8
    endloop
  endfacet
  facet normal -0.324281 -0.637057 0.699285
    outer loop
      vertex -0.776457 -2.89778 9.85
      vertex -0.621165 -2.31822 10.45
      vertex -1.2 -2.07846 10.4
    endloop
  endfacet
  facet normal -0.037694 -0.713848 -0.699286
    outer loop
      vertex -0.776457 -2.89778 9.85
      vertex -0.621165 -2.31822 9.25
      vertex 0 -2.4 9.3
    endloop
  endfacet
  facet normal -0.0475022 -0.706309 -0.706309
    outer loop
      vertex 0 -2.4 9.3
      vertex 0 -3 9.9
      vertex -0.776457 -2.89778 9.85
    endloop
  endfacet
  facet normal -0.136918 -0.694534 0.706311
    outer loop
      vertex 0 -3 9.9
      vertex -0.621165 -2.31822 10.45
      vertex -0.776457 -2.89778 9.85
    endloop
  endfacet
  facet normal 0 -0.707107 0.707107
    outer loop
      vertex -6.10711e-007 -2.4 10.5
      vertex 0 -3 9.9
      vertex 0 -2.4 10.5
    endloop
  endfacet
  facet normal -0.148353 -0.699282 0.699282
    outer loop
      vertex 0 -3 9.9
      vertex -6.10711e-007 -2.4 10.5
      vertex -0.621165 -2.31822 10.45
    endloop
  endfacet
  facet normal 0.148353 -0.699282 -0.699282
    outer loop
      vertex 0 -2.4 9.3
      vertex 0.621165 -2.31822 9.35
      vertex 0 -3 9.9
    endloop
  endfacet
  facet normal 0.136918 -0.694534 -0.706311
    outer loop
      vertex 0.621165 -2.31822 9.35
      vertex 0.776457 -2.89778 9.95
      vertex 0 -3 9.9
    endloop
  endfacet
  facet normal 0 -0.707107 0.707107
    outer loop
      vertex 0 -3 9.9
      vertex 6.10711e-007 -2.4 10.5
      vertex 0 -2.4 10.5
    endloop
  endfacet
  facet normal 0.0475022 -0.706309 0.706309
    outer loop
      vertex 6.10711e-007 -2.4 10.5
      vertex 0 -3 9.9
      vertex 0.776457 -2.89778 9.95
    endloop
  endfacet
  facet normal 0.0376941 -0.713848 0.699286
    outer loop
      vertex 0.776457 -2.89778 9.95
      vertex 0.621165 -2.31822 10.55
      vertex 6.10711e-007 -2.4 10.5
    endloop
  endfacet
  facet normal 0.324281 -0.637057 -0.699285
    outer loop
      vertex 1.2 -2.07846 9.4
      vertex 0.776457 -2.89778 9.95
      vertex 0.621165 -2.31822 9.35
    endloop
  endfacet
  facet normal 0.312012 -0.635431 -0.706311
    outer loop
      vertex 1.2 -2.07846 9.4
      vertex 1.5 -2.59808 10
      vertex 0.776457 -2.89778 9.95
    endloop
  endfacet
  facet normal 0.22869 -0.669944 0.706311
    outer loop
      vertex 0.776457 -2.89778 9.95
      vertex 1.5 -2.59808 10
      vertex 0.621165 -2.31822 10.55
    endloop
  endfacet
  facet normal 0.221164 -0.67977 0.699285
    outer loop
      vertex 1.5 -2.59808 10
      vertex 1.2 -2.07846 10.6
      vertex 0.621165 -2.31822 10.55
    endloop
  endfacet
  facet normal 0.47811 -0.531424 -0.699285
    outer loop
      vertex 1.69706 -1.69706 9.45
      vertex 1.5 -2.59808 10
      vertex 1.2 -2.07846 9.4
    endloop
  endfacet
  facet normal 0.465849 -0.533027 -0.706305
    outer loop
      vertex 1.69706 -1.69706 9.45
      vertex 2.12132 -2.12132 10.05
      vertex 1.5 -2.59808 10
    endloop
  endfacet
  facet normal 0.394296 -0.587925 0.706311
    outer loop
      vertex 1.5 -2.59808 10
      vertex 2.12132 -2.12132 10.05
      vertex 1.2 -2.07846 10.6
    endloop
  endfacet
  facet normal 0.389565 -0.599374 0.699278
    outer loop
      vertex 2.12132 -2.12132 10.05
      vertex 1.69706 -1.69706 10.65
      vertex 1.2 -2.07846 10.6
    endloop
  endfacet
  facet normal 0.599374 -0.389565 -0.699278
    outer loop
      vertex 2.07846 -1.2 9.5
      vertex 2.12132 -2.12132 10.05
      vertex 1.69706 -1.69706 9.45
    endloop
  endfacet
  facet normal 0.587925 -0.394296 -0.706311
    outer loop
      vertex 2.07846 -1.2 9.5
      vertex 2.59808 -1.5 10.1
      vertex 2.12132 -2.12132 10.05
    endloop
  endfacet
  facet normal 0.533027 -0.465849 0.706305
    outer loop
      vertex 2.12132 -2.12132 10.05
      vertex 2.59808 -1.5 10.1
      vertex 1.69706 -1.69706 10.65
    endloop
  endfacet
  facet normal 0.531424 -0.47811 0.699285
    outer loop
      vertex 2.59808 -1.5 10.1
      vertex 2.07846 -1.2 10.7
      vertex 1.69706 -1.69706 10.65
    endloop
  endfacet
  facet normal 0.67977 -0.221164 -0.699285
    outer loop
      vertex 2.59808 -1.5 10.1
      vertex 2.07846 -1.2 9.5
      vertex 2.31822 -0.621165 9.55
    endloop
  endfacet
  facet normal 0.669944 -0.22869 -0.706311
    outer loop
      vertex 2.89778 -0.776457 10.15
      vertex 2.59808 -1.5 10.1
      vertex 2.31822 -0.621165 9.55
    endloop
  endfacet
  facet normal 0.635431 -0.312012 0.706311
    outer loop
      vertex 2.59808 -1.5 10.1
      vertex 2.89778 -0.776457 10.15
      vertex 2.07846 -1.2 10.7
    endloop
  endfacet
  facet normal 0.719252 -0 0.694749
    outer loop
      vertex 2.31822 -0.621166 10.75
      vertex 2.89778 -0.776457 10.15
      vertex 2.31822 -0.621165 10.75
    endloop
  endfacet
  facet normal 0.637057 -0.324281 0.699285
    outer loop
      vertex 2.89778 -0.776457 10.15
      vertex 2.31822 -0.621166 10.75
      vertex 2.07846 -1.2 10.7
    endloop
  endfacet
  facet normal 0.713848 -0.037694 -0.699286
    outer loop
      vertex 2.4 0 9.6
      vertex 2.89778 -0.776457 10.15
      vertex 2.31822 -0.621165 9.55
    endloop
  endfacet
  facet normal 0.706309 -0.0475022 -0.706309
    outer loop
      vertex 3 0 10.2
      vertex 2.89778 -0.776457 10.15
      vertex 2.4 0 9.6
    endloop
  endfacet
  facet normal 0.694534 -0.136918 0.706311
    outer loop
      vertex 2.31822 -0.621165 10.75
      vertex 2.89778 -0.776457 10.15
      vertex 3 0 10.2
    endloop
  endfacet
  facet normal 0.699282 -0.148353 0.699282
    outer loop
      vertex 3 0 10.2
      vertex 2.4 0 10.8
      vertex 2.31822 -0.621165 10.75
    endloop
  endfacet
  facet normal 0.699282 0.148353 -0.699282
    outer loop
      vertex 3 0 10.2
      vertex 2.4 0 9.6
      vertex 2.31822 0.621165 9.65
    endloop
  endfacet
  facet normal 0.694534 0.136918 -0.706311
    outer loop
      vertex 2.89778 0.776457 10.25
      vertex 3 0 10.2
      vertex 2.31822 0.621165 9.65
    endloop
  endfacet
  facet normal 0.706309 0.0475022 0.706309
    outer loop
      vertex 3 0 10.2
      vertex 2.89778 0.776457 10.25
      vertex 2.4 0 10.8
    endloop
  endfacet
  facet normal 0.713848 0.037694 0.699286
    outer loop
      vertex 2.4 0 10.8
      vertex 2.89778 0.776457 10.25
      vertex 2.31822 0.621165 10.85
    endloop
  endfacet
  facet normal 0.637057 0.324281 -0.699285
    outer loop
      vertex 2.89778 0.776457 10.25
      vertex 2.31822 0.621165 9.65
      vertex 2.07846 1.2 9.7
    endloop
  endfacet
  facet normal 0.635431 0.312012 -0.706311
    outer loop
      vertex 2.07846 1.2 9.7
      vertex 2.59808 1.5 10.3
      vertex 2.89778 0.776457 10.25
    endloop
  endfacet
  facet normal 0.669944 0.22869 0.706311
    outer loop
      vertex 2.59808 1.5 10.3
      vertex 2.31822 0.621165 10.85
      vertex 2.89778 0.776457 10.25
    endloop
  endfacet
  facet normal 0.67977 0.221164 0.699285
    outer loop
      vertex 2.59808 1.5 10.3
      vertex 2.07846 1.2 10.9
      vertex 2.31822 0.621165 10.85
    endloop
  endfacet
  facet normal -0.0567343 0.0567343 -0.996776
    outer loop
      vertex 1.69706 1.69706 9.75
      vertex 2.07846 1.2 9.7
      vertex 1.69705 1.69705 9.75
    endloop
  endfacet
  facet normal 0 0.894427 -0.447214
    outer loop
      vertex 2.07846 1.2 9.7
      vertex 2.59807 1.5 10.3
      vertex 2.59808 1.5 10.3
    endloop
  endfacet
  facet normal 0.531427 0.478112 -0.699281
    outer loop
      vertex 2.59807 1.5 10.3
      vertex 2.07846 1.2 9.7
      vertex 1.69706 1.69706 9.75
    endloop
  endfacet
  facet normal 0.533032 0.465844 -0.706305
    outer loop
      vertex 2.12132 2.12132 10.35
      vertex 2.59807 1.5 10.3
      vertex 1.69706 1.69706 9.75
    endloop
  endfacet
  facet normal 0.587925 0.394296 0.706311
    outer loop
      vertex 2.59808 1.5 10.3
      vertex 2.12132 2.12132 10.35
      vertex 2.07846 1.2 10.9
    endloop
  endfacet
  facet normal 0.599374 0.389565 0.699278
    outer loop
      vertex 2.07846 1.2 10.9
      vertex 2.12132 2.12132 10.35
      vertex 1.69706 1.69706 10.95
    endloop
  endfacet
  facet normal -0.0567343 0.0567343 -0.996776
    outer loop
      vertex 1.69706 1.69706 9.75
      vertex 1.69705 1.69705 9.75
      vertex 1.2 2.07846 9.8
    endloop
  endfacet
  facet normal 0.389565 0.599374 -0.699278
    outer loop
      vertex 2.12132 2.12132 10.35
      vertex 1.69706 1.69706 9.75
      vertex 1.2 2.07846 9.8
    endloop
  endfacet
  facet normal 0.394296 0.587925 -0.706311
    outer loop
      vertex 1.5 2.59808 10.4
      vertex 2.12132 2.12132 10.35
      vertex 1.2 2.07846 9.8
    endloop
  endfacet
  facet normal 0.465849 0.533027 0.706305
    outer loop
      vertex 1.69706 1.69706 10.95
      vertex 2.12132 2.12132 10.35
      vertex 1.5 2.59808 10.4
    endloop
  endfacet
  facet normal 0.47811 0.531424 0.699285
    outer loop
      vertex 1.69706 1.69706 10.95
      vertex 1.5 2.59808 10.4
      vertex 1.2 2.07846 11
    endloop
  endfacet
  facet normal 0.221164 0.67977 -0.699285
    outer loop
      vertex 1.5 2.59808 10.4
      vertex 1.2 2.07846 9.8
      vertex 0.621165 2.31822 9.85
    endloop
  endfacet
  facet normal 0.22869 0.669944 -0.706311
    outer loop
      vertex 0.776457 2.89778 10.45
      vertex 1.5 2.59808 10.4
      vertex 0.621165 2.31822 9.85
    endloop
  endfacet
  facet normal 0.312012 0.635431 0.706311
    outer loop
      vertex 1.2 2.07846 11
      vertex 1.5 2.59808 10.4
      vertex 0.776457 2.89778 10.45
    endloop
  endfacet
  facet normal 0.324281 0.637057 0.699285
    outer loop
      vertex 1.2 2.07846 11
      vertex 0.776457 2.89778 10.45
      vertex 0.621165 2.31822 11.05
    endloop
  endfacet
  facet normal 0.037694 0.713848 -0.699286
    outer loop
      vertex 0.776457 2.89778 10.45
      vertex 0.621165 2.31822 9.85
      vertex 0 2.4 9.9
    endloop
  endfacet
  facet normal 0.0475022 0.706309 -0.706309
    outer loop
      vertex 0 3 10.5
      vertex 0.776457 2.89778 10.45
      vertex 0 2.4 9.9
    endloop
  endfacet
  facet normal 0.136918 0.694534 0.706311
    outer loop
      vertex 0.621165 2.31822 11.05
      vertex 0.776457 2.89778 10.45
      vertex 0 3 10.5
    endloop
  endfacet
  facet normal 0.148353 0.699282 0.699282
    outer loop
      vertex 0.621165 2.31822 11.05
      vertex 0 3 10.5
      vertex 0 2.4 11.1
    endloop
  endfacet
  facet normal -0.148353 0.699282 -0.699282
    outer loop
      vertex 0 3 10.5
      vertex 0 2.4 9.9
      vertex -0.621165 2.31822 9.95
    endloop
  endfacet
  facet normal -0.136918 0.694534 -0.706311
    outer loop
      vertex 0 3 10.5
      vertex -0.621165 2.31822 9.95
      vertex -0.776457 2.89778 10.55
    endloop
  endfacet
  facet normal -0.0475022 0.706309 0.706309
    outer loop
      vertex 0 2.4 11.1
      vertex 0 3 10.5
      vertex -0.776457 2.89778 10.55
    endloop
  endfacet
  facet normal -0.037694 0.713848 0.699286
    outer loop
      vertex -0.621165 2.31822 11.15
      vertex 0 2.4 11.1
      vertex -0.776457 2.89778 10.55
    endloop
  endfacet
  facet normal -0.324281 0.637057 -0.699285
    outer loop
      vertex -0.776457 2.89778 10.55
      vertex -0.621165 2.31822 9.95
      vertex -1.2 2.07846 10
    endloop
  endfacet
  facet normal -0.312012 0.635431 -0.706311
    outer loop
      vertex -1.2 2.07846 10
      vertex -1.5 2.59808 10.6
      vertex -0.776457 2.89778 10.55
    endloop
  endfacet
  facet normal -0.22869 0.669944 0.706311
    outer loop
      vertex -1.5 2.59808 10.6
      vertex -0.621165 2.31822 11.15
      vertex -0.776457 2.89778 10.55
    endloop
  endfacet
  facet normal -0.221164 0.67977 0.699285
    outer loop
      vertex -1.5 2.59808 10.6
      vertex -1.2 2.07846 11.2
      vertex -0.621165 2.31822 11.15
    endloop
  endfacet
  facet normal -0.894427 0 -0.447214
    outer loop
      vertex -1.2 2.07846 10
      vertex -1.5 2.59807 10.6
      vertex -1.5 2.59808 10.6
    endloop
  endfacet
  facet normal -0.478112 0.531427 -0.699281
    outer loop
      vertex -1.5 2.59807 10.6
      vertex -1.2 2.07846 10
      vertex -1.69706 1.69706 10.05
    endloop
  endfacet
  facet normal -0.465844 0.533032 -0.706305
    outer loop
      vertex -1.5 2.59807 10.6
      vertex -1.69706 1.69706 10.05
      vertex -2.12132 2.12132 10.65
    endloop
  endfacet
  facet normal -0.394296 0.587925 0.706311
    outer loop
      vertex -1.2 2.07846 11.2
      vertex -1.5 2.59808 10.6
      vertex -2.12132 2.12132 10.65
    endloop
  endfacet
  facet normal -0.389565 0.599374 0.699278
    outer loop
      vertex -1.69706 1.69706 11.25
      vertex -1.2 2.07846 11.2
      vertex -2.12132 2.12132 10.65
    endloop
  endfacet
  facet normal -0.599374 0.389565 -0.699278
    outer loop
      vertex -1.69706 1.69706 10.05
      vertex -2.07846 1.2 10.1
      vertex -2.12132 2.12132 10.65
    endloop
  endfacet
  facet normal -0.587925 0.394296 -0.706311
    outer loop
      vertex -2.12132 2.12132 10.65
      vertex -2.07846 1.2 10.1
      vertex -2.59808 1.5 10.7
    endloop
  endfacet
  facet normal -0.533032 0.465844 0.706305
    outer loop
      vertex -1.69706 1.69706 11.25
      vertex -2.12132 2.12132 10.65
      vertex -2.59807 1.5 10.7
    endloop
  endfacet
  facet normal -0.531427 0.478112 0.699281
    outer loop
      vertex -2.59807 1.5 10.7
      vertex -2.07846 1.2 11.3
      vertex -1.69706 1.69706 11.25
    endloop
  endfacet
  facet normal 0 0.894427 0.447214
    outer loop
      vertex -2.07846 1.2 11.3
      vertex -2.59807 1.5 10.7
      vertex -2.59808 1.5 10.7
    endloop
  endfacet
  facet normal -0.67977 0.221164 -0.699285
    outer loop
      vertex -2.59808 1.5 10.7
      vertex -2.07846 1.2 10.1
      vertex -2.31822 0.621165 10.15
    endloop
  endfacet
  facet normal -0.669944 0.22869 -0.706311
    outer loop
      vertex -2.59808 1.5 10.7
      vertex -2.31822 0.621165 10.15
      vertex -2.89778 0.776457 10.75
    endloop
  endfacet
  facet normal -0.635431 0.312012 0.706311
    outer loop
      vertex -2.07846 1.2 11.3
      vertex -2.59808 1.5 10.7
      vertex -2.89778 0.776457 10.75
    endloop
  endfacet
  facet normal -0.637057 0.324281 0.699285
    outer loop
      vertex -2.31822 0.621165 11.35
      vertex -2.07846 1.2 11.3
      vertex -2.89778 0.776457 10.75
    endloop
  endfacet
  facet normal -0.713848 0.037694 -0.699286
    outer loop
      vertex -2.31822 0.621165 10.15
      vertex -2.4 0 10.2
      vertex -2.89778 0.776457 10.75
    endloop
  endfacet
  facet normal -0.706309 0.0475022 -0.706309
    outer loop
      vertex -2.89778 0.776457 10.75
      vertex -2.4 0 10.2
      vertex -3 0 10.8
    endloop
  endfacet
  facet normal -0.694534 0.136918 0.706311
    outer loop
      vertex -2.31822 0.621165 11.35
      vertex -2.89778 0.776457 10.75
      vertex -3 0 10.8
    endloop
  endfacet
  facet normal -0.699282 0.148353 0.699282
    outer loop
      vertex -2.4 0 11.4
      vertex -2.31822 0.621165 11.35
      vertex -3 0 10.8
    endloop
  endfacet
  facet normal -0.699282 -0.148353 -0.699282
    outer loop
      vertex -2.4 0 10.2
      vertex -2.31822 -0.621165 10.25
      vertex -3 0 10.8
    endloop
  endfacet
  facet normal -0.694534 -0.136918 -0.706311
    outer loop
      vertex -2.31822 -0.621165 10.25
      vertex -2.89778 -0.776457 10.85
      vertex -3 0 10.8
    endloop
  endfacet
  facet normal -0.706309 -0.0475022 0.706309
    outer loop
      vertex -2.89778 -0.776457 10.85
      vertex -2.4 0 11.4
      vertex -3 0 10.8
    endloop
  endfacet
  facet normal -0.713848 -0.037694 0.699286
    outer loop
      vertex -2.31822 -0.621165 11.45
      vertex -2.4 0 11.4
      vertex -2.89778 -0.776457 10.85
    endloop
  endfacet
  facet normal -0.719252 0 -0.694749
    outer loop
      vertex -2.31822 -0.621166 10.25
      vertex -2.89778 -0.776457 10.85
      vertex -2.31822 -0.621165 10.25
    endloop
  endfacet
  facet normal -0.637057 -0.324281 -0.699285
    outer loop
      vertex -2.89778 -0.776457 10.85
      vertex -2.31822 -0.621166 10.25
      vertex -2.07846 -1.2 10.3
    endloop
  endfacet
  facet normal -0.635431 -0.312012 -0.706311
    outer loop
      vertex -2.07846 -1.2 10.3
      vertex -2.59808 -1.5 10.9
      vertex -2.89778 -0.776457 10.85
    endloop
  endfacet
  facet normal -0.669944 -0.22869 0.706311
    outer loop
      vertex -2.59808 -1.5 10.9
      vertex -2.31822 -0.621165 11.45
      vertex -2.89778 -0.776457 10.85
    endloop
  endfacet
  facet normal -0.67977 -0.221164 0.699285
    outer loop
      vertex -2.59808 -1.5 10.9
      vertex -2.07846 -1.2 11.5
      vertex -2.31822 -0.621165 11.45
    endloop
  endfacet
  facet normal -0.531427 -0.478112 -0.699281
    outer loop
      vertex -2.59807 -1.5 10.9
      vertex -2.07846 -1.2 10.3
      vertex -1.69706 -1.69706 10.35
    endloop
  endfacet
  facet normal 0 -0.894427 -0.447214
    outer loop
      vertex -2.07846 -1.2 10.3
      vertex -2.59807 -1.5 10.9
      vertex -2.59808 -1.5 10.9
    endloop
  endfacet
  facet normal -0.533032 -0.465844 -0.706305
    outer loop
      vertex -1.69706 -1.69706 10.35
      vertex -2.12132 -2.12132 10.95
      vertex -2.59807 -1.5 10.9
    endloop
  endfacet
  facet normal -0.587925 -0.394296 0.706311
    outer loop
      vertex -2.12132 -2.12132 10.95
      vertex -2.07846 -1.2 11.5
      vertex -2.59808 -1.5 10.9
    endloop
  endfacet
  facet normal -0.599374 -0.389565 0.699278
    outer loop
      vertex -1.69706 -1.69706 11.55
      vertex -2.07846 -1.2 11.5
      vertex -2.12132 -2.12132 10.95
    endloop
  endfacet
  facet normal -0.389565 -0.599374 -0.699278
    outer loop
      vertex -1.69706 -1.69706 10.35
      vertex -1.2 -2.07846 10.4
      vertex -2.12132 -2.12132 10.95
    endloop
  endfacet
  facet normal -0.394296 -0.587925 -0.706311
    outer loop
      vertex -1.2 -2.07846 10.4
      vertex -1.5 -2.59808 11
      vertex -2.12132 -2.12132 10.95
    endloop
  endfacet
  facet normal -0.465849 -0.533027 0.706305
    outer loop
      vertex -1.5 -2.59808 11
      vertex -1.69706 -1.69706 11.55
      vertex -2.12132 -2.12132 10.95
    endloop
  endfacet
  facet normal -0.47811 -0.531424 0.699285
    outer loop
      vertex -1.5 -2.59808 11
      vertex -1.2 -2.07846 11.6
      vertex -1.69706 -1.69706 11.55
    endloop
  endfacet
  facet normal -0.221164 -0.67977 -0.699285
    outer loop
      vertex -1.2 -2.07846 10.4
      vertex -0.621165 -2.31822 10.45
      vertex -1.5 -2.59808 11
    endloop
  endfacet
  facet normal -0.22869 -0.669944 -0.706311
    outer loop
      vertex -0.621165 -2.31822 10.45
      vertex -0.776457 -2.89778 11.05
      vertex -1.5 -2.59808 11
    endloop
  endfacet
  facet normal -0.312012 -0.635431 0.706311
    outer loop
      vertex -0.776457 -2.89778 11.05
      vertex -1.2 -2.07846 11.6
      vertex -1.5 -2.59808 11
    endloop
  endfacet
  facet normal -0.324281 -0.637057 0.699285
    outer loop
      vertex -0.776457 -2.89778 11.05
      vertex -0.621165 -2.31822 11.65
      vertex -1.2 -2.07846 11.6
    endloop
  endfacet
  facet normal -0.0376941 -0.713848 -0.699286
    outer loop
      vertex -0.621165 -2.31822 10.45
      vertex -6.10711e-007 -2.4 10.5
      vertex -0.776457 -2.89778 11.05
    endloop
  endfacet
  facet normal 0 -0.707107 -0.707107
    outer loop
      vertex 0 -3 11.1
      vertex -6.10711e-007 -2.4 10.5
      vertex 0 -2.4 10.5
    endloop
  endfacet
  facet normal -0.0475022 -0.706309 -0.706309
    outer loop
      vertex -6.10711e-007 -2.4 10.5
      vertex 0 -3 11.1
      vertex -0.776457 -2.89778 11.05
    endloop
  endfacet
  facet normal -0.136918 -0.694534 0.706311
    outer loop
      vertex 0 -3 11.1
      vertex -0.621165 -2.31822 11.65
      vertex -0.776457 -2.89778 11.05
    endloop
  endfacet
  facet normal -0.148353 -0.699282 0.699282
    outer loop
      vertex 0 -3 11.1
      vertex 0 -2.4 11.7
      vertex -0.621165 -2.31822 11.65
    endloop
  endfacet
  facet normal 0.148353 -0.699282 -0.699282
    outer loop
      vertex 0 -3 11.1
      vertex 6.10711e-007 -2.4 10.5
      vertex 0.621165 -2.31822 10.55
    endloop
  endfacet
  facet normal -0 -0.707107 -0.707107
    outer loop
      vertex 6.10711e-007 -2.4 10.5
      vertex 0 -3 11.1
      vertex 0 -2.4 10.5
    endloop
  endfacet
  facet normal 0.136918 -0.694534 -0.706311
    outer loop
      vertex 0.621165 -2.31822 10.55
      vertex 0.776457 -2.89778 11.15
      vertex 0 -3 11.1
    endloop
  endfacet
  facet normal 0.0475022 -0.706309 0.706309
    outer loop
      vertex 0.776457 -2.89778 11.15
      vertex 0 -2.4 11.7
      vertex 0 -3 11.1
    endloop
  endfacet
  facet normal 0.037694 -0.713848 0.699286
    outer loop
      vertex 0.776457 -2.89778 11.15
      vertex 0.621165 -2.31822 11.75
      vertex 0 -2.4 11.7
    endloop
  endfacet
  facet normal 0.324281 -0.637057 -0.699285
    outer loop
      vertex 1.2 -2.07846 10.6
      vertex 0.776457 -2.89778 11.15
      vertex 0.621165 -2.31822 10.55
    endloop
  endfacet
  facet normal 0.312012 -0.635431 -0.706311
    outer loop
      vertex 1.2 -2.07846 10.6
      vertex 1.5 -2.59808 11.2
      vertex 0.776457 -2.89778 11.15
    endloop
  endfacet
  facet normal 0.22869 -0.669944 0.706311
    outer loop
      vertex 0.776457 -2.89778 11.15
      vertex 1.5 -2.59808 11.2
      vertex 0.621165 -2.31822 11.75
    endloop
  endfacet
  facet normal 0.221164 -0.67977 0.699285
    outer loop
      vertex 1.5 -2.59808 11.2
      vertex 1.2 -2.07846 11.8
      vertex 0.621165 -2.31822 11.75
    endloop
  endfacet
  facet normal 0.47811 -0.531424 -0.699285
    outer loop
      vertex 1.69706 -1.69706 10.65
      vertex 1.5 -2.59808 11.2
      vertex 1.2 -2.07846 10.6
    endloop
  endfacet
  facet normal 0.465849 -0.533027 -0.706305
    outer loop
      vertex 1.69706 -1.69706 10.65
      vertex 2.12132 -2.12132 11.25
      vertex 1.5 -2.59808 11.2
    endloop
  endfacet
  facet normal 0.394296 -0.587925 0.706311
    outer loop
      vertex 1.5 -2.59808 11.2
      vertex 2.12132 -2.12132 11.25
      vertex 1.2 -2.07846 11.8
    endloop
  endfacet
  facet normal 0.389565 -0.599374 0.699278
    outer loop
      vertex 2.12132 -2.12132 11.25
      vertex 1.69706 -1.69706 11.85
      vertex 1.2 -2.07846 11.8
    endloop
  endfacet
  facet normal 0.599374 -0.389565 -0.699278
    outer loop
      vertex 2.07846 -1.2 10.7
      vertex 2.12132 -2.12132 11.25
      vertex 1.69706 -1.69706 10.65
    endloop
  endfacet
  facet normal 0.587925 -0.394296 -0.706311
    outer loop
      vertex 2.59808 -1.5 11.3
      vertex 2.12132 -2.12132 11.25
      vertex 2.07846 -1.2 10.7
    endloop
  endfacet
  facet normal 0.533027 -0.465849 0.706305
    outer loop
      vertex 2.12132 -2.12132 11.25
      vertex 2.59808 -1.5 11.3
      vertex 1.69706 -1.69706 11.85
    endloop
  endfacet
  facet normal 0.531424 -0.47811 0.699285
    outer loop
      vertex 2.59808 -1.5 11.3
      vertex 2.07846 -1.2 11.9
      vertex 1.69706 -1.69706 11.85
    endloop
  endfacet
  facet normal 0.67977 -0.221164 -0.699285
    outer loop
      vertex 2.31822 -0.621166 10.75
      vertex 2.59808 -1.5 11.3
      vertex 2.07846 -1.2 10.7
    endloop
  endfacet
  facet normal 0.669945 -0.22869 -0.706311
    outer loop
      vertex 2.31822 -0.621166 10.75
      vertex 2.89778 -0.776457 11.35
      vertex 2.59808 -1.5 11.3
    endloop
  endfacet
  facet normal 0.719252 0 -0.694749
    outer loop
      vertex 2.89778 -0.776457 11.35
      vertex 2.31822 -0.621166 10.75
      vertex 2.31822 -0.621165 10.75
    endloop
  endfacet
  facet normal 0.635431 -0.312012 0.706311
    outer loop
      vertex 2.59808 -1.5 11.3
      vertex 2.89778 -0.776457 11.35
      vertex 2.07846 -1.2 11.9
    endloop
  endfacet
  facet normal 0.637057 -0.324281 0.699285
    outer loop
      vertex 2.89778 -0.776457 11.35
      vertex 2.31822 -0.621165 11.95
      vertex 2.07846 -1.2 11.9
    endloop
  endfacet
  facet normal 0.713848 -0.037694 -0.699286
    outer loop
      vertex 2.89778 -0.776457 11.35
      vertex 2.31822 -0.621165 10.75
      vertex 2.4 0 10.8
    endloop
  endfacet
  facet normal 0.706309 -0.0475022 -0.706309
    outer loop
      vertex 3 0 11.4
      vertex 2.89778 -0.776457 11.35
      vertex 2.4 0 10.8
    endloop
  endfacet
  facet normal 0.694534 -0.136918 0.706311
    outer loop
      vertex 2.89778 -0.776457 11.35
      vertex 3 0 11.4
      vertex 2.31822 -0.621165 11.95
    endloop
  endfacet
  facet normal 0.699282 -0.148353 0.699282
    outer loop
      vertex 2.4 0 12
      vertex 2.31822 -0.621165 11.95
      vertex 3 0 11.4
    endloop
  endfacet
  facet normal 0.699282 0.148353 -0.699282
    outer loop
      vertex 3 0 11.4
      vertex 2.4 0 10.8
      vertex 2.31822 0.621165 10.85
    endloop
  endfacet
  facet normal 0.694534 0.136918 -0.706311
    outer loop
      vertex 2.89778 0.776457 11.45
      vertex 3 0 11.4
      vertex 2.31822 0.621165 10.85
    endloop
  endfacet
  facet normal 0.707107 0 0.707107
    outer loop
      vertex 3 0 11.4
      vertex 2.4 6.10711e-007 12
      vertex 2.4 0 12
    endloop
  endfacet
  facet normal 0.706309 0.0475022 0.706309
    outer loop
      vertex 2.4 6.10711e-007 12
      vertex 3 0 11.4
      vertex 2.89778 0.776457 11.45
    endloop
  endfacet
  facet normal 0.713848 0.0376941 0.699286
    outer loop
      vertex 2.4 6.10711e-007 12
      vertex 2.89778 0.776457 11.45
      vertex 2.31822 0.621165 12.05
    endloop
  endfacet
  facet normal 0.637057 0.324281 -0.699285
    outer loop
      vertex 2.89778 0.776457 11.45
      vertex 2.31822 0.621165 10.85
      vertex 2.07846 1.2 10.9
    endloop
  endfacet
  facet normal 0.635431 0.312012 -0.706311
    outer loop
      vertex 2.07846 1.2 10.9
      vertex 2.59808 1.5 11.5
      vertex 2.89778 0.776457 11.45
    endloop
  endfacet
  facet normal 0.669944 0.22869 0.706311
    outer loop
      vertex 2.59808 1.5 11.5
      vertex 2.31822 0.621165 12.05
      vertex 2.89778 0.776457 11.45
    endloop
  endfacet
  facet normal 0.67977 0.221164 0.699285
    outer loop
      vertex 2.59808 1.5 11.5
      vertex 2.07846 1.2 12.1
      vertex 2.31822 0.621165 12.05
    endloop
  endfacet
  facet normal 0 0.894427 -0.447214
    outer loop
      vertex 2.07846 1.2 10.9
      vertex 2.59807 1.5 11.5
      vertex 2.59808 1.5 11.5
    endloop
  endfacet
  facet normal 0.531427 0.478112 -0.699281
    outer loop
      vertex 2.59807 1.5 11.5
      vertex 2.07846 1.2 10.9
      vertex 1.69706 1.69706 10.95
    endloop
  endfacet
  facet normal 0.533032 0.465844 -0.706305
    outer loop
      vertex 2.12132 2.12132 11.55
      vertex 2.59807 1.5 11.5
      vertex 1.69706 1.69706 10.95
    endloop
  endfacet
  facet normal 0.587925 0.394296 0.706311
    outer loop
      vertex 2.59808 1.5 11.5
      vertex 2.12132 2.12132 11.55
      vertex 2.07846 1.2 12.1
    endloop
  endfacet
  facet normal 0.599374 0.389565 0.699278
    outer loop
      vertex 2.07846 1.2 12.1
      vertex 2.12132 2.12132 11.55
      vertex 1.69706 1.69706 12.15
    endloop
  endfacet
  facet normal 0.389565 0.599374 -0.699278
    outer loop
      vertex 2.12132 2.12132 11.55
      vertex 1.69706 1.69706 10.95
      vertex 1.2 2.07846 11
    endloop
  endfacet
  facet normal 0.394296 0.587925 -0.706311
    outer loop
      vertex 1.5 2.59808 11.6
      vertex 2.12132 2.12132 11.55
      vertex 1.2 2.07846 11
    endloop
  endfacet
  facet normal 0.465849 0.533027 0.706305
    outer loop
      vertex 1.69706 1.69706 12.15
      vertex 2.12132 2.12132 11.55
      vertex 1.5 2.59808 11.6
    endloop
  endfacet
  facet normal 0.47811 0.531424 0.699285
    outer loop
      vertex 1.69706 1.69706 12.15
      vertex 1.5 2.59808 11.6
      vertex 1.2 2.07846 12.2
    endloop
  endfacet
  facet normal 0.221164 0.67977 -0.699285
    outer loop
      vertex 1.5 2.59808 11.6
      vertex 1.2 2.07846 11
      vertex 0.621165 2.31822 11.05
    endloop
  endfacet
  facet normal 0.22869 0.669944 -0.706311
    outer loop
      vertex 0.776457 2.89778 11.65
      vertex 1.5 2.59808 11.6
      vertex 0.621165 2.31822 11.05
    endloop
  endfacet
  facet normal 0.312012 0.635431 0.706311
    outer loop
      vertex 1.2 2.07846 12.2
      vertex 1.5 2.59808 11.6
      vertex 0.776457 2.89778 11.65
    endloop
  endfacet
  facet normal 0.324281 0.637057 0.699285
    outer loop
      vertex 0.776457 2.89778 11.65
      vertex 0.621166 2.31822 12.25
      vertex 1.2 2.07846 12.2
    endloop
  endfacet
  facet normal 0 0.719252 0.694749
    outer loop
      vertex 0.621166 2.31822 12.25
      vertex 0.776457 2.89778 11.65
      vertex 0.621165 2.31822 12.25
    endloop
  endfacet
  facet normal 0.037694 0.713848 -0.699286
    outer loop
      vertex 0.776457 2.89778 11.65
      vertex 0.621165 2.31822 11.05
      vertex 0 2.4 11.1
    endloop
  endfacet
  facet normal 0.0475022 0.706309 -0.706309
    outer loop
      vertex 0 3 11.7
      vertex 0.776457 2.89778 11.65
      vertex 0 2.4 11.1
    endloop
  endfacet
  facet normal 0.136918 0.694534 0.706311
    outer loop
      vertex 0.621165 2.31822 12.25
      vertex 0.776457 2.89778 11.65
      vertex 0 3 11.7
    endloop
  endfacet
  facet normal 0.148353 0.699282 0.699282
    outer loop
      vertex 0.621165 2.31822 12.25
      vertex 0 3 11.7
      vertex 0 2.4 12.3
    endloop
  endfacet
  facet normal -0.148353 0.699282 -0.699282
    outer loop
      vertex 0 3 11.7
      vertex 0 2.4 11.1
      vertex -0.621165 2.31822 11.15
    endloop
  endfacet
  facet normal -0.136918 0.694534 -0.706311
    outer loop
      vertex 0 3 11.7
      vertex -0.621165 2.31822 11.15
      vertex -0.776457 2.89778 11.75
    endloop
  endfacet
  facet normal -0.0475022 0.706309 0.706309
    outer loop
      vertex 0 2.4 12.3
      vertex 0 3 11.7
      vertex -0.776457 2.89778 11.75
    endloop
  endfacet
  facet normal -0.037694 0.713848 0.699286
    outer loop
      vertex -0.621165 2.31822 12.35
      vertex 0 2.4 12.3
      vertex -0.776457 2.89778 11.75
    endloop
  endfacet
  facet normal -0.324281 0.637057 -0.699285
    outer loop
      vertex -0.776457 2.89778 11.75
      vertex -0.621165 2.31822 11.15
      vertex -1.2 2.07846 11.2
    endloop
  endfacet
  facet normal -0.312012 0.635431 -0.706311
    outer loop
      vertex -1.2 2.07846 11.2
      vertex -1.5 2.59808 11.8
      vertex -0.776457 2.89778 11.75
    endloop
  endfacet
  facet normal -0.22869 0.669944 0.706311
    outer loop
      vertex -1.5 2.59808 11.8
      vertex -0.621165 2.31822 12.35
      vertex -0.776457 2.89778 11.75
    endloop
  endfacet
  facet normal -0.221164 0.67977 0.699285
    outer loop
      vertex -1.5 2.59808 11.8
      vertex -1.2 2.07846 12.4
      vertex -0.621165 2.31822 12.35
    endloop
  endfacet
  facet normal -0.894427 0 -0.447214
    outer loop
      vertex -1.2 2.07846 11.2
      vertex -1.5 2.59807 11.8
      vertex -1.5 2.59808 11.8
    endloop
  endfacet
  facet normal -0.478112 0.531427 -0.699281
    outer loop
      vertex -1.5 2.59807 11.8
      vertex -1.2 2.07846 11.2
      vertex -1.69706 1.69706 11.25
    endloop
  endfacet
  facet normal -0.465844 0.533032 -0.706305
    outer loop
      vertex -1.5 2.59807 11.8
      vertex -1.69706 1.69706 11.25
      vertex -2.12132 2.12132 11.85
    endloop
  endfacet
  facet normal -0.394296 0.587925 0.706311
    outer loop
      vertex -1.2 2.07846 12.4
      vertex -1.5 2.59808 11.8
      vertex -2.12132 2.12132 11.85
    endloop
  endfacet
  facet normal -0.389565 0.599374 0.699278
    outer loop
      vertex -1.69706 1.69706 12.45
      vertex -1.2 2.07846 12.4
      vertex -2.12132 2.12132 11.85
    endloop
  endfacet
  facet normal -0.599374 0.389565 -0.699278
    outer loop
      vertex -1.69706 1.69706 11.25
      vertex -2.07846 1.2 11.3
      vertex -2.12132 2.12132 11.85
    endloop
  endfacet
  facet normal -0.587925 0.394296 -0.706311
    outer loop
      vertex -2.12132 2.12132 11.85
      vertex -2.07846 1.2 11.3
      vertex -2.59808 1.5 11.9
    endloop
  endfacet
  facet normal -0.533032 0.465844 0.706305
    outer loop
      vertex -1.69706 1.69706 12.45
      vertex -2.12132 2.12132 11.85
      vertex -2.59807 1.5 11.9
    endloop
  endfacet
  facet normal -0.531427 0.478112 0.699281
    outer loop
      vertex -2.59807 1.5 11.9
      vertex -2.07846 1.2 12.5
      vertex -1.69706 1.69706 12.45
    endloop
  endfacet
  facet normal 0 0.894427 0.447214
    outer loop
      vertex -2.07846 1.2 12.5
      vertex -2.59807 1.5 11.9
      vertex -2.59808 1.5 11.9
    endloop
  endfacet
  facet normal -0.67977 0.221164 -0.699285
    outer loop
      vertex -2.59808 1.5 11.9
      vertex -2.07846 1.2 11.3
      vertex -2.31822 0.621165 11.35
    endloop
  endfacet
  facet normal -0.669944 0.22869 -0.706311
    outer loop
      vertex -2.59808 1.5 11.9
      vertex -2.31822 0.621165 11.35
      vertex -2.89778 0.776457 11.95
    endloop
  endfacet
  facet normal -0.635431 0.312012 0.706311
    outer loop
      vertex -2.07846 1.2 12.5
      vertex -2.59808 1.5 11.9
      vertex -2.89778 0.776457 11.95
    endloop
  endfacet
  facet normal -0.637057 0.324281 0.699285
    outer loop
      vertex -2.31822 0.621165 12.55
      vertex -2.07846 1.2 12.5
      vertex -2.89778 0.776457 11.95
    endloop
  endfacet
  facet normal -0.713848 0.037694 -0.699286
    outer loop
      vertex -2.31822 0.621165 11.35
      vertex -2.4 0 11.4
      vertex -2.89778 0.776457 11.95
    endloop
  endfacet
  facet normal -0.706309 0.0475022 -0.706309
    outer loop
      vertex -2.89778 0.776457 11.95
      vertex -2.4 0 11.4
      vertex -3 0 12
    endloop
  endfacet
  facet normal -0.694534 0.136918 0.706311
    outer loop
      vertex -2.31822 0.621165 12.55
      vertex -2.89778 0.776457 11.95
      vertex -3 0 12
    endloop
  endfacet
  facet normal -0.699282 0.148353 0.699282
    outer loop
      vertex -2.4 0 12.6
      vertex -2.31822 0.621165 12.55
      vertex -3 0 12
    endloop
  endfacet
  facet normal -0.699282 -0.148353 -0.699282
    outer loop
      vertex -2.4 0 11.4
      vertex -2.31822 -0.621165 11.45
      vertex -3 0 12
    endloop
  endfacet
  facet normal -0.694534 -0.136918 -0.706311
    outer loop
      vertex -2.31822 -0.621165 11.45
      vertex -2.89778 -0.776457 12.05
      vertex -3 0 12
    endloop
  endfacet
  facet normal -0.706309 -0.0475022 0.706309
    outer loop
      vertex -2.89778 -0.776457 12.05
      vertex -2.4 0 12.6
      vertex -3 0 12
    endloop
  endfacet
  facet normal -0.713848 -0.037694 0.699286
    outer loop
      vertex -2.31822 -0.621165 12.65
      vertex -2.4 0 12.6
      vertex -2.89778 -0.776457 12.05
    endloop
  endfacet
  facet normal -0.637057 -0.324281 -0.699285
    outer loop
      vertex -2.31822 -0.621165 11.45
      vertex -2.07846 -1.2 11.5
      vertex -2.89778 -0.776457 12.05
    endloop
  endfacet
  facet normal -0.635431 -0.312012 -0.706311
    outer loop
      vertex -2.07846 -1.2 11.5
      vertex -2.59808 -1.5 12.1
      vertex -2.89778 -0.776457 12.05
    endloop
  endfacet
  facet normal -0.669944 -0.22869 0.706311
    outer loop
      vertex -2.59808 -1.5 12.1
      vertex -2.31822 -0.621165 12.65
      vertex -2.89778 -0.776457 12.05
    endloop
  endfacet
  facet normal -0.67977 -0.221164 0.699285
    outer loop
      vertex -2.59808 -1.5 12.1
      vertex -2.07846 -1.2 12.7
      vertex -2.31822 -0.621165 12.65
    endloop
  endfacet
  facet normal -0.531427 -0.478112 -0.699281
    outer loop
      vertex -2.59807 -1.5 12.1
      vertex -2.07846 -1.2 11.5
      vertex -1.69706 -1.69706 11.55
    endloop
  endfacet
  facet normal 0 -0.894427 -0.447214
    outer loop
      vertex -2.07846 -1.2 11.5
      vertex -2.59807 -1.5 12.1
      vertex -2.59808 -1.5 12.1
    endloop
  endfacet
  facet normal -0.533032 -0.465844 -0.706305
    outer loop
      vertex -1.69706 -1.69706 11.55
      vertex -2.12132 -2.12132 12.15
      vertex -2.59807 -1.5 12.1
    endloop
  endfacet
  facet normal -0.587925 -0.394296 0.706311
    outer loop
      vertex -2.12132 -2.12132 12.15
      vertex -2.07846 -1.2 12.7
      vertex -2.59808 -1.5 12.1
    endloop
  endfacet
  facet normal -0.599374 -0.389565 0.699278
    outer loop
      vertex -2.12132 -2.12132 12.15
      vertex -1.69706 -1.69706 12.75
      vertex -2.07846 -1.2 12.7
    endloop
  endfacet
  facet normal -0.389565 -0.599374 -0.699278
    outer loop
      vertex -1.69706 -1.69706 11.55
      vertex -1.2 -2.07846 11.6
      vertex -2.12132 -2.12132 12.15
    endloop
  endfacet
  facet normal -0.394296 -0.587925 -0.706311
    outer loop
      vertex -1.2 -2.07846 11.6
      vertex -1.5 -2.59808 12.2
      vertex -2.12132 -2.12132 12.15
    endloop
  endfacet
  facet normal -0.465849 -0.533027 0.706305
    outer loop
      vertex -1.69706 -1.69706 12.75
      vertex -2.12132 -2.12132 12.15
      vertex -1.5 -2.59808 12.2
    endloop
  endfacet
  facet normal -0.47811 -0.531424 0.699285
    outer loop
      vertex -1.5 -2.59808 12.2
      vertex -1.2 -2.07846 12.8
      vertex -1.69706 -1.69706 12.75
    endloop
  endfacet
  facet normal -0.221164 -0.67977 -0.699285
    outer loop
      vertex -1.2 -2.07846 11.6
      vertex -0.621165 -2.31822 11.65
      vertex -1.5 -2.59808 12.2
    endloop
  endfacet
  facet normal -0.22869 -0.669944 -0.706311
    outer loop
      vertex -0.621165 -2.31822 11.65
      vertex -0.776457 -2.89778 12.25
      vertex -1.5 -2.59808 12.2
    endloop
  endfacet
  facet normal -0.312012 -0.635431 0.706311
    outer loop
      vertex -0.776457 -2.89778 12.25
      vertex -1.2 -2.07846 12.8
      vertex -1.5 -2.59808 12.2
    endloop
  endfacet
  facet normal -0.324281 -0.637057 0.699285
    outer loop
      vertex -0.776457 -2.89778 12.25
      vertex -0.621165 -2.31822 12.85
      vertex -1.2 -2.07846 12.8
    endloop
  endfacet
  facet normal -0.037694 -0.713848 -0.699286
    outer loop
      vertex -0.621165 -2.31822 11.65
      vertex 0 -2.4 11.7
      vertex -0.776457 -2.89778 12.25
    endloop
  endfacet
  facet normal -0.0475022 -0.706309 -0.706309
    outer loop
      vertex 0 -2.4 11.7
      vertex 0 -3 12.3
      vertex -0.776457 -2.89778 12.25
    endloop
  endfacet
  facet normal -0.136918 -0.694534 0.706311
    outer loop
      vertex 0 -3 12.3
      vertex -0.621165 -2.31822 12.85
      vertex -0.776457 -2.89778 12.25
    endloop
  endfacet
  facet normal -0.148353 -0.699282 0.699282
    outer loop
      vertex 0 -3 12.3
      vertex 0 -2.4 12.9
      vertex -0.621165 -2.31822 12.85
    endloop
  endfacet
  facet normal 0.148353 -0.699282 -0.699282
    outer loop
      vertex 0 -2.4 11.7
      vertex 0.621165 -2.31822 11.75
      vertex 0 -3 12.3
    endloop
  endfacet
  facet normal 0.136918 -0.694534 -0.706311
    outer loop
      vertex 0.621165 -2.31822 11.75
      vertex 0.776457 -2.89778 12.35
      vertex 0 -3 12.3
    endloop
  endfacet
  facet normal 0.0475022 -0.706309 0.706309
    outer loop
      vertex 0.776457 -2.89778 12.35
      vertex 0 -2.4 12.9
      vertex 0 -3 12.3
    endloop
  endfacet
  facet normal 0.037694 -0.713848 0.699286
    outer loop
      vertex 0.776457 -2.89778 12.35
      vertex 0.621165 -2.31822 12.95
      vertex 0 -2.4 12.9
    endloop
  endfacet
  facet normal 0.324281 -0.637057 -0.699285
    outer loop
      vertex 1.2 -2.07846 11.8
      vertex 0.776457 -2.89778 12.35
      vertex 0.621165 -2.31822 11.75
    endloop
  endfacet
  facet normal 0.312012 -0.635431 -0.706311
    outer loop
      vertex 1.2 -2.07846 11.8
      vertex 1.5 -2.59808 12.4
      vertex 0.776457 -2.89778 12.35
    endloop
  endfacet
  facet normal 0.22869 -0.669944 0.706311
    outer loop
      vertex 0.776457 -2.89778 12.35
      vertex 1.5 -2.59808 12.4
      vertex 0.621165 -2.31822 12.95
    endloop
  endfacet
  facet normal 0.221164 -0.67977 0.699285
    outer loop
      vertex 1.5 -2.59808 12.4
      vertex 1.2 -2.07846 13
      vertex 0.621165 -2.31822 12.95
    endloop
  endfacet
  facet normal 0.47811 -0.531424 -0.699285
    outer loop
      vertex 1.69706 -1.69706 11.85
      vertex 1.5 -2.59808 12.4
      vertex 1.2 -2.07846 11.8
    endloop
  endfacet
  facet normal 0.465849 -0.533027 -0.706305
    outer loop
      vertex 1.69706 -1.69706 11.85
      vertex 2.12132 -2.12132 12.45
      vertex 1.5 -2.59808 12.4
    endloop
  endfacet
  facet normal 0.394296 -0.587925 0.706311
    outer loop
      vertex 1.2 -2.07846 13
      vertex 1.5 -2.59808 12.4
      vertex 2.12132 -2.12132 12.45
    endloop
  endfacet
  facet normal 0.389565 -0.599374 0.699278
    outer loop
      vertex 2.12132 -2.12132 12.45
      vertex 1.69706 -1.69706 13.05
      vertex 1.2 -2.07846 13
    endloop
  endfacet
  facet normal 0.599374 -0.389565 -0.699278
    outer loop
      vertex 2.07846 -1.2 11.9
      vertex 2.12132 -2.12132 12.45
      vertex 1.69706 -1.69706 11.85
    endloop
  endfacet
  facet normal 0.587925 -0.394296 -0.706311
    outer loop
      vertex 2.59808 -1.5 12.5
      vertex 2.12132 -2.12132 12.45
      vertex 2.07846 -1.2 11.9
    endloop
  endfacet
  facet normal 0.533027 -0.465849 0.706305
    outer loop
      vertex 2.12132 -2.12132 12.45
      vertex 2.59808 -1.5 12.5
      vertex 1.69706 -1.69706 13.05
    endloop
  endfacet
  facet normal 0.531424 -0.47811 0.699285
    outer loop
      vertex 2.59808 -1.5 12.5
      vertex 2.07846 -1.2 13.1
      vertex 1.69706 -1.69706 13.05
    endloop
  endfacet
  facet normal 0.67977 -0.221164 -0.699285
    outer loop
      vertex 2.31822 -0.621165 11.95
      vertex 2.59808 -1.5 12.5
      vertex 2.07846 -1.2 11.9
    endloop
  endfacet
  facet normal 0.669944 -0.22869 -0.706311
    outer loop
      vertex 2.89778 -0.776457 12.55
      vertex 2.59808 -1.5 12.5
      vertex 2.31822 -0.621165 11.95
    endloop
  endfacet
  facet normal 0.635431 -0.312012 0.706311
    outer loop
      vertex 2.59808 -1.5 12.5
      vertex 2.89778 -0.776457 12.55
      vertex 2.07846 -1.2 13.1
    endloop
  endfacet
  facet normal 0.637057 -0.324281 0.699285
    outer loop
      vertex 2.89778 -0.776457 12.55
      vertex 2.31822 -0.621165 13.15
      vertex 2.07846 -1.2 13.1
    endloop
  endfacet
  facet normal 0.713848 -0.037694 -0.699286
    outer loop
      vertex 2.4 0 12
      vertex 2.89778 -0.776457 12.55
      vertex 2.31822 -0.621165 11.95
    endloop
  endfacet
  facet normal 0.706309 -0.0475022 -0.706309
    outer loop
      vertex 3 0 12.6
      vertex 2.89778 -0.776457 12.55
      vertex 2.4 0 12
    endloop
  endfacet
  facet normal 0.694534 -0.136918 0.706311
    outer loop
      vertex 2.89778 -0.776457 12.55
      vertex 3 0 12.6
      vertex 2.31822 -0.621165 13.15
    endloop
  endfacet
  facet normal 0.699282 -0.148353 0.699282
    outer loop
      vertex 3 0 12.6
      vertex 2.4 0 13.2
      vertex 2.31822 -0.621165 13.15
    endloop
  endfacet
  facet normal 0.707107 0 -0.707107
    outer loop
      vertex 2.4 6.10711e-007 12
      vertex 3 0 12.6
      vertex 2.4 0 12
    endloop
  endfacet
  facet normal 0.699282 0.148353 -0.699282
    outer loop
      vertex 3 0 12.6
      vertex 2.4 6.10711e-007 12
      vertex 2.31822 0.621165 12.05
    endloop
  endfacet
  facet normal 0.694534 0.136918 -0.706311
    outer loop
      vertex 2.89778 0.776457 12.65
      vertex 3 0 12.6
      vertex 2.31822 0.621165 12.05
    endloop
  endfacet
  facet normal 0.706309 0.0475022 0.706309
    outer loop
      vertex 3 0 12.6
      vertex 2.89778 0.776457 12.65
      vertex 2.4 0 13.2
    endloop
  endfacet
  facet normal 0.713848 0.037694 0.699286
    outer loop
      vertex 2.4 0 13.2
      vertex 2.89778 0.776457 12.65
      vertex 2.31822 0.621165 13.25
    endloop
  endfacet
  facet normal 0.637057 0.324281 -0.699285
    outer loop
      vertex 2.89778 0.776457 12.65
      vertex 2.31822 0.621165 12.05
      vertex 2.07846 1.2 12.1
    endloop
  endfacet
  facet normal 0.635431 0.312012 -0.706311
    outer loop
      vertex 2.07846 1.2 12.1
      vertex 2.59808 1.5 12.7
      vertex 2.89778 0.776457 12.65
    endloop
  endfacet
  facet normal 0.669944 0.22869 0.706311
    outer loop
      vertex 2.59808 1.5 12.7
      vertex 2.31822 0.621165 13.25
      vertex 2.89778 0.776457 12.65
    endloop
  endfacet
  facet normal 0.67977 0.221164 0.699285
    outer loop
      vertex 2.59808 1.5 12.7
      vertex 2.07846 1.2 13.3
      vertex 2.31822 0.621165 13.25
    endloop
  endfacet
  facet normal 0 0.894427 -0.447214
    outer loop
      vertex 2.07846 1.2 12.1
      vertex 2.59807 1.5 12.7
      vertex 2.59808 1.5 12.7
    endloop
  endfacet
  facet normal 0.531427 0.478112 -0.699281
    outer loop
      vertex 2.59807 1.5 12.7
      vertex 2.07846 1.2 12.1
      vertex 1.69706 1.69706 12.15
    endloop
  endfacet
  facet normal 0.533032 0.465844 -0.706305
    outer loop
      vertex 2.12132 2.12132 12.75
      vertex 2.59807 1.5 12.7
      vertex 1.69706 1.69706 12.15
    endloop
  endfacet
  facet normal 0.587925 0.394296 0.706311
    outer loop
      vertex 2.59808 1.5 12.7
      vertex 2.12132 2.12132 12.75
      vertex 2.07846 1.2 13.3
    endloop
  endfacet
  facet normal 0.599374 0.389565 0.699278
    outer loop
      vertex 2.07846 1.2 13.3
      vertex 2.12132 2.12132 12.75
      vertex 1.69706 1.69706 13.35
    endloop
  endfacet
  facet normal 0.389565 0.599374 -0.699278
    outer loop
      vertex 2.12132 2.12132 12.75
      vertex 1.69706 1.69706 12.15
      vertex 1.2 2.07846 12.2
    endloop
  endfacet
  facet normal 0.394296 0.587925 -0.706311
    outer loop
      vertex 1.5 2.59808 12.8
      vertex 2.12132 2.12132 12.75
      vertex 1.2 2.07846 12.2
    endloop
  endfacet
  facet normal 0.465849 0.533027 0.706305
    outer loop
      vertex 1.69706 1.69706 13.35
      vertex 2.12132 2.12132 12.75
      vertex 1.5 2.59808 12.8
    endloop
  endfacet
  facet normal 0.47811 0.531424 0.699285
    outer loop
      vertex 1.69706 1.69706 13.35
      vertex 1.5 2.59808 12.8
      vertex 1.2 2.07846 13.4
    endloop
  endfacet
  facet normal 0.221164 0.67977 -0.699285
    outer loop
      vertex 1.5 2.59808 12.8
      vertex 1.2 2.07846 12.2
      vertex 0.621166 2.31822 12.25
    endloop
  endfacet
  facet normal 0.22869 0.669945 -0.706311
    outer loop
      vertex 0.621166 2.31822 12.25
      vertex 0.776457 2.89778 12.85
      vertex 1.5 2.59808 12.8
    endloop
  endfacet
  facet normal 0 0.719252 -0.694749
    outer loop
      vertex 0.776457 2.89778 12.85
      vertex 0.621166 2.31822 12.25
      vertex 0.621165 2.31822 12.25
    endloop
  endfacet
  facet normal 0.312012 0.635431 0.706311
    outer loop
      vertex 1.2 2.07846 13.4
      vertex 1.5 2.59808 12.8
      vertex 0.776457 2.89778 12.85
    endloop
  endfacet
  facet normal 0.324281 0.637057 0.699285
    outer loop
      vertex 1.2 2.07846 13.4
      vertex 0.776457 2.89778 12.85
      vertex 0.621165 2.31822 13.45
    endloop
  endfacet
  facet normal 0.037694 0.713848 -0.699286
    outer loop
      vertex 0.776457 2.89778 12.85
      vertex 0.621165 2.31822 12.25
      vertex 0 2.4 12.3
    endloop
  endfacet
  facet normal 0.0475022 0.706309 -0.706309
    outer loop
      vertex 0 3 12.9
      vertex 0.776457 2.89778 12.85
      vertex 0 2.4 12.3
    endloop
  endfacet
  facet normal 0.136918 0.694534 0.706311
    outer loop
      vertex 0.621165 2.31822 13.45
      vertex 0.776457 2.89778 12.85
      vertex 0 3 12.9
    endloop
  endfacet
  facet normal 0.148353 0.699282 0.699282
    outer loop
      vertex 0.621165 2.31822 13.45
      vertex 0 3 12.9
      vertex 0 2.4 13.5
    endloop
  endfacet
  facet normal -0.148353 0.699282 -0.699282
    outer loop
      vertex 0 3 12.9
      vertex 0 2.4 12.3
      vertex -0.621165 2.31822 12.35
    endloop
  endfacet
  facet normal -0.136918 0.694534 -0.706311
    outer loop
      vertex 0 3 12.9
      vertex -0.621165 2.31822 12.35
      vertex -0.776457 2.89778 12.95
    endloop
  endfacet
  facet normal -0.0475022 0.706309 0.706309
    outer loop
      vertex 0 2.4 13.5
      vertex 0 3 12.9
      vertex -0.776457 2.89778 12.95
    endloop
  endfacet
  facet normal -0.037694 0.713848 0.699286
    outer loop
      vertex -0.621165 2.31822 13.55
      vertex 0 2.4 13.5
      vertex -0.776457 2.89778 12.95
    endloop
  endfacet
  facet normal -0.324281 0.637057 -0.699285
    outer loop
      vertex -0.776457 2.89778 12.95
      vertex -0.621165 2.31822 12.35
      vertex -1.2 2.07846 12.4
    endloop
  endfacet
  facet normal -0.312012 0.635431 -0.706311
    outer loop
      vertex -1.2 2.07846 12.4
      vertex -1.5 2.59808 13
      vertex -0.776457 2.89778 12.95
    endloop
  endfacet
  facet normal -0.22869 0.669944 0.706311
    outer loop
      vertex -1.5 2.59808 13
      vertex -0.621165 2.31822 13.55
      vertex -0.776457 2.89778 12.95
    endloop
  endfacet
  facet normal -0.221164 0.67977 0.699285
    outer loop
      vertex -1.5 2.59808 13
      vertex -1.2 2.07846 13.6
      vertex -0.621165 2.31822 13.55
    endloop
  endfacet
  facet normal -0.894427 0 -0.447214
    outer loop
      vertex -1.2 2.07846 12.4
      vertex -1.5 2.59807 13
      vertex -1.5 2.59808 13
    endloop
  endfacet
  facet normal -0.478112 0.531427 -0.699281
    outer loop
      vertex -1.5 2.59807 13
      vertex -1.2 2.07846 12.4
      vertex -1.69706 1.69706 12.45
    endloop
  endfacet
  facet normal -0.465844 0.533032 -0.706305
    outer loop
      vertex -1.5 2.59807 13
      vertex -1.69706 1.69706 12.45
      vertex -2.12132 2.12132 13.05
    endloop
  endfacet
  facet normal -0.394296 0.587925 0.706311
    outer loop
      vertex -1.2 2.07846 13.6
      vertex -1.5 2.59808 13
      vertex -2.12132 2.12132 13.05
    endloop
  endfacet
  facet normal -0.389565 0.599374 0.699278
    outer loop
      vertex -1.69706 1.69706 13.65
      vertex -1.2 2.07846 13.6
      vertex -2.12132 2.12132 13.05
    endloop
  endfacet
  facet normal -0.599374 0.389565 -0.699278
    outer loop
      vertex -1.69706 1.69706 12.45
      vertex -2.07846 1.2 12.5
      vertex -2.12132 2.12132 13.05
    endloop
  endfacet
  facet normal -0.587925 0.394296 -0.706311
    outer loop
      vertex -2.07846 1.2 12.5
      vertex -2.59808 1.5 13.1
      vertex -2.12132 2.12132 13.05
    endloop
  endfacet
  facet normal -0.533032 0.465844 0.706305
    outer loop
      vertex -1.69706 1.69706 13.65
      vertex -2.12132 2.12132 13.05
      vertex -2.59807 1.5 13.1
    endloop
  endfacet
  facet normal -0.531427 0.478112 0.699281
    outer loop
      vertex -2.59807 1.5 13.1
      vertex -2.07846 1.2 13.7
      vertex -1.69706 1.69706 13.65
    endloop
  endfacet
  facet normal 0 0.894427 0.447214
    outer loop
      vertex -2.07846 1.2 13.7
      vertex -2.59807 1.5 13.1
      vertex -2.59808 1.5 13.1
    endloop
  endfacet
  facet normal -0.67977 0.221164 -0.699285
    outer loop
      vertex -2.59808 1.5 13.1
      vertex -2.07846 1.2 12.5
      vertex -2.31822 0.621165 12.55
    endloop
  endfacet
  facet normal -0.669944 0.22869 -0.706311
    outer loop
      vertex -2.59808 1.5 13.1
      vertex -2.31822 0.621165 12.55
      vertex -2.89778 0.776457 13.15
    endloop
  endfacet
  facet normal -0.635431 0.312012 0.706311
    outer loop
      vertex -2.07846 1.2 13.7
      vertex -2.59808 1.5 13.1
      vertex -2.89778 0.776457 13.15
    endloop
  endfacet
  facet normal -0.637057 0.324281 0.699285
    outer loop
      vertex -2.31822 0.621165 13.75
      vertex -2.07846 1.2 13.7
      vertex -2.89778 0.776457 13.15
    endloop
  endfacet
  facet normal -0.713848 0.037694 -0.699286
    outer loop
      vertex -2.31822 0.621165 12.55
      vertex -2.4 0 12.6
      vertex -2.89778 0.776457 13.15
    endloop
  endfacet
  facet normal -0.706309 0.0475022 -0.706309
    outer loop
      vertex -2.89778 0.776457 13.15
      vertex -2.4 0 12.6
      vertex -3 0 13.2
    endloop
  endfacet
  facet normal -0.694534 0.136918 0.706311
    outer loop
      vertex -2.31822 0.621165 13.75
      vertex -2.89778 0.776457 13.15
      vertex -3 0 13.2
    endloop
  endfacet
  facet normal -0.699282 0.148353 0.699282
    outer loop
      vertex -2.4 0 13.8
      vertex -2.31822 0.621165 13.75
      vertex -3 0 13.2
    endloop
  endfacet
  facet normal -0.699282 -0.148353 -0.699282
    outer loop
      vertex -2.4 0 12.6
      vertex -2.31822 -0.621165 12.65
      vertex -3 0 13.2
    endloop
  endfacet
  facet normal -0.694534 -0.136918 -0.706311
    outer loop
      vertex -2.31822 -0.621165 12.65
      vertex -2.89778 -0.776457 13.25
      vertex -3 0 13.2
    endloop
  endfacet
  facet normal -0.706309 -0.0475022 0.706309
    outer loop
      vertex -2.89778 -0.776457 13.25
      vertex -2.4 0 13.8
      vertex -3 0 13.2
    endloop
  endfacet
  facet normal -0.713848 -0.037694 0.699286
    outer loop
      vertex -2.31822 -0.621165 13.85
      vertex -2.4 0 13.8
      vertex -2.89778 -0.776457 13.25
    endloop
  endfacet
  facet normal -0.637057 -0.324281 -0.699285
    outer loop
      vertex -2.31822 -0.621165 12.65
      vertex -2.07846 -1.2 12.7
      vertex -2.89778 -0.776457 13.25
    endloop
  endfacet
  facet normal -0.635431 -0.312012 -0.706311
    outer loop
      vertex -2.07846 -1.2 12.7
      vertex -2.59808 -1.5 13.3
      vertex -2.89778 -0.776457 13.25
    endloop
  endfacet
  facet normal -0.669944 -0.22869 0.706311
    outer loop
      vertex -2.59808 -1.5 13.3
      vertex -2.31822 -0.621165 13.85
      vertex -2.89778 -0.776457 13.25
    endloop
  endfacet
  facet normal -0.67977 -0.221164 0.699285
    outer loop
      vertex -2.59808 -1.5 13.3
      vertex -2.07846 -1.2 13.9
      vertex -2.31822 -0.621165 13.85
    endloop
  endfacet
  facet normal -0.531427 -0.478112 -0.699281
    outer loop
      vertex -2.59807 -1.5 13.3
      vertex -2.07846 -1.2 12.7
      vertex -1.69706 -1.69706 12.75
    endloop
  endfacet
  facet normal 0 -0.894427 -0.447214
    outer loop
      vertex -2.07846 -1.2 12.7
      vertex -2.59807 -1.5 13.3
      vertex -2.59808 -1.5 13.3
    endloop
  endfacet
  facet normal -0.533032 -0.465844 -0.706305
    outer loop
      vertex -1.69706 -1.69706 12.75
      vertex -2.12132 -2.12132 13.35
      vertex -2.59807 -1.5 13.3
    endloop
  endfacet
  facet normal -0.587925 -0.394296 0.706311
    outer loop
      vertex -2.12132 -2.12132 13.35
      vertex -2.07846 -1.2 13.9
      vertex -2.59808 -1.5 13.3
    endloop
  endfacet
  facet normal -0.599374 -0.389565 0.699278
    outer loop
      vertex -1.69706 -1.69706 13.95
      vertex -2.07846 -1.2 13.9
      vertex -2.12132 -2.12132 13.35
    endloop
  endfacet
  facet normal -0.389565 -0.599374 -0.699278
    outer loop
      vertex -2.12132 -2.12132 13.35
      vertex -1.69706 -1.69706 12.75
      vertex -1.2 -2.07846 12.8
    endloop
  endfacet
  facet normal -0.394296 -0.587925 -0.706311
    outer loop
      vertex -1.2 -2.07846 12.8
      vertex -1.5 -2.59808 13.4
      vertex -2.12132 -2.12132 13.35
    endloop
  endfacet
  facet normal -0.465849 -0.533027 0.706305
    outer loop
      vertex -1.5 -2.59808 13.4
      vertex -1.69706 -1.69706 13.95
      vertex -2.12132 -2.12132 13.35
    endloop
  endfacet
  facet normal -0.47811 -0.531424 0.699285
    outer loop
      vertex -1.5 -2.59808 13.4
      vertex -1.2 -2.07846 14
      vertex -1.69706 -1.69706 13.95
    endloop
  endfacet
  facet normal -0.221164 -0.67977 -0.699285
    outer loop
      vertex -1.2 -2.07846 12.8
      vertex -0.621165 -2.31822 12.85
      vertex -1.5 -2.59808 13.4
    endloop
  endfacet
  facet normal -0.22869 -0.669944 -0.706311
    outer loop
      vertex -0.621165 -2.31822 12.85
      vertex -0.776457 -2.89778 13.45
      vertex -1.5 -2.59808 13.4
    endloop
  endfacet
  facet normal -0.312012 -0.635431 0.706311
    outer loop
      vertex -0.776457 -2.89778 13.45
      vertex -1.2 -2.07846 14
      vertex -1.5 -2.59808 13.4
    endloop
  endfacet
  facet normal -0.324281 -0.637057 0.699285
    outer loop
      vertex -0.776457 -2.89778 13.45
      vertex -0.621165 -2.31822 14.05
      vertex -1.2 -2.07846 14
    endloop
  endfacet
  facet normal -0.037694 -0.713848 -0.699286
    outer loop
      vertex -0.621165 -2.31822 12.85
      vertex 0 -2.4 12.9
      vertex -0.776457 -2.89778 13.45
    endloop
  endfacet
  facet normal -0.0475022 -0.706309 -0.706309
    outer loop
      vertex 0 -2.4 12.9
      vertex 0 -3 13.5
      vertex -0.776457 -2.89778 13.45
    endloop
  endfacet
  facet normal -0.136918 -0.694534 0.706311
    outer loop
      vertex 0 -3 13.5
      vertex -0.621165 -2.31822 14.05
      vertex -0.776457 -2.89778 13.45
    endloop
  endfacet
  facet normal -0.148353 -0.699282 0.699282
    outer loop
      vertex 0 -3 13.5
      vertex 0 -2.4 14.1
      vertex -0.621165 -2.31822 14.05
    endloop
  endfacet
  facet normal 0.148353 -0.699282 -0.699282
    outer loop
      vertex 0 -2.4 12.9
      vertex 0.621165 -2.31822 12.95
      vertex 0 -3 13.5
    endloop
  endfacet
  facet normal 0.136918 -0.694534 -0.706311
    outer loop
      vertex 0.621165 -2.31822 12.95
      vertex 0.776457 -2.89778 13.55
      vertex 0 -3 13.5
    endloop
  endfacet
  facet normal 0.0475022 -0.706309 0.706309
    outer loop
      vertex 0.776457 -2.89778 13.55
      vertex 0 -2.4 14.1
      vertex 0 -3 13.5
    endloop
  endfacet
  facet normal 0.037694 -0.713848 0.699286
    outer loop
      vertex 0.776457 -2.89778 13.55
      vertex 0.621165 -2.31822 14.15
      vertex 0 -2.4 14.1
    endloop
  endfacet
  facet normal 0.324281 -0.637057 -0.699285
    outer loop
      vertex 1.2 -2.07846 13
      vertex 0.776457 -2.89778 13.55
      vertex 0.621165 -2.31822 12.95
    endloop
  endfacet
  facet normal 0.312012 -0.635431 -0.706311
    outer loop
      vertex 1.2 -2.07846 13
      vertex 1.5 -2.59808 13.6
      vertex 0.776457 -2.89778 13.55
    endloop
  endfacet
  facet normal 0.22869 -0.669944 0.706311
    outer loop
      vertex 0.776457 -2.89778 13.55
      vertex 1.5 -2.59808 13.6
      vertex 0.621165 -2.31822 14.15
    endloop
  endfacet
  facet normal 0.221164 -0.67977 0.699285
    outer loop
      vertex 1.5 -2.59808 13.6
      vertex 1.2 -2.07846 14.2
      vertex 0.621165 -2.31822 14.15
    endloop
  endfacet
  facet normal 0.47811 -0.531424 -0.699285
    outer loop
      vertex 1.5 -2.59808 13.6
      vertex 1.2 -2.07846 13
      vertex 1.69706 -1.69706 13.05
    endloop
  endfacet
  facet normal 0.465849 -0.533027 -0.706305
    outer loop
      vertex 1.69706 -1.69706 13.05
      vertex 2.12132 -2.12132 13.65
      vertex 1.5 -2.59808 13.6
    endloop
  endfacet
  facet normal 0.394296 -0.587925 0.706311
    outer loop
      vertex 1.5 -2.59808 13.6
      vertex 2.12132 -2.12132 13.65
      vertex 1.2 -2.07846 14.2
    endloop
  endfacet
  facet normal 0.389565 -0.599374 0.699278
    outer loop
      vertex 2.12132 -2.12132 13.65
      vertex 1.69706 -1.69706 14.25
      vertex 1.2 -2.07846 14.2
    endloop
  endfacet
  facet normal 0.599374 -0.389565 -0.699278
    outer loop
      vertex 2.07846 -1.2 13.1
      vertex 2.12132 -2.12132 13.65
      vertex 1.69706 -1.69706 13.05
    endloop
  endfacet
  facet normal 0.587925 -0.394296 -0.706311
    outer loop
      vertex 2.59808 -1.5 13.7
      vertex 2.12132 -2.12132 13.65
      vertex 2.07846 -1.2 13.1
    endloop
  endfacet
  facet normal 0.533027 -0.465849 0.706305
    outer loop
      vertex 2.12132 -2.12132 13.65
      vertex 2.59808 -1.5 13.7
      vertex 1.69706 -1.69706 14.25
    endloop
  endfacet
  facet normal 0.531424 -0.47811 0.699285
    outer loop
      vertex 2.59808 -1.5 13.7
      vertex 2.07846 -1.2 14.3
      vertex 1.69706 -1.69706 14.25
    endloop
  endfacet
  facet normal 0.67977 -0.221164 -0.699285
    outer loop
      vertex 2.31822 -0.621165 13.15
      vertex 2.59808 -1.5 13.7
      vertex 2.07846 -1.2 13.1
    endloop
  endfacet
  facet normal 0.669944 -0.22869 -0.706311
    outer loop
      vertex 2.89778 -0.776457 13.75
      vertex 2.59808 -1.5 13.7
      vertex 2.31822 -0.621165 13.15
    endloop
  endfacet
  facet normal 0.635431 -0.312012 0.706311
    outer loop
      vertex 2.59808 -1.5 13.7
      vertex 2.89778 -0.776457 13.75
      vertex 2.07846 -1.2 14.3
    endloop
  endfacet
  facet normal 0.637057 -0.324281 0.699285
    outer loop
      vertex 2.89778 -0.776457 13.75
      vertex 2.31822 -0.621165 14.35
      vertex 2.07846 -1.2 14.3
    endloop
  endfacet
  facet normal 0.713848 -0.037694 -0.699286
    outer loop
      vertex 2.4 0 13.2
      vertex 2.89778 -0.776457 13.75
      vertex 2.31822 -0.621165 13.15
    endloop
  endfacet
  facet normal 0.706309 -0.0475022 -0.706309
    outer loop
      vertex 3 0 13.8
      vertex 2.89778 -0.776457 13.75
      vertex 2.4 0 13.2
    endloop
  endfacet
  facet normal 0.694534 -0.136918 0.706311
    outer loop
      vertex 2.89778 -0.776457 13.75
      vertex 3 0 13.8
      vertex 2.31822 -0.621165 14.35
    endloop
  endfacet
  facet normal 0.699282 -0.148353 0.699282
    outer loop
      vertex 3 0 13.8
      vertex 2.4 0 14.4
      vertex 2.31822 -0.621165 14.35
    endloop
  endfacet
  facet normal 0.699282 0.148353 -0.699282
    outer loop
      vertex 3 0 13.8
      vertex 2.4 0 13.2
      vertex 2.31822 0.621165 13.25
    endloop
  endfacet
  facet normal 0.694534 0.136918 -0.706311
    outer loop
      vertex 2.89778 0.776457 13.85
      vertex 3 0 13.8
      vertex 2.31822 0.621165 13.25
    endloop
  endfacet
  facet normal 0.706309 0.0475022 0.706309
    outer loop
      vertex 3 0 13.8
      vertex 2.89778 0.776457 13.85
      vertex 2.4 0 14.4
    endloop
  endfacet
  facet normal 0.713848 0.037694 0.699286
    outer loop
      vertex 2.4 0 14.4
      vertex 2.89778 0.776457 13.85
      vertex 2.31822 0.621165 14.45
    endloop
  endfacet
  facet normal 0.637057 0.324281 -0.699285
    outer loop
      vertex 2.89778 0.776457 13.85
      vertex 2.31822 0.621165 13.25
      vertex 2.07846 1.2 13.3
    endloop
  endfacet
  facet normal 0.635431 0.312012 -0.706311
    outer loop
      vertex 2.07846 1.2 13.3
      vertex 2.59808 1.5 13.9
      vertex 2.89778 0.776457 13.85
    endloop
  endfacet
  facet normal 0.669944 0.22869 0.706311
    outer loop
      vertex 2.59808 1.5 13.9
      vertex 2.31822 0.621165 14.45
      vertex 2.89778 0.776457 13.85
    endloop
  endfacet
  facet normal 0.67977 0.221164 0.699285
    outer loop
      vertex 2.59808 1.5 13.9
      vertex 2.07846 1.2 14.5
      vertex 2.31822 0.621165 14.45
    endloop
  endfacet
  facet normal 0 0.894427 -0.447214
    outer loop
      vertex 2.07846 1.2 13.3
      vertex 2.59807 1.5 13.9
      vertex 2.59808 1.5 13.9
    endloop
  endfacet
  facet normal 0.531427 0.478112 -0.699281
    outer loop
      vertex 2.59807 1.5 13.9
      vertex 2.07846 1.2 13.3
      vertex 1.69706 1.69706 13.35
    endloop
  endfacet
  facet normal 0.533032 0.465844 -0.706305
    outer loop
      vertex 2.12132 2.12132 13.95
      vertex 2.59807 1.5 13.9
      vertex 1.69706 1.69706 13.35
    endloop
  endfacet
  facet normal 0.587925 0.394296 0.706311
    outer loop
      vertex 2.59808 1.5 13.9
      vertex 2.12132 2.12132 13.95
      vertex 2.07846 1.2 14.5
    endloop
  endfacet
  facet normal 0.599374 0.389565 0.699278
    outer loop
      vertex 2.07846 1.2 14.5
      vertex 2.12132 2.12132 13.95
      vertex 1.69706 1.69706 14.55
    endloop
  endfacet
  facet normal 0.389565 0.599374 -0.699278
    outer loop
      vertex 2.12132 2.12132 13.95
      vertex 1.69706 1.69706 13.35
      vertex 1.2 2.07846 13.4
    endloop
  endfacet
  facet normal 0.394296 0.587925 -0.706311
    outer loop
      vertex 1.5 2.59808 14
      vertex 2.12132 2.12132 13.95
      vertex 1.2 2.07846 13.4
    endloop
  endfacet
  facet normal 0.465849 0.533027 0.706305
    outer loop
      vertex 1.69706 1.69706 14.55
      vertex 2.12132 2.12132 13.95
      vertex 1.5 2.59808 14
    endloop
  endfacet
  facet normal 0.47811 0.531424 0.699285
    outer loop
      vertex 1.69706 1.69706 14.55
      vertex 1.5 2.59808 14
      vertex 1.2 2.07846 14.6
    endloop
  endfacet
  facet normal 0.221164 0.67977 -0.699285
    outer loop
      vertex 1.5 2.59808 14
      vertex 1.2 2.07846 13.4
      vertex 0.621165 2.31822 13.45
    endloop
  endfacet
  facet normal 0.22869 0.669944 -0.706311
    outer loop
      vertex 0.776457 2.89778 14.05
      vertex 1.5 2.59808 14
      vertex 0.621165 2.31822 13.45
    endloop
  endfacet
  facet normal 0.312012 0.635431 0.706311
    outer loop
      vertex 1.2 2.07846 14.6
      vertex 1.5 2.59808 14
      vertex 0.776457 2.89778 14.05
    endloop
  endfacet
  facet normal 0.324281 0.637057 0.699285
    outer loop
      vertex 1.2 2.07846 14.6
      vertex 0.776457 2.89778 14.05
      vertex 0.621165 2.31822 14.65
    endloop
  endfacet
  facet normal 0.037694 0.713848 -0.699286
    outer loop
      vertex 0.776457 2.89778 14.05
      vertex 0.621165 2.31822 13.45
      vertex 0 2.4 13.5
    endloop
  endfacet
  facet normal 0.0475022 0.706309 -0.706309
    outer loop
      vertex 0 3 14.1
      vertex 0.776457 2.89778 14.05
      vertex 0 2.4 13.5
    endloop
  endfacet
  facet normal 0.136918 0.694534 0.706311
    outer loop
      vertex 0.621165 2.31822 14.65
      vertex 0.776457 2.89778 14.05
      vertex 0 3 14.1
    endloop
  endfacet
  facet normal 0.148353 0.699282 0.699282
    outer loop
      vertex 0.621165 2.31822 14.65
      vertex 0 3 14.1
      vertex 0 2.4 14.7
    endloop
  endfacet
  facet normal -0.148353 0.699282 -0.699282
    outer loop
      vertex 0 3 14.1
      vertex 0 2.4 13.5
      vertex -0.621165 2.31822 13.55
    endloop
  endfacet
  facet normal -0.136918 0.694534 -0.706311
    outer loop
      vertex 0 3 14.1
      vertex -0.621165 2.31822 13.55
      vertex -0.776457 2.89778 14.15
    endloop
  endfacet
  facet normal -0.0475022 0.706309 0.706309
    outer loop
      vertex 0 2.4 14.7
      vertex 0 3 14.1
      vertex -0.776457 2.89778 14.15
    endloop
  endfacet
  facet normal -0.037694 0.713848 0.699286
    outer loop
      vertex -0.621165 2.31822 14.75
      vertex 0 2.4 14.7
      vertex -0.776457 2.89778 14.15
    endloop
  endfacet
  facet normal -0.324281 0.637057 -0.699285
    outer loop
      vertex -0.776457 2.89778 14.15
      vertex -0.621165 2.31822 13.55
      vertex -1.2 2.07846 13.6
    endloop
  endfacet
  facet normal -0.312012 0.635431 -0.706311
    outer loop
      vertex -1.2 2.07846 13.6
      vertex -1.5 2.59808 14.2
      vertex -0.776457 2.89778 14.15
    endloop
  endfacet
  facet normal -0.22869 0.669944 0.706311
    outer loop
      vertex -1.5 2.59808 14.2
      vertex -0.621165 2.31822 14.75
      vertex -0.776457 2.89778 14.15
    endloop
  endfacet
  facet normal -0.221164 0.67977 0.699285
    outer loop
      vertex -1.5 2.59808 14.2
      vertex -1.2 2.07846 14.8
      vertex -0.621165 2.31822 14.75
    endloop
  endfacet
  facet normal -0.894427 0 -0.447214
    outer loop
      vertex -1.2 2.07846 13.6
      vertex -1.5 2.59807 14.2
      vertex -1.5 2.59808 14.2
    endloop
  endfacet
  facet normal -0.478112 0.531427 -0.699281
    outer loop
      vertex -1.5 2.59807 14.2
      vertex -1.2 2.07846 13.6
      vertex -1.69706 1.69706 13.65
    endloop
  endfacet
  facet normal -0.465844 0.533032 -0.706305
    outer loop
      vertex -1.5 2.59807 14.2
      vertex -1.69706 1.69706 13.65
      vertex -2.12132 2.12132 14.25
    endloop
  endfacet
  facet normal -0.394296 0.587925 0.706311
    outer loop
      vertex -1.2 2.07846 14.8
      vertex -1.5 2.59808 14.2
      vertex -2.12132 2.12132 14.25
    endloop
  endfacet
  facet normal -0.389565 0.599374 0.699278
    outer loop
      vertex -1.69706 1.69706 14.85
      vertex -1.2 2.07846 14.8
      vertex -2.12132 2.12132 14.25
    endloop
  endfacet
  facet normal -0.599374 0.389565 -0.699278
    outer loop
      vertex -1.69706 1.69706 13.65
      vertex -2.07846 1.2 13.7
      vertex -2.12132 2.12132 14.25
    endloop
  endfacet
  facet normal -0.587925 0.394296 -0.706311
    outer loop
      vertex -2.12132 2.12132 14.25
      vertex -2.07846 1.2 13.7
      vertex -2.59808 1.5 14.3
    endloop
  endfacet
  facet normal -0.533032 0.465844 0.706305
    outer loop
      vertex -1.69706 1.69706 14.85
      vertex -2.12132 2.12132 14.25
      vertex -2.59807 1.5 14.3
    endloop
  endfacet
  facet normal -0.531427 0.478112 0.699281
    outer loop
      vertex -2.59807 1.5 14.3
      vertex -2.07846 1.2 14.9
      vertex -1.69706 1.69706 14.85
    endloop
  endfacet
  facet normal 0 0.894427 0.447214
    outer loop
      vertex -2.07846 1.2 14.9
      vertex -2.59807 1.5 14.3
      vertex -2.59808 1.5 14.3
    endloop
  endfacet
  facet normal -0.67977 0.221164 -0.699285
    outer loop
      vertex -2.59808 1.5 14.3
      vertex -2.07846 1.2 13.7
      vertex -2.31822 0.621165 13.75
    endloop
  endfacet
  facet normal -0.669944 0.22869 -0.706311
    outer loop
      vertex -2.59808 1.5 14.3
      vertex -2.31822 0.621165 13.75
      vertex -2.89778 0.776457 14.35
    endloop
  endfacet
  facet normal -0.635431 0.312012 0.706311
    outer loop
      vertex -2.07846 1.2 14.9
      vertex -2.59808 1.5 14.3
      vertex -2.89778 0.776457 14.35
    endloop
  endfacet
  facet normal -0.637057 0.324281 0.699285
    outer loop
      vertex -2.31822 0.621165 14.95
      vertex -2.07846 1.2 14.9
      vertex -2.89778 0.776457 14.35
    endloop
  endfacet
  facet normal -0.713848 0.037694 -0.699286
    outer loop
      vertex -2.31822 0.621165 13.75
      vertex -2.4 0 13.8
      vertex -2.89778 0.776457 14.35
    endloop
  endfacet
  facet normal -0.706309 0.0475022 -0.706309
    outer loop
      vertex -2.89778 0.776457 14.35
      vertex -2.4 0 13.8
      vertex -3 0 14.4
    endloop
  endfacet
  facet normal -0.694534 0.136918 0.706311
    outer loop
      vertex -2.31822 0.621165 14.95
      vertex -2.89778 0.776457 14.35
      vertex -3 0 14.4
    endloop
  endfacet
  facet normal -0.699282 0.148353 0.699282
    outer loop
      vertex -2.4 0 15
      vertex -2.31822 0.621165 14.95
      vertex -3 0 14.4
    endloop
  endfacet
  facet normal -0.699282 -0.148353 -0.699282
    outer loop
      vertex -2.4 0 13.8
      vertex -2.31822 -0.621165 13.85
      vertex -3 0 14.4
    endloop
  endfacet
  facet normal -0.694534 -0.136918 -0.706311
    outer loop
      vertex -2.31822 -0.621165 13.85
      vertex -2.89778 -0.776457 14.45
      vertex -3 0 14.4
    endloop
  endfacet
  facet normal -0.706309 -0.0475022 0.706309
    outer loop
      vertex -2.89778 -0.776457 14.45
      vertex -2.4 0 15
      vertex -3 0 14.4
    endloop
  endfacet
  facet normal -0.713848 -0.037694 0.699286
    outer loop
      vertex -2.31822 -0.621165 15.05
      vertex -2.4 0 15
      vertex -2.89778 -0.776457 14.45
    endloop
  endfacet
  facet normal -0.637057 -0.324281 -0.699285
    outer loop
      vertex -2.31822 -0.621165 13.85
      vertex -2.07846 -1.2 13.9
      vertex -2.89778 -0.776457 14.45
    endloop
  endfacet
  facet normal -0.635431 -0.312012 -0.706311
    outer loop
      vertex -2.07846 -1.2 13.9
      vertex -2.59808 -1.5 14.5
      vertex -2.89778 -0.776457 14.45
    endloop
  endfacet
  facet normal -0.669944 -0.22869 0.706311
    outer loop
      vertex -2.59808 -1.5 14.5
      vertex -2.31822 -0.621165 15.05
      vertex -2.89778 -0.776457 14.45
    endloop
  endfacet
  facet normal -0.67977 -0.221164 0.699285
    outer loop
      vertex -2.59808 -1.5 14.5
      vertex -2.07846 -1.2 15.1
      vertex -2.31822 -0.621165 15.05
    endloop
  endfacet
  facet normal -0.531427 -0.478112 -0.699281
    outer loop
      vertex -2.59807 -1.5 14.5
      vertex -2.07846 -1.2 13.9
      vertex -1.69706 -1.69706 13.95
    endloop
  endfacet
  facet normal 0 -0.894427 -0.447214
    outer loop
      vertex -2.07846 -1.2 13.9
      vertex -2.59807 -1.5 14.5
      vertex -2.59808 -1.5 14.5
    endloop
  endfacet
  facet normal -0.533032 -0.465844 -0.706305
    outer loop
      vertex -1.69706 -1.69706 13.95
      vertex -2.12132 -2.12132 14.55
      vertex -2.59807 -1.5 14.5
    endloop
  endfacet
  facet normal -0.587925 -0.394296 0.706311
    outer loop
      vertex -2.12132 -2.12132 14.55
      vertex -2.07846 -1.2 15.1
      vertex -2.59808 -1.5 14.5
    endloop
  endfacet
  facet normal -0.599374 -0.389565 0.699278
    outer loop
      vertex -1.69706 -1.69706 15.15
      vertex -2.07846 -1.2 15.1
      vertex -2.12132 -2.12132 14.55
    endloop
  endfacet
  facet normal -0.389565 -0.599374 -0.699278
    outer loop
      vertex -1.69706 -1.69706 13.95
      vertex -1.2 -2.07846 14
      vertex -2.12132 -2.12132 14.55
    endloop
  endfacet
  facet normal -0.394296 -0.587925 -0.706311
    outer loop
      vertex -1.2 -2.07846 14
      vertex -1.5 -2.59808 14.6
      vertex -2.12132 -2.12132 14.55
    endloop
  endfacet
  facet normal -0.465849 -0.533027 0.706305
    outer loop
      vertex -1.5 -2.59808 14.6
      vertex -1.69706 -1.69706 15.15
      vertex -2.12132 -2.12132 14.55
    endloop
  endfacet
  facet normal -0.47811 -0.531424 0.699285
    outer loop
      vertex -1.5 -2.59808 14.6
      vertex -1.2 -2.07846 15.2
      vertex -1.69706 -1.69706 15.15
    endloop
  endfacet
  facet normal -0.221164 -0.67977 -0.699285
    outer loop
      vertex -1.2 -2.07846 14
      vertex -0.621165 -2.31822 14.05
      vertex -1.5 -2.59808 14.6
    endloop
  endfacet
  facet normal -0.22869 -0.669944 -0.706311
    outer loop
      vertex -0.621165 -2.31822 14.05
      vertex -0.776457 -2.89778 14.65
      vertex -1.5 -2.59808 14.6
    endloop
  endfacet
  facet normal -0.312012 -0.635431 0.706311
    outer loop
      vertex -0.776457 -2.89778 14.65
      vertex -1.2 -2.07846 15.2
      vertex -1.5 -2.59808 14.6
    endloop
  endfacet
  facet normal -0.324281 -0.637057 0.699285
    outer loop
      vertex -0.776457 -2.89778 14.65
      vertex -0.621165 -2.31822 15.25
      vertex -1.2 -2.07846 15.2
    endloop
  endfacet
  facet normal -0.037694 -0.713848 -0.699286
    outer loop
      vertex -0.621165 -2.31822 14.05
      vertex 0 -2.4 14.1
      vertex -0.776457 -2.89778 14.65
    endloop
  endfacet
  facet normal -0.0475022 -0.706309 -0.706309
    outer loop
      vertex 0 -2.4 14.1
      vertex 0 -3 14.7
      vertex -0.776457 -2.89778 14.65
    endloop
  endfacet
  facet normal -0.136918 -0.694534 0.706311
    outer loop
      vertex 0 -3 14.7
      vertex -0.621165 -2.31822 15.25
      vertex -0.776457 -2.89778 14.65
    endloop
  endfacet
  facet normal -0.148353 -0.699282 0.699282
    outer loop
      vertex 0 -3 14.7
      vertex 0 -2.4 15.3
      vertex -0.621165 -2.31822 15.25
    endloop
  endfacet
  facet normal 0.148353 -0.699282 -0.699282
    outer loop
      vertex 0 -2.4 14.1
      vertex 0.621165 -2.31822 14.15
      vertex 0 -3 14.7
    endloop
  endfacet
  facet normal 0.136918 -0.694534 -0.706311
    outer loop
      vertex 0.621165 -2.31822 14.15
      vertex 0.776457 -2.89778 14.75
      vertex 0 -3 14.7
    endloop
  endfacet
  facet normal 0.0475022 -0.706309 0.706309
    outer loop
      vertex 0.776457 -2.89778 14.75
      vertex 0 -2.4 15.3
      vertex 0 -3 14.7
    endloop
  endfacet
  facet normal 0.037694 -0.713848 0.699286
    outer loop
      vertex 0.776457 -2.89778 14.75
      vertex 0.621165 -2.31822 15.35
      vertex 0 -2.4 15.3
    endloop
  endfacet
  facet normal 0.324281 -0.637057 -0.699285
    outer loop
      vertex 1.2 -2.07846 14.2
      vertex 0.776457 -2.89778 14.75
      vertex 0.621165 -2.31822 14.15
    endloop
  endfacet
  facet normal 0.312012 -0.635431 -0.706311
    outer loop
      vertex 1.2 -2.07846 14.2
      vertex 1.5 -2.59808 14.8
      vertex 0.776457 -2.89778 14.75
    endloop
  endfacet
  facet normal 0.22869 -0.669944 0.706311
    outer loop
      vertex 0.776457 -2.89778 14.75
      vertex 1.5 -2.59808 14.8
      vertex 0.621165 -2.31822 15.35
    endloop
  endfacet
  facet normal 0.221164 -0.67977 0.699285
    outer loop
      vertex 1.5 -2.59808 14.8
      vertex 1.2 -2.07846 15.4
      vertex 0.621165 -2.31822 15.35
    endloop
  endfacet
  facet normal 0.47811 -0.531424 -0.699285
    outer loop
      vertex 1.69706 -1.69706 14.25
      vertex 1.5 -2.59808 14.8
      vertex 1.2 -2.07846 14.2
    endloop
  endfacet
  facet normal 0.465849 -0.533027 -0.706305
    outer loop
      vertex 1.69706 -1.69706 14.25
      vertex 2.12132 -2.12132 14.85
      vertex 1.5 -2.59808 14.8
    endloop
  endfacet
  facet normal 0.394296 -0.587925 0.706311
    outer loop
      vertex 1.5 -2.59808 14.8
      vertex 2.12132 -2.12132 14.85
      vertex 1.2 -2.07846 15.4
    endloop
  endfacet
  facet normal 0.389565 -0.599374 0.699278
    outer loop
      vertex 2.12132 -2.12132 14.85
      vertex 1.69706 -1.69706 15.45
      vertex 1.2 -2.07846 15.4
    endloop
  endfacet
  facet normal 0.599374 -0.389565 -0.699278
    outer loop
      vertex 2.07846 -1.2 14.3
      vertex 2.12132 -2.12132 14.85
      vertex 1.69706 -1.69706 14.25
    endloop
  endfacet
  facet normal 0.587925 -0.394296 -0.706311
    outer loop
      vertex 2.59808 -1.5 14.9
      vertex 2.12132 -2.12132 14.85
      vertex 2.07846 -1.2 14.3
    endloop
  endfacet
  facet normal 0.533027 -0.465849 0.706305
    outer loop
      vertex 2.12132 -2.12132 14.85
      vertex 2.59808 -1.5 14.9
      vertex 1.69706 -1.69706 15.45
    endloop
  endfacet
  facet normal 0.531424 -0.47811 0.699285
    outer loop
      vertex 2.59808 -1.5 14.9
      vertex 2.07846 -1.2 15.5
      vertex 1.69706 -1.69706 15.45
    endloop
  endfacet
  facet normal 0.67977 -0.221164 -0.699285
    outer loop
      vertex 2.31822 -0.621165 14.35
      vertex 2.59808 -1.5 14.9
      vertex 2.07846 -1.2 14.3
    endloop
  endfacet
  facet normal 0.669944 -0.22869 -0.706311
    outer loop
      vertex 2.89778 -0.776457 14.95
      vertex 2.59808 -1.5 14.9
      vertex 2.31822 -0.621165 14.35
    endloop
  endfacet
  facet normal 0.635431 -0.312012 0.706311
    outer loop
      vertex 2.59808 -1.5 14.9
      vertex 2.89778 -0.776457 14.95
      vertex 2.07846 -1.2 15.5
    endloop
  endfacet
  facet normal 0.637057 -0.324281 0.699285
    outer loop
      vertex 2.89778 -0.776457 14.95
      vertex 2.31822 -0.621165 15.55
      vertex 2.07846 -1.2 15.5
    endloop
  endfacet
  facet normal 0.713848 -0.037694 -0.699286
    outer loop
      vertex 2.4 0 14.4
      vertex 2.89778 -0.776457 14.95
      vertex 2.31822 -0.621165 14.35
    endloop
  endfacet
  facet normal 0.706309 -0.0475022 -0.706309
    outer loop
      vertex 3 0 15
      vertex 2.89778 -0.776457 14.95
      vertex 2.4 0 14.4
    endloop
  endfacet
  facet normal 0.694534 -0.136918 0.706311
    outer loop
      vertex 2.89778 -0.776457 14.95
      vertex 3 0 15
      vertex 2.31822 -0.621165 15.55
    endloop
  endfacet
  facet normal 0.699282 -0.148353 0.699282
    outer loop
      vertex 3 0 15
      vertex 2.4 0 15.6
      vertex 2.31822 -0.621165 15.55
    endloop
  endfacet
  facet normal 0.699282 0.148353 -0.699282
    outer loop
      vertex 3 0 15
      vertex 2.4 0 14.4
      vertex 2.31822 0.621165 14.45
    endloop
  endfacet
  facet normal 0.694534 0.136918 -0.706311
    outer loop
      vertex 2.89778 0.776457 15.05
      vertex 3 0 15
      vertex 2.31822 0.621165 14.45
    endloop
  endfacet
  facet normal 0.706309 0.0475022 0.706309
    outer loop
      vertex 3 0 15
      vertex 2.89778 0.776457 15.05
      vertex 2.4 0 15.6
    endloop
  endfacet
  facet normal 0.713848 0.037694 0.699286
    outer loop
      vertex 2.4 0 15.6
      vertex 2.89778 0.776457 15.05
      vertex 2.31822 0.621165 15.65
    endloop
  endfacet
  facet normal 0.637057 0.324281 -0.699285
    outer loop
      vertex 2.89778 0.776457 15.05
      vertex 2.31822 0.621165 14.45
      vertex 2.07846 1.2 14.5
    endloop
  endfacet
  facet normal 0.635431 0.312012 -0.706311
    outer loop
      vertex 2.07846 1.2 14.5
      vertex 2.59808 1.5 15.1
      vertex 2.89778 0.776457 15.05
    endloop
  endfacet
  facet normal 0.669944 0.22869 0.706311
    outer loop
      vertex 2.59808 1.5 15.1
      vertex 2.31822 0.621165 15.65
      vertex 2.89778 0.776457 15.05
    endloop
  endfacet
  facet normal 0.67977 0.221164 0.699285
    outer loop
      vertex 2.59808 1.5 15.1
      vertex 2.07846 1.2 15.7
      vertex 2.31822 0.621165 15.65
    endloop
  endfacet
  facet normal 0 0.894427 -0.447214
    outer loop
      vertex 2.07846 1.2 14.5
      vertex 2.59807 1.5 15.1
      vertex 2.59808 1.5 15.1
    endloop
  endfacet
  facet normal 0.531427 0.478112 -0.699281
    outer loop
      vertex 2.59807 1.5 15.1
      vertex 2.07846 1.2 14.5
      vertex 1.69706 1.69706 14.55
    endloop
  endfacet
  facet normal 0.533032 0.465844 -0.706305
    outer loop
      vertex 2.12132 2.12132 15.15
      vertex 2.59807 1.5 15.1
      vertex 1.69706 1.69706 14.55
    endloop
  endfacet
  facet normal 0.587925 0.394296 0.706311
    outer loop
      vertex 2.59808 1.5 15.1
      vertex 2.12132 2.12132 15.15
      vertex 2.07846 1.2 15.7
    endloop
  endfacet
  facet normal 0.599374 0.389565 0.699278
    outer loop
      vertex 2.07846 1.2 15.7
      vertex 2.12132 2.12132 15.15
      vertex 1.69706 1.69706 15.75
    endloop
  endfacet
  facet normal 0.389565 0.599374 -0.699278
    outer loop
      vertex 2.12132 2.12132 15.15
      vertex 1.69706 1.69706 14.55
      vertex 1.2 2.07846 14.6
    endloop
  endfacet
  facet normal 0.394296 0.587925 -0.706311
    outer loop
      vertex 1.5 2.59808 15.2
      vertex 2.12132 2.12132 15.15
      vertex 1.2 2.07846 14.6
    endloop
  endfacet
  facet normal 0.465849 0.533027 0.706305
    outer loop
      vertex 1.69706 1.69706 15.75
      vertex 2.12132 2.12132 15.15
      vertex 1.5 2.59808 15.2
    endloop
  endfacet
  facet normal 0.47811 0.531424 0.699285
    outer loop
      vertex 1.69706 1.69706 15.75
      vertex 1.5 2.59808 15.2
      vertex 1.2 2.07846 15.8
    endloop
  endfacet
  facet normal 0.221164 0.67977 -0.699285
    outer loop
      vertex 1.5 2.59808 15.2
      vertex 1.2 2.07846 14.6
      vertex 0.621165 2.31822 14.65
    endloop
  endfacet
  facet normal 0.22869 0.669944 -0.706311
    outer loop
      vertex 0.776457 2.89778 15.25
      vertex 1.5 2.59808 15.2
      vertex 0.621165 2.31822 14.65
    endloop
  endfacet
  facet normal 0.312012 0.635431 0.706311
    outer loop
      vertex 1.2 2.07846 15.8
      vertex 1.5 2.59808 15.2
      vertex 0.776457 2.89778 15.25
    endloop
  endfacet
  facet normal 0.324281 0.637057 0.699285
    outer loop
      vertex 1.2 2.07846 15.8
      vertex 0.776457 2.89778 15.25
      vertex 0.621165 2.31822 15.85
    endloop
  endfacet
  facet normal 0.037694 0.713848 -0.699286
    outer loop
      vertex 0.776457 2.89778 15.25
      vertex 0.621165 2.31822 14.65
      vertex 0 2.4 14.7
    endloop
  endfacet
  facet normal 0.0475022 0.706309 -0.706309
    outer loop
      vertex 0 3 15.3
      vertex 0.776457 2.89778 15.25
      vertex 0 2.4 14.7
    endloop
  endfacet
  facet normal 0.136918 0.694534 0.706311
    outer loop
      vertex 0.621165 2.31822 15.85
      vertex 0.776457 2.89778 15.25
      vertex 0 3 15.3
    endloop
  endfacet
  facet normal 0.148353 0.699282 0.699282
    outer loop
      vertex 0.621165 2.31822 15.85
      vertex 0 3 15.3
      vertex 0 2.4 15.9
    endloop
  endfacet
  facet normal -0.148353 0.699282 -0.699282
    outer loop
      vertex 0 3 15.3
      vertex 0 2.4 14.7
      vertex -0.621165 2.31822 14.75
    endloop
  endfacet
  facet normal -0.136918 0.694534 -0.706311
    outer loop
      vertex 0 3 15.3
      vertex -0.621165 2.31822 14.75
      vertex -0.776457 2.89778 15.35
    endloop
  endfacet
  facet normal -0.0475022 0.706309 0.706309
    outer loop
      vertex 0 2.4 15.9
      vertex 0 3 15.3
      vertex -0.776457 2.89778 15.35
    endloop
  endfacet
  facet normal -0.037694 0.713848 0.699286
    outer loop
      vertex -0.621165 2.31822 15.95
      vertex 0 2.4 15.9
      vertex -0.776457 2.89778 15.35
    endloop
  endfacet
  facet normal -0.324281 0.637057 -0.699285
    outer loop
      vertex -0.776457 2.89778 15.35
      vertex -0.621165 2.31822 14.75
      vertex -1.2 2.07846 14.8
    endloop
  endfacet
  facet normal -0.312012 0.635431 -0.706311
    outer loop
      vertex -1.2 2.07846 14.8
      vertex -1.5 2.59808 15.4
      vertex -0.776457 2.89778 15.35
    endloop
  endfacet
  facet normal -0.22869 0.669944 0.706311
    outer loop
      vertex -1.5 2.59808 15.4
      vertex -0.621165 2.31822 15.95
      vertex -0.776457 2.89778 15.35
    endloop
  endfacet
  facet normal -0.221164 0.67977 0.699285
    outer loop
      vertex -1.5 2.59808 15.4
      vertex -1.2 2.07846 16
      vertex -0.621165 2.31822 15.95
    endloop
  endfacet
  facet normal -0.894427 0 -0.447214
    outer loop
      vertex -1.2 2.07846 14.8
      vertex -1.5 2.59807 15.4
      vertex -1.5 2.59808 15.4
    endloop
  endfacet
  facet normal -0.478112 0.531427 -0.699281
    outer loop
      vertex -1.5 2.59807 15.4
      vertex -1.2 2.07846 14.8
      vertex -1.69706 1.69706 14.85
    endloop
  endfacet
  facet normal -0.465844 0.533032 -0.706305
    outer loop
      vertex -1.5 2.59807 15.4
      vertex -1.69706 1.69706 14.85
      vertex -2.12132 2.12132 15.45
    endloop
  endfacet
  facet normal -0.394296 0.587925 0.706311
    outer loop
      vertex -1.2 2.07846 16
      vertex -1.5 2.59808 15.4
      vertex -2.12132 2.12132 15.45
    endloop
  endfacet
  facet normal -0.389565 0.599374 0.699278
    outer loop
      vertex -1.69706 1.69706 16.05
      vertex -1.2 2.07846 16
      vertex -2.12132 2.12132 15.45
    endloop
  endfacet
  facet normal -0.599374 0.389565 -0.699278
    outer loop
      vertex -1.69706 1.69706 14.85
      vertex -2.07846 1.2 14.9
      vertex -2.12132 2.12132 15.45
    endloop
  endfacet
  facet normal -0.587925 0.394296 -0.706311
    outer loop
      vertex -2.12132 2.12132 15.45
      vertex -2.07846 1.2 14.9
      vertex -2.59808 1.5 15.5
    endloop
  endfacet
  facet normal -0.533032 0.465844 0.706305
    outer loop
      vertex -1.69706 1.69706 16.05
      vertex -2.12132 2.12132 15.45
      vertex -2.59807 1.5 15.5
    endloop
  endfacet
  facet normal -0.531427 0.478112 0.699281
    outer loop
      vertex -2.59807 1.5 15.5
      vertex -2.07846 1.2 16.1
      vertex -1.69706 1.69706 16.05
    endloop
  endfacet
  facet normal 0 0.894427 0.447214
    outer loop
      vertex -2.07846 1.2 16.1
      vertex -2.59807 1.5 15.5
      vertex -2.59808 1.5 15.5
    endloop
  endfacet
  facet normal -0.67977 0.221164 -0.699285
    outer loop
      vertex -2.59808 1.5 15.5
      vertex -2.07846 1.2 14.9
      vertex -2.31822 0.621165 14.95
    endloop
  endfacet
  facet normal -0.669944 0.22869 -0.706311
    outer loop
      vertex -2.59808 1.5 15.5
      vertex -2.31822 0.621165 14.95
      vertex -2.89778 0.776457 15.55
    endloop
  endfacet
  facet normal -0.635431 0.312012 0.706311
    outer loop
      vertex -2.07846 1.2 16.1
      vertex -2.59808 1.5 15.5
      vertex -2.89778 0.776457 15.55
    endloop
  endfacet
  facet normal -0.637057 0.324281 0.699285
    outer loop
      vertex -2.31822 0.621165 16.15
      vertex -2.07846 1.2 16.1
      vertex -2.89778 0.776457 15.55
    endloop
  endfacet
  facet normal -0.713848 0.037694 -0.699286
    outer loop
      vertex -2.31822 0.621165 14.95
      vertex -2.4 0 15
      vertex -2.89778 0.776457 15.55
    endloop
  endfacet
  facet normal -0.706309 0.0475022 -0.706309
    outer loop
      vertex -2.89778 0.776457 15.55
      vertex -2.4 0 15
      vertex -3 0 15.6
    endloop
  endfacet
  facet normal -0.694534 0.136918 0.706311
    outer loop
      vertex -2.31822 0.621165 16.15
      vertex -2.89778 0.776457 15.55
      vertex -3 0 15.6
    endloop
  endfacet
  facet normal -0.699282 0.148353 0.699282
    outer loop
      vertex -2.4 0 16.2
      vertex -2.31822 0.621165 16.15
      vertex -3 0 15.6
    endloop
  endfacet
  facet normal -0.699282 -0.148353 -0.699282
    outer loop
      vertex -2.4 0 15
      vertex -2.31822 -0.621165 15.05
      vertex -3 0 15.6
    endloop
  endfacet
  facet normal -0.694534 -0.136918 -0.706311
    outer loop
      vertex -2.31822 -0.621165 15.05
      vertex -2.89778 -0.776457 15.65
      vertex -3 0 15.6
    endloop
  endfacet
  facet normal -0.706309 -0.0475022 0.706309
    outer loop
      vertex -2.89778 -0.776457 15.65
      vertex -2.4 0 16.2
      vertex -3 0 15.6
    endloop
  endfacet
  facet normal -0.713848 -0.037694 0.699286
    outer loop
      vertex -2.31822 -0.621165 16.25
      vertex -2.4 0 16.2
      vertex -2.89778 -0.776457 15.65
    endloop
  endfacet
  facet normal -0.637057 -0.324281 -0.699285
    outer loop
      vertex -2.31822 -0.621165 15.05
      vertex -2.07846 -1.2 15.1
      vertex -2.89778 -0.776457 15.65
    endloop
  endfacet
  facet normal -0.635431 -0.312012 -0.706311
    outer loop
      vertex -2.07846 -1.2 15.1
      vertex -2.59808 -1.5 15.7
      vertex -2.89778 -0.776457 15.65
    endloop
  endfacet
  facet normal -0.669944 -0.22869 0.706311
    outer loop
      vertex -2.59808 -1.5 15.7
      vertex -2.31822 -0.621165 16.25
      vertex -2.89778 -0.776457 15.65
    endloop
  endfacet
  facet normal -0.67977 -0.221164 0.699285
    outer loop
      vertex -2.59808 -1.5 15.7
      vertex -2.07846 -1.2 16.3
      vertex -2.31822 -0.621165 16.25
    endloop
  endfacet
  facet normal -0.531427 -0.478112 -0.699281
    outer loop
      vertex -2.59807 -1.5 15.7
      vertex -2.07846 -1.2 15.1
      vertex -1.69706 -1.69706 15.15
    endloop
  endfacet
  facet normal 0 -0.894427 -0.447214
    outer loop
      vertex -2.07846 -1.2 15.1
      vertex -2.59807 -1.5 15.7
      vertex -2.59808 -1.5 15.7
    endloop
  endfacet
  facet normal -0.533032 -0.465844 -0.706305
    outer loop
      vertex -1.69706 -1.69706 15.15
      vertex -2.12132 -2.12132 15.75
      vertex -2.59807 -1.5 15.7
    endloop
  endfacet
  facet normal -0.587925 -0.394296 0.706311
    outer loop
      vertex -2.12132 -2.12132 15.75
      vertex -2.07846 -1.2 16.3
      vertex -2.59808 -1.5 15.7
    endloop
  endfacet
  facet normal -0.599374 -0.389565 0.699278
    outer loop
      vertex -1.69706 -1.69706 16.35
      vertex -2.07846 -1.2 16.3
      vertex -2.12132 -2.12132 15.75
    endloop
  endfacet
  facet normal -0.389565 -0.599374 -0.699278
    outer loop
      vertex -1.69706 -1.69706 15.15
      vertex -1.2 -2.07846 15.2
      vertex -2.12132 -2.12132 15.75
    endloop
  endfacet
  facet normal -0.394296 -0.587925 -0.706311
    outer loop
      vertex -1.2 -2.07846 15.2
      vertex -1.5 -2.59808 15.8
      vertex -2.12132 -2.12132 15.75
    endloop
  endfacet
  facet normal -0.465849 -0.533027 0.706305
    outer loop
      vertex -1.5 -2.59808 15.8
      vertex -1.69706 -1.69706 16.35
      vertex -2.12132 -2.12132 15.75
    endloop
  endfacet
  facet normal -0.47811 -0.531424 0.699285
    outer loop
      vertex -1.5 -2.59808 15.8
      vertex -1.2 -2.07846 16.4
      vertex -1.69706 -1.69706 16.35
    endloop
  endfacet
  facet normal -0.221164 -0.67977 -0.699285
    outer loop
      vertex -1.2 -2.07846 15.2
      vertex -0.621165 -2.31822 15.25
      vertex -1.5 -2.59808 15.8
    endloop
  endfacet
  facet normal -0.22869 -0.669944 -0.706311
    outer loop
      vertex -0.621165 -2.31822 15.25
      vertex -0.776457 -2.89778 15.85
      vertex -1.5 -2.59808 15.8
    endloop
  endfacet
  facet normal -0.312012 -0.635431 0.706311
    outer loop
      vertex -0.776457 -2.89778 15.85
      vertex -1.2 -2.07846 16.4
      vertex -1.5 -2.59808 15.8
    endloop
  endfacet
  facet normal -0.324281 -0.637057 0.699285
    outer loop
      vertex -0.776457 -2.89778 15.85
      vertex -0.621165 -2.31822 16.45
      vertex -1.2 -2.07846 16.4
    endloop
  endfacet
  facet normal -0.037694 -0.713848 -0.699286
    outer loop
      vertex -0.621165 -2.31822 15.25
      vertex 0 -2.4 15.3
      vertex -0.776457 -2.89778 15.85
    endloop
  endfacet
  facet normal -0.0475022 -0.706309 -0.706309
    outer loop
      vertex 0 -2.4 15.3
      vertex 0 -3 15.9
      vertex -0.776457 -2.89778 15.85
    endloop
  endfacet
  facet normal -0.136918 -0.694534 0.706311
    outer loop
      vertex 0 -3 15.9
      vertex -0.621165 -2.31822 16.45
      vertex -0.776457 -2.89778 15.85
    endloop
  endfacet
  facet normal -0.148353 -0.699282 0.699282
    outer loop
      vertex 0 -3 15.9
      vertex 0 -2.4 16.5
      vertex -0.621165 -2.31822 16.45
    endloop
  endfacet
  facet normal 0.148353 -0.699282 -0.699282
    outer loop
      vertex 0 -2.4 15.3
      vertex 0.621165 -2.31822 15.35
      vertex 0 -3 15.9
    endloop
  endfacet
  facet normal 0.136918 -0.694534 -0.706311
    outer loop
      vertex 0.621165 -2.31822 15.35
      vertex 0.776457 -2.89778 15.95
      vertex 0 -3 15.9
    endloop
  endfacet
  facet normal 0.0475022 -0.706309 0.706309
    outer loop
      vertex 0.776457 -2.89778 15.95
      vertex 0 -2.4 16.5
      vertex 0 -3 15.9
    endloop
  endfacet
  facet normal 0.037694 -0.713848 0.699286
    outer loop
      vertex 0.776457 -2.89778 15.95
      vertex 0.621165 -2.31822 16.55
      vertex 0 -2.4 16.5
    endloop
  endfacet
  facet normal 0.324281 -0.637057 -0.699285
    outer loop
      vertex 1.2 -2.07846 15.4
      vertex 0.776457 -2.89778 15.95
      vertex 0.621165 -2.31822 15.35
    endloop
  endfacet
  facet normal 0.312012 -0.635431 -0.706311
    outer loop
      vertex 1.2 -2.07846 15.4
      vertex 1.5 -2.59808 16
      vertex 0.776457 -2.89778 15.95
    endloop
  endfacet
  facet normal 0.22869 -0.669944 0.706311
    outer loop
      vertex 0.776457 -2.89778 15.95
      vertex 1.5 -2.59808 16
      vertex 0.621165 -2.31822 16.55
    endloop
  endfacet
  facet normal 0.221164 -0.67977 0.699285
    outer loop
      vertex 1.5 -2.59808 16
      vertex 1.2 -2.07846 16.6
      vertex 0.621165 -2.31822 16.55
    endloop
  endfacet
  facet normal 0.47811 -0.531424 -0.699285
    outer loop
      vertex 1.69706 -1.69706 15.45
      vertex 1.5 -2.59808 16
      vertex 1.2 -2.07846 15.4
    endloop
  endfacet
  facet normal 0.465849 -0.533027 -0.706305
    outer loop
      vertex 1.69706 -1.69706 15.45
      vertex 2.12132 -2.12132 16.05
      vertex 1.5 -2.59808 16
    endloop
  endfacet
  facet normal 0.394296 -0.587925 0.706311
    outer loop
      vertex 1.5 -2.59808 16
      vertex 2.12132 -2.12132 16.05
      vertex 1.2 -2.07846 16.6
    endloop
  endfacet
  facet normal 0.389565 -0.599374 0.699278
    outer loop
      vertex 2.12132 -2.12132 16.05
      vertex 1.69706 -1.69706 16.65
      vertex 1.2 -2.07846 16.6
    endloop
  endfacet
  facet normal 0.599374 -0.389565 -0.699278
    outer loop
      vertex 2.07846 -1.2 15.5
      vertex 2.12132 -2.12132 16.05
      vertex 1.69706 -1.69706 15.45
    endloop
  endfacet
  facet normal 0.587925 -0.394296 -0.706311
    outer loop
      vertex 2.59808 -1.5 16.1
      vertex 2.12132 -2.12132 16.05
      vertex 2.07846 -1.2 15.5
    endloop
  endfacet
  facet normal 0.533027 -0.465849 0.706305
    outer loop
      vertex 2.12132 -2.12132 16.05
      vertex 2.59808 -1.5 16.1
      vertex 1.69706 -1.69706 16.65
    endloop
  endfacet
  facet normal 0.531424 -0.47811 0.699285
    outer loop
      vertex 2.59808 -1.5 16.1
      vertex 2.07846 -1.2 16.7
      vertex 1.69706 -1.69706 16.65
    endloop
  endfacet
  facet normal 0.67977 -0.221164 -0.699285
    outer loop
      vertex 2.31822 -0.621165 15.55
      vertex 2.59808 -1.5 16.1
      vertex 2.07846 -1.2 15.5
    endloop
  endfacet
  facet normal 0.669944 -0.22869 -0.706311
    outer loop
      vertex 2.89778 -0.776457 16.15
      vertex 2.59808 -1.5 16.1
      vertex 2.31822 -0.621165 15.55
    endloop
  endfacet
  facet normal 0.635431 -0.312012 0.706311
    outer loop
      vertex 2.59808 -1.5 16.1
      vertex 2.89778 -0.776457 16.15
      vertex 2.07846 -1.2 16.7
    endloop
  endfacet
  facet normal 0.637057 -0.324281 0.699285
    outer loop
      vertex 2.89778 -0.776457 16.15
      vertex 2.31822 -0.621165 16.75
      vertex 2.07846 -1.2 16.7
    endloop
  endfacet
  facet normal 0.713848 -0.037694 -0.699286
    outer loop
      vertex 2.4 0 15.6
      vertex 2.89778 -0.776457 16.15
      vertex 2.31822 -0.621165 15.55
    endloop
  endfacet
  facet normal 0.706309 -0.0475022 -0.706309
    outer loop
      vertex 3 0 16.2
      vertex 2.89778 -0.776457 16.15
      vertex 2.4 0 15.6
    endloop
  endfacet
  facet normal 0.694534 -0.136918 0.706311
    outer loop
      vertex 2.89778 -0.776457 16.15
      vertex 3 0 16.2
      vertex 2.31822 -0.621165 16.75
    endloop
  endfacet
  facet normal 0.699282 -0.148353 0.699282
    outer loop
      vertex 3 0 16.2
      vertex 2.4 0 16.8
      vertex 2.31822 -0.621165 16.75
    endloop
  endfacet
  facet normal 0.699282 0.148353 -0.699282
    outer loop
      vertex 3 0 16.2
      vertex 2.4 0 15.6
      vertex 2.31822 0.621165 15.65
    endloop
  endfacet
  facet normal 0.694534 0.136918 -0.706311
    outer loop
      vertex 2.89778 0.776457 16.25
      vertex 3 0 16.2
      vertex 2.31822 0.621165 15.65
    endloop
  endfacet
  facet normal 0.706309 0.0475022 0.706309
    outer loop
      vertex 3 0 16.2
      vertex 2.89778 0.776457 16.25
      vertex 2.4 0 16.8
    endloop
  endfacet
  facet normal 0.713848 0.037694 0.699286
    outer loop
      vertex 2.4 0 16.8
      vertex 2.89778 0.776457 16.25
      vertex 2.31822 0.621165 16.85
    endloop
  endfacet
  facet normal 0.637057 0.324281 -0.699285
    outer loop
      vertex 2.89778 0.776457 16.25
      vertex 2.31822 0.621165 15.65
      vertex 2.07846 1.2 15.7
    endloop
  endfacet
  facet normal 0.635431 0.312012 -0.706311
    outer loop
      vertex 2.07846 1.2 15.7
      vertex 2.59808 1.5 16.3
      vertex 2.89778 0.776457 16.25
    endloop
  endfacet
  facet normal 0.669944 0.22869 0.706311
    outer loop
      vertex 2.59808 1.5 16.3
      vertex 2.31822 0.621165 16.85
      vertex 2.89778 0.776457 16.25
    endloop
  endfacet
  facet normal 0.67977 0.221164 0.699285
    outer loop
      vertex 2.59808 1.5 16.3
      vertex 2.07846 1.2 16.9
      vertex 2.31822 0.621165 16.85
    endloop
  endfacet
  facet normal 0 0.894427 -0.447214
    outer loop
      vertex 2.07846 1.2 15.7
      vertex 2.59807 1.5 16.3
      vertex 2.59808 1.5 16.3
    endloop
  endfacet
  facet normal 0.531427 0.478112 -0.699281
    outer loop
      vertex 2.59807 1.5 16.3
      vertex 2.07846 1.2 15.7
      vertex 1.69706 1.69706 15.75
    endloop
  endfacet
  facet normal 0.533032 0.465844 -0.706305
    outer loop
      vertex 2.12132 2.12132 16.35
      vertex 2.59807 1.5 16.3
      vertex 1.69706 1.69706 15.75
    endloop
  endfacet
  facet normal 0.587925 0.394296 0.706311
    outer loop
      vertex 2.59808 1.5 16.3
      vertex 2.12132 2.12132 16.35
      vertex 2.07846 1.2 16.9
    endloop
  endfacet
  facet normal 0.599374 0.389565 0.699278
    outer loop
      vertex 2.07846 1.2 16.9
      vertex 2.12132 2.12132 16.35
      vertex 1.69706 1.69706 16.95
    endloop
  endfacet
  facet normal 0.389565 0.599374 -0.699278
    outer loop
      vertex 2.12132 2.12132 16.35
      vertex 1.69706 1.69706 15.75
      vertex 1.2 2.07846 15.8
    endloop
  endfacet
  facet normal 0.394296 0.587925 -0.706311
    outer loop
      vertex 1.5 2.59808 16.4
      vertex 2.12132 2.12132 16.35
      vertex 1.2 2.07846 15.8
    endloop
  endfacet
  facet normal 0.465849 0.533027 0.706305
    outer loop
      vertex 1.69706 1.69706 16.95
      vertex 2.12132 2.12132 16.35
      vertex 1.5 2.59808 16.4
    endloop
  endfacet
  facet normal 0.47811 0.531424 0.699285
    outer loop
      vertex 1.69706 1.69706 16.95
      vertex 1.5 2.59808 16.4
      vertex 1.2 2.07846 17
    endloop
  endfacet
  facet normal 0.221164 0.67977 -0.699285
    outer loop
      vertex 1.5 2.59808 16.4
      vertex 1.2 2.07846 15.8
      vertex 0.621165 2.31822 15.85
    endloop
  endfacet
  facet normal 0.22869 0.669944 -0.706311
    outer loop
      vertex 0.776457 2.89778 16.45
      vertex 1.5 2.59808 16.4
      vertex 0.621165 2.31822 15.85
    endloop
  endfacet
  facet normal 0.312012 0.635431 0.706311
    outer loop
      vertex 1.2 2.07846 17
      vertex 1.5 2.59808 16.4
      vertex 0.776457 2.89778 16.45
    endloop
  endfacet
  facet normal 0.324281 0.637057 0.699285
    outer loop
      vertex 1.2 2.07846 17
      vertex 0.776457 2.89778 16.45
      vertex 0.621165 2.31822 17.05
    endloop
  endfacet
  facet normal 0.037694 0.713848 -0.699286
    outer loop
      vertex 0.776457 2.89778 16.45
      vertex 0.621165 2.31822 15.85
      vertex 0 2.4 15.9
    endloop
  endfacet
  facet normal 0.0475022 0.706309 -0.706309
    outer loop
      vertex 0 3 16.5
      vertex 0.776457 2.89778 16.45
      vertex 0 2.4 15.9
    endloop
  endfacet
  facet normal 0.136918 0.694534 0.706311
    outer loop
      vertex 0.621165 2.31822 17.05
      vertex 0.776457 2.89778 16.45
      vertex 0 3 16.5
    endloop
  endfacet
  facet normal 0.148353 0.699282 0.699282
    outer loop
      vertex 0.621165 2.31822 17.05
      vertex 0 3 16.5
      vertex 0 2.4 17.1
    endloop
  endfacet
  facet normal -0.148353 0.699282 -0.699282
    outer loop
      vertex 0 3 16.5
      vertex 0 2.4 15.9
      vertex -0.621165 2.31822 15.95
    endloop
  endfacet
  facet normal -0.136918 0.694534 -0.706311
    outer loop
      vertex 0 3 16.5
      vertex -0.621165 2.31822 15.95
      vertex -0.776457 2.89778 16.55
    endloop
  endfacet
  facet normal -0.0475022 0.706309 0.706309
    outer loop
      vertex 0 2.4 17.1
      vertex 0 3 16.5
      vertex -0.776457 2.89778 16.55
    endloop
  endfacet
  facet normal -0.037694 0.713848 0.699286
    outer loop
      vertex -0.621165 2.31822 17.15
      vertex 0 2.4 17.1
      vertex -0.776457 2.89778 16.55
    endloop
  endfacet
  facet normal -0.324281 0.637057 -0.699285
    outer loop
      vertex -0.776457 2.89778 16.55
      vertex -0.621165 2.31822 15.95
      vertex -1.2 2.07846 16
    endloop
  endfacet
  facet normal -0.312012 0.635431 -0.706311
    outer loop
      vertex -1.2 2.07846 16
      vertex -1.5 2.59808 16.6
      vertex -0.776457 2.89778 16.55
    endloop
  endfacet
  facet normal -0.22869 0.669944 0.706311
    outer loop
      vertex -1.5 2.59808 16.6
      vertex -0.621165 2.31822 17.15
      vertex -0.776457 2.89778 16.55
    endloop
  endfacet
  facet normal -0.221164 0.67977 0.699285
    outer loop
      vertex -1.5 2.59808 16.6
      vertex -1.2 2.07846 17.2
      vertex -0.621165 2.31822 17.15
    endloop
  endfacet
  facet normal -0.894427 0 -0.447214
    outer loop
      vertex -1.2 2.07846 16
      vertex -1.5 2.59807 16.6
      vertex -1.5 2.59808 16.6
    endloop
  endfacet
  facet normal -0.478112 0.531427 -0.699281
    outer loop
      vertex -1.5 2.59807 16.6
      vertex -1.2 2.07846 16
      vertex -1.69706 1.69706 16.05
    endloop
  endfacet
  facet normal -0.465844 0.533032 -0.706305
    outer loop
      vertex -1.5 2.59807 16.6
      vertex -1.69706 1.69706 16.05
      vertex -2.12132 2.12132 16.65
    endloop
  endfacet
  facet normal -0.394296 0.587925 0.706311
    outer loop
      vertex -1.2 2.07846 17.2
      vertex -1.5 2.59808 16.6
      vertex -2.12132 2.12132 16.65
    endloop
  endfacet
  facet normal -0.389565 0.599374 0.699278
    outer loop
      vertex -1.69706 1.69706 17.25
      vertex -1.2 2.07846 17.2
      vertex -2.12132 2.12132 16.65
    endloop
  endfacet
  facet normal 0.0567343 0.0567343 0.996776
    outer loop
      vertex -1.69705 1.69705 17.25
      vertex -1.2 2.07846 17.2
      vertex -1.69706 1.69706 17.25
    endloop
  endfacet
  facet normal -0.599374 0.389565 -0.699278
    outer loop
      vertex -1.69706 1.69706 16.05
      vertex -2.07846 1.2 16.1
      vertex -2.12132 2.12132 16.65
    endloop
  endfacet
  facet normal -0.587925 0.394296 -0.706311
    outer loop
      vertex -2.12132 2.12132 16.65
      vertex -2.07846 1.2 16.1
      vertex -2.59808 1.5 16.7
    endloop
  endfacet
  facet normal -0.533032 0.465844 0.706305
    outer loop
      vertex -1.69706 1.69706 17.25
      vertex -2.12132 2.12132 16.65
      vertex -2.59807 1.5 16.7
    endloop
  endfacet
  facet normal -0.531427 0.478112 0.699281
    outer loop
      vertex -2.59807 1.5 16.7
      vertex -2.07846 1.2 17.3
      vertex -1.69706 1.69706 17.25
    endloop
  endfacet
  facet normal 0 0.894427 0.447214
    outer loop
      vertex -2.07846 1.2 17.3
      vertex -2.59807 1.5 16.7
      vertex -2.59808 1.5 16.7
    endloop
  endfacet
  facet normal 0.0567343 0.0567343 0.996776
    outer loop
      vertex -1.69705 1.69705 17.25
      vertex -1.69706 1.69706 17.25
      vertex -2.07846 1.2 17.3
    endloop
  endfacet
  facet normal -0.67977 0.221164 -0.699285
    outer loop
      vertex -2.59808 1.5 16.7
      vertex -2.07846 1.2 16.1
      vertex -2.31822 0.621165 16.15
    endloop
  endfacet
  facet normal -0.669944 0.22869 -0.706311
    outer loop
      vertex -2.59808 1.5 16.7
      vertex -2.31822 0.621165 16.15
      vertex -2.89778 0.776457 16.75
    endloop
  endfacet
  facet normal -0.635431 0.312012 0.706311
    outer loop
      vertex -2.07846 1.2 17.3
      vertex -2.59808 1.5 16.7
      vertex -2.89778 0.776457 16.75
    endloop
  endfacet
  facet normal -0.637057 0.324281 0.699285
    outer loop
      vertex -2.31822 0.621165 17.35
      vertex -2.07846 1.2 17.3
      vertex -2.89778 0.776457 16.75
    endloop
  endfacet
  facet normal -0.713848 0.037694 -0.699286
    outer loop
      vertex -2.31822 0.621165 16.15
      vertex -2.4 0 16.2
      vertex -2.89778 0.776457 16.75
    endloop
  endfacet
  facet normal -0.706309 0.0475022 -0.706309
    outer loop
      vertex -2.89778 0.776457 16.75
      vertex -2.4 0 16.2
      vertex -3 0 16.8
    endloop
  endfacet
  facet normal -0.694534 0.136918 0.706311
    outer loop
      vertex -2.31822 0.621165 17.35
      vertex -2.89778 0.776457 16.75
      vertex -3 0 16.8
    endloop
  endfacet
  facet normal -0.699282 0.148353 0.699282
    outer loop
      vertex -2.4 0 17.4
      vertex -2.31822 0.621165 17.35
      vertex -3 0 16.8
    endloop
  endfacet
  facet normal -0.699282 -0.148353 -0.699282
    outer loop
      vertex -2.4 0 16.2
      vertex -2.31822 -0.621165 16.25
      vertex -3 0 16.8
    endloop
  endfacet
  facet normal -0.694534 -0.136918 -0.706311
    outer loop
      vertex -2.31822 -0.621165 16.25
      vertex -2.89778 -0.776457 16.85
      vertex -3 0 16.8
    endloop
  endfacet
  facet normal -0.706309 -0.0475022 0.706309
    outer loop
      vertex -2.89778 -0.776457 16.85
      vertex -2.4 0 17.4
      vertex -3 0 16.8
    endloop
  endfacet
  facet normal -0.713848 -0.037694 0.699286
    outer loop
      vertex -2.31822 -0.621165 17.45
      vertex -2.4 0 17.4
      vertex -2.89778 -0.776457 16.85
    endloop
  endfacet
  facet normal -0.637057 -0.324281 -0.699285
    outer loop
      vertex -2.31822 -0.621165 16.25
      vertex -2.07846 -1.2 16.3
      vertex -2.89778 -0.776457 16.85
    endloop
  endfacet
  facet normal -0.635431 -0.312012 -0.706311
    outer loop
      vertex -2.07846 -1.2 16.3
      vertex -2.59808 -1.5 16.9
      vertex -2.89778 -0.776457 16.85
    endloop
  endfacet
  facet normal -0.669944 -0.22869 0.706311
    outer loop
      vertex -2.59808 -1.5 16.9
      vertex -2.31822 -0.621165 17.45
      vertex -2.89778 -0.776457 16.85
    endloop
  endfacet
  facet normal -0.67977 -0.221164 0.699285
    outer loop
      vertex -2.59808 -1.5 16.9
      vertex -2.07846 -1.2 17.5
      vertex -2.31822 -0.621165 17.45
    endloop
  endfacet
  facet normal -0.531427 -0.478112 -0.699281
    outer loop
      vertex -2.59807 -1.5 16.9
      vertex -2.07846 -1.2 16.3
      vertex -1.69706 -1.69706 16.35
    endloop
  endfacet
  facet normal 0 -0.894427 -0.447214
    outer loop
      vertex -2.07846 -1.2 16.3
      vertex -2.59807 -1.5 16.9
      vertex -2.59808 -1.5 16.9
    endloop
  endfacet
  facet normal -0.533032 -0.465844 -0.706305
    outer loop
      vertex -1.69706 -1.69706 16.35
      vertex -2.12132 -2.12132 16.95
      vertex -2.59807 -1.5 16.9
    endloop
  endfacet
  facet normal -0.587925 -0.394296 0.706311
    outer loop
      vertex -2.12132 -2.12132 16.95
      vertex -2.07846 -1.2 17.5
      vertex -2.59808 -1.5 16.9
    endloop
  endfacet
  facet normal -0.599374 -0.389565 0.699278
    outer loop
      vertex -1.69706 -1.69706 17.55
      vertex -2.07846 -1.2 17.5
      vertex -2.12132 -2.12132 16.95
    endloop
  endfacet
  facet normal -0.389565 -0.599374 -0.699278
    outer loop
      vertex -1.69706 -1.69706 16.35
      vertex -1.2 -2.07846 16.4
      vertex -2.12132 -2.12132 16.95
    endloop
  endfacet
  facet normal -0.394296 -0.587925 -0.706311
    outer loop
      vertex -1.2 -2.07846 16.4
      vertex -1.5 -2.59808 17
      vertex -2.12132 -2.12132 16.95
    endloop
  endfacet
  facet normal -0.465849 -0.533027 0.706305
    outer loop
      vertex -1.5 -2.59808 17
      vertex -1.69706 -1.69706 17.55
      vertex -2.12132 -2.12132 16.95
    endloop
  endfacet
  facet normal -0.47811 -0.531424 0.699285
    outer loop
      vertex -1.5 -2.59808 17
      vertex -1.2 -2.07846 17.6
      vertex -1.69706 -1.69706 17.55
    endloop
  endfacet
  facet normal -0.221164 -0.67977 -0.699285
    outer loop
      vertex -1.2 -2.07846 16.4
      vertex -0.621165 -2.31822 16.45
      vertex -1.5 -2.59808 17
    endloop
  endfacet
  facet normal -0.22869 -0.669944 -0.706311
    outer loop
      vertex -0.621165 -2.31822 16.45
      vertex -0.776457 -2.89778 17.05
      vertex -1.5 -2.59808 17
    endloop
  endfacet
  facet normal -0.312012 -0.635431 0.706311
    outer loop
      vertex -0.776457 -2.89778 17.05
      vertex -1.2 -2.07846 17.6
      vertex -1.5 -2.59808 17
    endloop
  endfacet
  facet normal -0.324281 -0.637057 0.699285
    outer loop
      vertex -0.776457 -2.89778 17.05
      vertex -0.621165 -2.31822 17.65
      vertex -1.2 -2.07846 17.6
    endloop
  endfacet
  facet normal -0.037694 -0.713848 -0.699286
    outer loop
      vertex -0.621165 -2.31822 16.45
      vertex 0 -2.4 16.5
      vertex -0.776457 -2.89778 17.05
    endloop
  endfacet
  facet normal -0.0475022 -0.706309 -0.706309
    outer loop
      vertex 0 -2.4 16.5
      vertex 0 -3 17.1
      vertex -0.776457 -2.89778 17.05
    endloop
  endfacet
  facet normal -0.136918 -0.694534 0.706311
    outer loop
      vertex 0 -3 17.1
      vertex -0.621165 -2.31822 17.65
      vertex -0.776457 -2.89778 17.05
    endloop
  endfacet
  facet normal -0.148353 -0.699282 0.699282
    outer loop
      vertex 0 -3 17.1
      vertex 0 -2.4 17.7
      vertex -0.621165 -2.31822 17.65
    endloop
  endfacet
  facet normal 0.148353 -0.699282 -0.699282
    outer loop
      vertex 0 -2.4 16.5
      vertex 0.621165 -2.31822 16.55
      vertex 0 -3 17.1
    endloop
  endfacet
  facet normal 0.136918 -0.694534 -0.706311
    outer loop
      vertex 0.621165 -2.31822 16.55
      vertex 0.776457 -2.89778 17.15
      vertex 0 -3 17.1
    endloop
  endfacet
  facet normal 0.0475022 -0.706309 0.706309
    outer loop
      vertex 0.776457 -2.89778 17.15
      vertex 0 -2.4 17.7
      vertex 0 -3 17.1
    endloop
  endfacet
  facet normal 0.037694 -0.713848 0.699286
    outer loop
      vertex 0.776457 -2.89778 17.15
      vertex 0.621165 -2.31822 17.75
      vertex 0 -2.4 17.7
    endloop
  endfacet
  facet normal 0.324281 -0.637057 -0.699285
    outer loop
      vertex 1.2 -2.07846 16.6
      vertex 0.776457 -2.89778 17.15
      vertex 0.621165 -2.31822 16.55
    endloop
  endfacet
  facet normal 0.312012 -0.635431 -0.706311
    outer loop
      vertex 1.2 -2.07846 16.6
      vertex 1.5 -2.59808 17.2
      vertex 0.776457 -2.89778 17.15
    endloop
  endfacet
  facet normal 0.22869 -0.669944 0.706311
    outer loop
      vertex 0.776457 -2.89778 17.15
      vertex 1.5 -2.59808 17.2
      vertex 0.621165 -2.31822 17.75
    endloop
  endfacet
  facet normal 0.221164 -0.67977 0.699285
    outer loop
      vertex 1.5 -2.59808 17.2
      vertex 1.2 -2.07846 17.8
      vertex 0.621165 -2.31822 17.75
    endloop
  endfacet
  facet normal 0.47811 -0.531424 -0.699285
    outer loop
      vertex 1.69706 -1.69706 16.65
      vertex 1.5 -2.59808 17.2
      vertex 1.2 -2.07846 16.6
    endloop
  endfacet
  facet normal 0.465849 -0.533027 -0.706305
    outer loop
      vertex 1.69706 -1.69706 16.65
      vertex 2.12132 -2.12132 17.25
      vertex 1.5 -2.59808 17.2
    endloop
  endfacet
  facet normal 0.394296 -0.587925 0.706311
    outer loop
      vertex 1.5 -2.59808 17.2
      vertex 2.12132 -2.12132 17.25
      vertex 1.2 -2.07846 17.8
    endloop
  endfacet
  facet normal 0.389565 -0.599374 0.699278
    outer loop
      vertex 2.12132 -2.12132 17.25
      vertex 1.69706 -1.69706 17.85
      vertex 1.2 -2.07846 17.8
    endloop
  endfacet
  facet normal 0.599374 -0.389565 -0.699278
    outer loop
      vertex 2.07846 -1.2 16.7
      vertex 2.12132 -2.12132 17.25
      vertex 1.69706 -1.69706 16.65
    endloop
  endfacet
  facet normal 0.587925 -0.394296 -0.706311
    outer loop
      vertex 2.59808 -1.5 17.3
      vertex 2.12132 -2.12132 17.25
      vertex 2.07846 -1.2 16.7
    endloop
  endfacet
  facet normal 0.533027 -0.465849 0.706305
    outer loop
      vertex 2.12132 -2.12132 17.25
      vertex 2.59808 -1.5 17.3
      vertex 1.69706 -1.69706 17.85
    endloop
  endfacet
  facet normal 0.531424 -0.47811 0.699285
    outer loop
      vertex 2.59808 -1.5 17.3
      vertex 2.07846 -1.2 17.9
      vertex 1.69706 -1.69706 17.85
    endloop
  endfacet
  facet normal 0.67977 -0.221164 -0.699285
    outer loop
      vertex 2.31822 -0.621165 16.75
      vertex 2.59808 -1.5 17.3
      vertex 2.07846 -1.2 16.7
    endloop
  endfacet
  facet normal 0.669944 -0.22869 -0.706311
    outer loop
      vertex 2.89778 -0.776457 17.35
      vertex 2.59808 -1.5 17.3
      vertex 2.31822 -0.621165 16.75
    endloop
  endfacet
  facet normal 0.635431 -0.312012 0.706311
    outer loop
      vertex 2.59808 -1.5 17.3
      vertex 2.89778 -0.776457 17.35
      vertex 2.07846 -1.2 17.9
    endloop
  endfacet
  facet normal 0.637057 -0.324281 0.699285
    outer loop
      vertex 2.89778 -0.776457 17.35
      vertex 2.31822 -0.621165 17.95
      vertex 2.07846 -1.2 17.9
    endloop
  endfacet
  facet normal 0.713848 -0.037694 -0.699286
    outer loop
      vertex 2.4 0 16.8
      vertex 2.89778 -0.776457 17.35
      vertex 2.31822 -0.621165 16.75
    endloop
  endfacet
  facet normal 0.706309 -0.0475022 -0.706309
    outer loop
      vertex 3 0 17.4
      vertex 2.89778 -0.776457 17.35
      vertex 2.4 0 16.8
    endloop
  endfacet
  facet normal 0.694534 -0.136918 0.706311
    outer loop
      vertex 2.89778 -0.776457 17.35
      vertex 3 0 17.4
      vertex 2.31822 -0.621165 17.95
    endloop
  endfacet
  facet normal 0.699282 -0.148353 0.699282
    outer loop
      vertex 3 0 17.4
      vertex 2.4 0 18
      vertex 2.31822 -0.621165 17.95
    endloop
  endfacet
  facet normal 0.699282 0.148353 -0.699282
    outer loop
      vertex 3 0 17.4
      vertex 2.4 0 16.8
      vertex 2.31822 0.621165 16.85
    endloop
  endfacet
  facet normal 0.694534 0.136918 -0.706311
    outer loop
      vertex 2.89778 0.776457 17.45
      vertex 3 0 17.4
      vertex 2.31822 0.621165 16.85
    endloop
  endfacet
  facet normal 0.706309 0.0475022 0.706309
    outer loop
      vertex 3 0 17.4
      vertex 2.89778 0.776457 17.45
      vertex 2.4 0 18
    endloop
  endfacet
  facet normal 0.713848 0.037694 0.699286
    outer loop
      vertex 2.4 0 18
      vertex 2.89778 0.776457 17.45
      vertex 2.31822 0.621165 18.05
    endloop
  endfacet
  facet normal 0.637057 0.324281 -0.699285
    outer loop
      vertex 2.89778 0.776457 17.45
      vertex 2.31822 0.621165 16.85
      vertex 2.07846 1.2 16.9
    endloop
  endfacet
  facet normal 0.635431 0.312012 -0.706311
    outer loop
      vertex 2.07846 1.2 16.9
      vertex 2.59808 1.5 17.5
      vertex 2.89778 0.776457 17.45
    endloop
  endfacet
  facet normal 0.669944 0.22869 0.706311
    outer loop
      vertex 2.59808 1.5 17.5
      vertex 2.31822 0.621165 18.05
      vertex 2.89778 0.776457 17.45
    endloop
  endfacet
  facet normal 0.67977 0.221164 0.699285
    outer loop
      vertex 2.59808 1.5 17.5
      vertex 2.07846 1.2 18.1
      vertex 2.31822 0.621165 18.05
    endloop
  endfacet
  facet normal 0 0.894427 -0.447214
    outer loop
      vertex 2.07846 1.2 16.9
      vertex 2.59807 1.5 17.5
      vertex 2.59808 1.5 17.5
    endloop
  endfacet
  facet normal 0.531427 0.478112 -0.699281
    outer loop
      vertex 2.59807 1.5 17.5
      vertex 2.07846 1.2 16.9
      vertex 1.69706 1.69706 16.95
    endloop
  endfacet
  facet normal 0.533032 0.465844 -0.706305
    outer loop
      vertex 2.12132 2.12132 17.55
      vertex 2.59807 1.5 17.5
      vertex 1.69706 1.69706 16.95
    endloop
  endfacet
  facet normal 0.587925 0.394296 0.706311
    outer loop
      vertex 2.59808 1.5 17.5
      vertex 2.12132 2.12132 17.55
      vertex 2.07846 1.2 18.1
    endloop
  endfacet
  facet normal 0.599374 0.389565 0.699278
    outer loop
      vertex 2.07846 1.2 18.1
      vertex 2.12132 2.12132 17.55
      vertex 1.69706 1.69706 18.15
    endloop
  endfacet
  facet normal 0.389565 0.599374 -0.699278
    outer loop
      vertex 2.12132 2.12132 17.55
      vertex 1.69706 1.69706 16.95
      vertex 1.2 2.07846 17
    endloop
  endfacet
  facet normal 0.394296 0.587925 -0.706311
    outer loop
      vertex 1.5 2.59808 17.6
      vertex 2.12132 2.12132 17.55
      vertex 1.2 2.07846 17
    endloop
  endfacet
  facet normal 0.465849 0.533027 0.706305
    outer loop
      vertex 1.69706 1.69706 18.15
      vertex 2.12132 2.12132 17.55
      vertex 1.5 2.59808 17.6
    endloop
  endfacet
  facet normal 0.47811 0.531424 0.699285
    outer loop
      vertex 1.69706 1.69706 18.15
      vertex 1.5 2.59808 17.6
      vertex 1.2 2.07846 18.2
    endloop
  endfacet
  facet normal 0.221164 0.67977 -0.699285
    outer loop
      vertex 1.5 2.59808 17.6
      vertex 1.2 2.07846 17
      vertex 0.621165 2.31822 17.05
    endloop
  endfacet
  facet normal 0.22869 0.669944 -0.706311
    outer loop
      vertex 0.776457 2.89778 17.65
      vertex 1.5 2.59808 17.6
      vertex 0.621165 2.31822 17.05
    endloop
  endfacet
  facet normal 0.312012 0.635431 0.706311
    outer loop
      vertex 1.2 2.07846 18.2
      vertex 1.5 2.59808 17.6
      vertex 0.776457 2.89778 17.65
    endloop
  endfacet
  facet normal 0.324281 0.637057 0.699285
    outer loop
      vertex 1.2 2.07846 18.2
      vertex 0.776457 2.89778 17.65
      vertex 0.621165 2.31822 18.25
    endloop
  endfacet
  facet normal 0.037694 0.713848 -0.699286
    outer loop
      vertex 0.776457 2.89778 17.65
      vertex 0.621165 2.31822 17.05
      vertex 0 2.4 17.1
    endloop
  endfacet
  facet normal 0.0475022 0.706309 -0.706309
    outer loop
      vertex 0 3 17.7
      vertex 0.776457 2.89778 17.65
      vertex 0 2.4 17.1
    endloop
  endfacet
  facet normal 0.136918 0.694534 0.706311
    outer loop
      vertex 0.621165 2.31822 18.25
      vertex 0.776457 2.89778 17.65
      vertex 0 3 17.7
    endloop
  endfacet
  facet normal 0.148353 0.699282 0.699282
    outer loop
      vertex 0.621165 2.31822 18.25
      vertex 0 3 17.7
      vertex 0 2.4 18.3
    endloop
  endfacet
  facet normal -0.148353 0.699282 -0.699282
    outer loop
      vertex 0 3 17.7
      vertex 0 2.4 17.1
      vertex -0.621165 2.31822 17.15
    endloop
  endfacet
  facet normal -0.136918 0.694534 -0.706311
    outer loop
      vertex 0 3 17.7
      vertex -0.621165 2.31822 17.15
      vertex -0.776457 2.89778 17.75
    endloop
  endfacet
  facet normal -0.0475022 0.706309 0.706309
    outer loop
      vertex 0 2.4 18.3
      vertex 0 3 17.7
      vertex -0.776457 2.89778 17.75
    endloop
  endfacet
  facet normal -0.037694 0.713848 0.699286
    outer loop
      vertex -0.621165 2.31822 18.35
      vertex 0 2.4 18.3
      vertex -0.776457 2.89778 17.75
    endloop
  endfacet
  facet normal -0.324281 0.637057 -0.699285
    outer loop
      vertex -0.776457 2.89778 17.75
      vertex -0.621165 2.31822 17.15
      vertex -1.2 2.07846 17.2
    endloop
  endfacet
  facet normal -0.312012 0.635431 -0.706311
    outer loop
      vertex -1.2 2.07846 17.2
      vertex -1.5 2.59808 17.8
      vertex -0.776457 2.89778 17.75
    endloop
  endfacet
  facet normal -0.22869 0.669944 0.706311
    outer loop
      vertex -1.5 2.59808 17.8
      vertex -0.621165 2.31822 18.35
      vertex -0.776457 2.89778 17.75
    endloop
  endfacet
  facet normal -0.221164 0.67977 0.699285
    outer loop
      vertex -1.5 2.59808 17.8
      vertex -1.2 2.07846 18.4
      vertex -0.621165 2.31822 18.35
    endloop
  endfacet
  facet normal -0.0567343 -0.0567343 -0.996776
    outer loop
      vertex -1.2 2.07846 17.2
      vertex -1.69705 1.69705 17.25
      vertex -1.69706 1.69706 17.25
    endloop
  endfacet
  facet normal -0.894427 0 -0.447214
    outer loop
      vertex -1.2 2.07846 17.2
      vertex -1.5 2.59807 17.8
      vertex -1.5 2.59808 17.8
    endloop
  endfacet
  facet normal -0.478112 0.531427 -0.699281
    outer loop
      vertex -1.5 2.59807 17.8
      vertex -1.2 2.07846 17.2
      vertex -1.69706 1.69706 17.25
    endloop
  endfacet
  facet normal -0.465844 0.533032 -0.706305
    outer loop
      vertex -1.5 2.59807 17.8
      vertex -1.69706 1.69706 17.25
      vertex -2.12132 2.12132 17.85
    endloop
  endfacet
  facet normal -0.394296 0.587925 0.706311
    outer loop
      vertex -1.2 2.07846 18.4
      vertex -1.5 2.59808 17.8
      vertex -2.12132 2.12132 17.85
    endloop
  endfacet
  facet normal -0.389565 0.599374 0.699278
    outer loop
      vertex -1.69706 1.69706 18.45
      vertex -1.2 2.07846 18.4
      vertex -2.12132 2.12132 17.85
    endloop
  endfacet
  facet normal -0.0567343 -0.0567343 -0.996776
    outer loop
      vertex -1.69706 1.69706 17.25
      vertex -1.69705 1.69705 17.25
      vertex -2.07846 1.2 17.3
    endloop
  endfacet
  facet normal -0.599374 0.389565 -0.699278
    outer loop
      vertex -1.69706 1.69706 17.25
      vertex -2.07846 1.2 17.3
      vertex -2.12132 2.12132 17.85
    endloop
  endfacet
  facet normal -0.587925 0.394296 -0.706311
    outer loop
      vertex -2.12132 2.12132 17.85
      vertex -2.07846 1.2 17.3
      vertex -2.59808 1.5 17.9
    endloop
  endfacet
  facet normal -0.533032 0.465844 0.706305
    outer loop
      vertex -1.69706 1.69706 18.45
      vertex -2.12132 2.12132 17.85
      vertex -2.59807 1.5 17.9
    endloop
  endfacet
  facet normal -0.531427 0.478112 0.699281
    outer loop
      vertex -2.59807 1.5 17.9
      vertex -2.07846 1.2 18.5
      vertex -1.69706 1.69706 18.45
    endloop
  endfacet
  facet normal 0 0.894427 0.447214
    outer loop
      vertex -2.07846 1.2 18.5
      vertex -2.59807 1.5 17.9
      vertex -2.59808 1.5 17.9
    endloop
  endfacet
  facet normal -0.67977 0.221164 -0.699285
    outer loop
      vertex -2.59808 1.5 17.9
      vertex -2.07846 1.2 17.3
      vertex -2.31822 0.621165 17.35
    endloop
  endfacet
  facet normal -0.669944 0.22869 -0.706311
    outer loop
      vertex -2.59808 1.5 17.9
      vertex -2.31822 0.621165 17.35
      vertex -2.89778 0.776457 17.95
    endloop
  endfacet
  facet normal -0.635431 0.312012 0.706311
    outer loop
      vertex -2.07846 1.2 18.5
      vertex -2.59808 1.5 17.9
      vertex -2.89778 0.776457 17.95
    endloop
  endfacet
  facet normal -0.637057 0.324281 0.699285
    outer loop
      vertex -2.31822 0.621165 18.55
      vertex -2.07846 1.2 18.5
      vertex -2.89778 0.776457 17.95
    endloop
  endfacet
  facet normal -0.713848 0.037694 -0.699286
    outer loop
      vertex -2.31822 0.621165 17.35
      vertex -2.4 0 17.4
      vertex -2.89778 0.776457 17.95
    endloop
  endfacet
  facet normal -0.706309 0.0475022 -0.706309
    outer loop
      vertex -2.89778 0.776457 17.95
      vertex -2.4 0 17.4
      vertex -3 0 18
    endloop
  endfacet
  facet normal -0.694534 0.136918 0.706311
    outer loop
      vertex -2.31822 0.621165 18.55
      vertex -2.89778 0.776457 17.95
      vertex -3 0 18
    endloop
  endfacet
  facet normal -0.699282 0.148353 0.699282
    outer loop
      vertex -2.4 0 18.6
      vertex -2.31822 0.621165 18.55
      vertex -3 0 18
    endloop
  endfacet
  facet normal -0.699282 -0.148353 -0.699282
    outer loop
      vertex -2.4 0 17.4
      vertex -2.31822 -0.621165 17.45
      vertex -3 0 18
    endloop
  endfacet
  facet normal -0.694534 -0.136918 -0.706311
    outer loop
      vertex -2.31822 -0.621165 17.45
      vertex -2.89778 -0.776457 18.05
      vertex -3 0 18
    endloop
  endfacet
  facet normal -0.706309 -0.0475022 0.706309
    outer loop
      vertex -2.89778 -0.776457 18.05
      vertex -2.4 0 18.6
      vertex -3 0 18
    endloop
  endfacet
  facet normal -0.713848 -0.037694 0.699286
    outer loop
      vertex -2.31822 -0.621165 18.65
      vertex -2.4 0 18.6
      vertex -2.89778 -0.776457 18.05
    endloop
  endfacet
  facet normal -0.637057 -0.324281 -0.699285
    outer loop
      vertex -2.31822 -0.621165 17.45
      vertex -2.07846 -1.2 17.5
      vertex -2.89778 -0.776457 18.05
    endloop
  endfacet
  facet normal -0.635431 -0.312012 -0.706311
    outer loop
      vertex -2.07846 -1.2 17.5
      vertex -2.59808 -1.5 18.1
      vertex -2.89778 -0.776457 18.05
    endloop
  endfacet
  facet normal -0.669944 -0.22869 0.706311
    outer loop
      vertex -2.59808 -1.5 18.1
      vertex -2.31822 -0.621165 18.65
      vertex -2.89778 -0.776457 18.05
    endloop
  endfacet
  facet normal -0.67977 -0.221164 0.699285
    outer loop
      vertex -2.59808 -1.5 18.1
      vertex -2.07846 -1.2 18.7
      vertex -2.31822 -0.621165 18.65
    endloop
  endfacet
  facet normal -0.531427 -0.478112 -0.699281
    outer loop
      vertex -2.59807 -1.5 18.1
      vertex -2.07846 -1.2 17.5
      vertex -1.69706 -1.69706 17.55
    endloop
  endfacet
  facet normal 0 -0.894427 -0.447214
    outer loop
      vertex -2.07846 -1.2 17.5
      vertex -2.59807 -1.5 18.1
      vertex -2.59808 -1.5 18.1
    endloop
  endfacet
  facet normal -0.533032 -0.465844 -0.706305
    outer loop
      vertex -1.69706 -1.69706 17.55
      vertex -2.12132 -2.12132 18.15
      vertex -2.59807 -1.5 18.1
    endloop
  endfacet
  facet normal -0.587925 -0.394296 0.706311
    outer loop
      vertex -2.12132 -2.12132 18.15
      vertex -2.07846 -1.2 18.7
      vertex -2.59808 -1.5 18.1
    endloop
  endfacet
  facet normal -0.599374 -0.389565 0.699278
    outer loop
      vertex -1.69706 -1.69706 18.75
      vertex -2.07846 -1.2 18.7
      vertex -2.12132 -2.12132 18.15
    endloop
  endfacet
  facet normal -0.389565 -0.599374 -0.699278
    outer loop
      vertex -1.69706 -1.69706 17.55
      vertex -1.2 -2.07846 17.6
      vertex -2.12132 -2.12132 18.15
    endloop
  endfacet
  facet normal -0.394296 -0.587925 -0.706311
    outer loop
      vertex -1.2 -2.07846 17.6
      vertex -1.5 -2.59808 18.2
      vertex -2.12132 -2.12132 18.15
    endloop
  endfacet
  facet normal -0.465849 -0.533027 0.706305
    outer loop
      vertex -1.5 -2.59808 18.2
      vertex -1.69706 -1.69706 18.75
      vertex -2.12132 -2.12132 18.15
    endloop
  endfacet
  facet normal -0.47811 -0.531424 0.699285
    outer loop
      vertex -1.5 -2.59808 18.2
      vertex -1.2 -2.07846 18.8
      vertex -1.69706 -1.69706 18.75
    endloop
  endfacet
  facet normal -0.221164 -0.67977 -0.699285
    outer loop
      vertex -1.2 -2.07846 17.6
      vertex -0.621165 -2.31822 17.65
      vertex -1.5 -2.59808 18.2
    endloop
  endfacet
  facet normal -0.22869 -0.669944 -0.706311
    outer loop
      vertex -0.621165 -2.31822 17.65
      vertex -0.776457 -2.89778 18.25
      vertex -1.5 -2.59808 18.2
    endloop
  endfacet
  facet normal -0.312012 -0.635431 0.706311
    outer loop
      vertex -0.776457 -2.89778 18.25
      vertex -1.2 -2.07846 18.8
      vertex -1.5 -2.59808 18.2
    endloop
  endfacet
  facet normal -0.324281 -0.637057 0.699285
    outer loop
      vertex -0.776457 -2.89778 18.25
      vertex -0.621165 -2.31822 18.85
      vertex -1.2 -2.07846 18.8
    endloop
  endfacet
  facet normal -0.037694 -0.713848 -0.699286
    outer loop
      vertex -0.621165 -2.31822 17.65
      vertex 0 -2.4 17.7
      vertex -0.776457 -2.89778 18.25
    endloop
  endfacet
  facet normal -0.0475022 -0.706309 -0.706309
    outer loop
      vertex 0 -2.4 17.7
      vertex 0 -3 18.3
      vertex -0.776457 -2.89778 18.25
    endloop
  endfacet
  facet normal -0.136918 -0.694534 0.706311
    outer loop
      vertex 0 -3 18.3
      vertex -0.621165 -2.31822 18.85
      vertex -0.776457 -2.89778 18.25
    endloop
  endfacet
  facet normal -0.148353 -0.699282 0.699282
    outer loop
      vertex 0 -3 18.3
      vertex 0 -2.4 18.9
      vertex -0.621165 -2.31822 18.85
    endloop
  endfacet
  facet normal 0.148353 -0.699282 -0.699282
    outer loop
      vertex 0 -2.4 17.7
      vertex 0.621165 -2.31822 17.75
      vertex 0 -3 18.3
    endloop
  endfacet
  facet normal 0.136918 -0.694534 -0.706311
    outer loop
      vertex 0.621165 -2.31822 17.75
      vertex 0.776457 -2.89778 18.35
      vertex 0 -3 18.3
    endloop
  endfacet
  facet normal 0.0475022 -0.706309 0.706309
    outer loop
      vertex 0.776457 -2.89778 18.35
      vertex 0 -2.4 18.9
      vertex 0 -3 18.3
    endloop
  endfacet
  facet normal 0.037694 -0.713848 0.699286
    outer loop
      vertex 0.776457 -2.89778 18.35
      vertex 0.621165 -2.31822 18.95
      vertex 0 -2.4 18.9
    endloop
  endfacet
  facet normal 0.324281 -0.637057 -0.699285
    outer loop
      vertex 1.2 -2.07846 17.8
      vertex 0.776457 -2.89778 18.35
      vertex 0.621165 -2.31822 17.75
    endloop
  endfacet
  facet normal 0.312012 -0.635431 -0.706311
    outer loop
      vertex 1.2 -2.07846 17.8
      vertex 1.5 -2.59808 18.4
      vertex 0.776457 -2.89778 18.35
    endloop
  endfacet
  facet normal 0.22869 -0.669944 0.706311
    outer loop
      vertex 0.776457 -2.89778 18.35
      vertex 1.5 -2.59808 18.4
      vertex 0.621165 -2.31822 18.95
    endloop
  endfacet
  facet normal 0.221149 -0.679789 0.699271
    outer loop
      vertex 1.4975 -2.59375 18.405
      vertex 0.621165 -2.31822 18.95
      vertex 1.5 -2.59808 18.4
    endloop
  endfacet
  facet normal 0.221164 -0.67977 0.699285
    outer loop
      vertex 0.621165 -2.31822 18.95
      vertex 1.4975 -2.59375 18.405
      vertex 1.2 -2.07846 19
    endloop
  endfacet
  facet normal 0.47811 -0.531424 -0.699285
    outer loop
      vertex 1.69706 -1.69706 17.85
      vertex 1.5 -2.59808 18.4
      vertex 1.2 -2.07846 17.8
    endloop
  endfacet
  facet normal 0.465852 -0.533027 -0.706303
    outer loop
      vertex 1.62073 -2.49919 18.405
      vertex 1.69706 -1.69706 17.85
      vertex 2.10364 -2.10364 18.425
    endloop
  endfacet
  facet normal 0.465815 -0.533036 -0.706321
    outer loop
      vertex 1.56213 -2.5504 18.405
      vertex 1.69706 -1.69706 17.85
      vertex 1.62073 -2.49919 18.405
    endloop
  endfacet
  facet normal 0.465892 -0.533022 -0.706281
    outer loop
      vertex 1.69706 -1.69706 17.85
      vertex 1.56213 -2.5504 18.405
      vertex 1.5 -2.59808 18.4
    endloop
  endfacet
  facet normal 0.394336 -0.587911 0.706299
    outer loop
      vertex 1.5 -2.59808 18.4
      vertex 1.56213 -2.5504 18.405
      vertex 1.4975 -2.59375 18.405
    endloop
  endfacet
  facet normal 0.599503 -0.389408 -0.699255
    outer loop
      vertex 1.69706 -1.69706 17.85
      vertex 2.11946 -2.08126 18.4261
      vertex 2.10364 -2.10364 18.425
    endloop
  endfacet
  facet normal 0.599379 -0.38957 -0.699271
    outer loop
      vertex 2.11946 -2.08126 18.4261
      vertex 1.69706 -1.69706 17.85
      vertex 2.07846 -1.2 17.9
    endloop
  endfacet
  facet normal 0.587939 -0.394297 -0.706298
    outer loop
      vertex 2.07846 -1.2 17.9
      vertex 2.52541 -1.51589 18.4484
      vertex 2.11946 -2.08126 18.4261
    endloop
  endfacet
  facet normal 0.587838 -0.394445 -0.7063
    outer loop
      vertex 2.52541 -1.51589 18.4484
      vertex 2.07846 -1.2 17.9
      vertex 2.55477 -1.475 18.45
    endloop
  endfacet
  facet normal 0.679888 -0.220909 -0.69925
    outer loop
      vertex 2.07846 -1.2 17.9
      vertex 2.57374 -1.42358 18.4522
      vertex 2.55477 -1.475 18.45
    endloop
  endfacet
  facet normal 0.679787 -0.221173 -0.699266
    outer loop
      vertex 2.57374 -1.42358 18.4522
      vertex 2.07846 -1.2 17.9
      vertex 2.31822 -0.621165 17.95
    endloop
  endfacet
  facet normal 0.669911 -0.22881 -0.706304
    outer loop
      vertex 2.79867 -0.827692 18.4726
      vertex 2.31822 -0.621165 17.95
      vertex 2.82533 -0.757045 18.475
    endloop
  endfacet
  facet normal 0.669951 -0.228707 -0.706299
    outer loop
      vertex 2.31822 -0.621165 17.95
      vertex 2.79867 -0.827692 18.4726
      vertex 2.57374 -1.42358 18.4522
    endloop
  endfacet
  facet normal 0.713875 -0.0376998 -0.699258
    outer loop
      vertex 2.83285 -0.67518 18.4783
      vertex 2.31822 -0.621165 17.95
      vertex 2.4 0 18
    endloop
  endfacet
  facet normal 0.713899 -0.0373908 -0.69925
    outer loop
      vertex 2.31822 -0.621165 17.95
      vertex 2.83285 -0.67518 18.4783
      vertex 2.82533 -0.757045 18.475
    endloop
  endfacet
  facet normal 0.706303 -0.0476565 -0.706303
    outer loop
      vertex 2.89004 -0.100188 18.4968
      vertex 2.4 0 18
      vertex 2.9 0 18.5
    endloop
  endfacet
  facet normal 0.706321 -0.0475277 -0.706295
    outer loop
      vertex 2.4 0 18
      vertex 2.89004 -0.100188 18.4968
      vertex 2.83285 -0.67518 18.4783
    endloop
  endfacet
  facet normal 0.699315 0.148047 -0.699315
    outer loop
      vertex 2.4 0 18
      vertex 2.88143 0.108029 18.5043
      vertex 2.9 0 18.5
    endloop
  endfacet
  facet normal 0.699248 0.148351 -0.699317
    outer loop
      vertex 2.88143 0.108029 18.5043
      vertex 2.4 0 18
      vertex 2.31822 0.621165 18.05
    endloop
  endfacet
  facet normal 0.694522 0.136968 -0.706314
    outer loop
      vertex 2.77704 0.744104 18.525
      vertex 2.88143 0.108029 18.5043
      vertex 2.31822 0.621165 18.05
    endloop
  endfacet
  facet normal 0.637106 0.324153 -0.699301
    outer loop
      vertex 2.31822 0.621165 18.05
      vertex 2.71966 0.868531 18.5304
      vertex 2.77704 0.744104 18.525
    endloop
  endfacet
  facet normal 0.637037 0.324274 -0.699306
    outer loop
      vertex 2.71966 0.868531 18.5304
      vertex 2.31822 0.621165 18.05
      vertex 2.07846 1.2 18.1
    endloop
  endfacet
  facet normal 0.635417 0.312047 -0.706309
    outer loop
      vertex 2.07846 1.2 18.1
      vertex 2.46817 1.425 18.55
      vertex 2.71966 0.868531 18.5304
    endloop
  endfacet
  facet normal 0.531492 0.47802 -0.699294
    outer loop
      vertex 2.07846 1.2 18.1
      vertex 2.36303 1.55141 18.5565
      vertex 2.46817 1.425 18.55
    endloop
  endfacet
  facet normal 0.531409 0.4781 -0.699303
    outer loop
      vertex 2.36303 1.55141 18.5565
      vertex 2.07846 1.2 18.1
      vertex 1.69706 1.69706 18.15
    endloop
  endfacet
  facet normal 0.53317 0.465691 -0.706301
    outer loop
      vertex 2.10922 1.86127 18.5694
      vertex 1.69706 1.69706 18.15
      vertex 1.99758 1.99758 18.575
    endloop
  endfacet
  facet normal 0.532994 0.465983 -0.706242
    outer loop
      vertex 1.69706 1.69706 18.15
      vertex 2.10922 1.86127 18.5694
      vertex 2.36303 1.55141 18.5565
    endloop
  endfacet
  facet normal 0.389591 0.599349 -0.699285
    outer loop
      vertex 1.69706 1.69706 18.15
      vertex 1.84092 2.10828 18.5826
      vertex 1.99758 1.99758 18.575
    endloop
  endfacet
  facet normal 0.389557 0.599365 -0.69929
    outer loop
      vertex 1.84092 2.10828 18.5826
      vertex 1.69706 1.69706 18.15
      vertex 1.2 2.07846 18.2
    endloop
  endfacet
  facet normal 0.394318 0.587845 -0.706366
    outer loop
      vertex 1.2 2.07846 18.2
      vertex 1.56357 2.30742 18.5935
      vertex 1.84092 2.10828 18.5826
    endloop
  endfacet
  facet normal 0.394153 0.588017 -0.706314
    outer loop
      vertex 1.56357 2.30742 18.5935
      vertex 1.2 2.07846 18.2
      vertex 1.4 2.42487 18.6
    endloop
  endfacet
  facet normal 0.221171 0.67977 -0.699283
    outer loop
      vertex 1.2 2.07846 18.2
      vertex 1.19432 2.50074 18.6087
      vertex 1.4 2.42487 18.6
    endloop
  endfacet
  facet normal 0.221164 0.679771 -0.699284
    outer loop
      vertex 1.19432 2.50074 18.6087
      vertex 1.2 2.07846 18.2
      vertex 0.621165 2.31822 18.25
    endloop
  endfacet
  facet normal 0.228756 0.669859 -0.706371
    outer loop
      vertex 0.621165 2.31822 18.25
      vertex 0.930162 2.60044 18.6177
      vertex 1.19432 2.50074 18.6087
    endloop
  endfacet
  facet normal 0.228569 0.669986 -0.706311
    outer loop
      vertex 0.930162 2.60044 18.6177
      vertex 0.621165 2.31822 18.25
      vertex 0.718222 2.68044 18.625
    endloop
  endfacet
  facet normal 0.0376418 0.713861 -0.699275
    outer loop
      vertex 0.621165 2.31822 18.25
      vertex 0.472626 2.70299 18.6348
      vertex 0.718222 2.68044 18.625
    endloop
  endfacet
  facet normal 0.0376988 0.71387 -0.699262
    outer loop
      vertex 0.472626 2.70299 18.6348
      vertex 0.621165 2.31822 18.25
      vertex 0 2.4 18.3
    endloop
  endfacet
  facet normal 0.0474033 0.706312 -0.706312
    outer loop
      vertex 0.25047 2.72509 18.6419
      vertex 0 2.4 18.3
      vertex 0 2.75 18.65
    endloop
  endfacet
  facet normal 0.0476761 0.7062 -0.706405
    outer loop
      vertex 0 2.4 18.3
      vertex 0.25047 2.72509 18.6419
      vertex 0.472626 2.70299 18.6348
    endloop
  endfacet
  facet normal -0.148439 0.699273 -0.699273
    outer loop
      vertex 0 2.4 18.3
      vertex -0.270072 2.70357 18.6609
      vertex 0 2.75 18.65
    endloop
  endfacet
  facet normal -0.148354 0.699317 -0.699247
    outer loop
      vertex -0.270072 2.70357 18.6609
      vertex 0 2.4 18.3
      vertex -0.621165 2.31822 18.35
    endloop
  endfacet
  facet normal -0.136861 0.694546 -0.706311
    outer loop
      vertex -0.270072 2.70357 18.6609
      vertex -0.621165 2.31822 18.35
      vertex -0.705282 2.63215 18.675
    endloop
  endfacet
  facet normal -0.32438 0.637017 -0.699276
    outer loop
      vertex -0.621165 2.31822 18.35
      vertex -0.979021 2.50593 18.687
      vertex -0.705282 2.63215 18.675
    endloop
  endfacet
  facet normal -0.324296 0.637105 -0.699235
    outer loop
      vertex -0.979021 2.50593 18.687
      vertex -0.621165 2.31822 18.35
      vertex -1.2 2.07846 18.4
    endloop
  endfacet
  facet normal -0.311944 0.635468 -0.706308
    outer loop
      vertex -1.2 2.07846 18.4
      vertex -1.35 2.33827 18.7
      vertex -0.979021 2.50593 18.687
    endloop
  endfacet
  facet normal -0.478043 0.531472 -0.699294
    outer loop
      vertex -1.2 2.07846 18.4
      vertex -1.60281 2.12798 18.713
      vertex -1.35 2.33827 18.7
    endloop
  endfacet
  facet normal -0.478084 0.531384 -0.699333
    outer loop
      vertex -1.60281 2.12798 18.713
      vertex -1.2 2.07846 18.4
      vertex -1.69706 1.69706 18.45
    endloop
  endfacet
  facet normal -0.466341 0.532921 -0.70606
    outer loop
      vertex -1.69706 1.69706 18.45
      vertex -1.63837 2.09885 18.7145
      vertex -1.60281 2.12798 18.713
    endloop
  endfacet
  facet normal -0.465872 0.533012 -0.706302
    outer loop
      vertex -1.63837 2.09885 18.7145
      vertex -1.69706 1.69706 18.45
      vertex -1.89151 1.89151 18.725
    endloop
  endfacet
  facet normal -0.599341 0.389536 -0.699323
    outer loop
      vertex -2.0971 1.60057 18.7391
      vertex -1.69706 1.69706 18.45
      vertex -2.07846 1.2 18.5
    endloop
  endfacet
  facet normal -0.599333 0.389623 -0.699281
    outer loop
      vertex -1.69706 1.69706 18.45
      vertex -2.0971 1.60057 18.7391
      vertex -1.89151 1.89151 18.725
    endloop
  endfacet
  facet normal -0.587958 0.394239 -0.706315
    outer loop
      vertex -2.0971 1.60057 18.7391
      vertex -2.07846 1.2 18.5
      vertex -2.29497 1.325 18.75
    endloop
  endfacet
  facet normal -0.679747 0.221152 -0.699311
    outer loop
      vertex -2.42773 0.965058 18.7652
      vertex -2.07846 1.2 18.5
      vertex -2.31822 0.621165 18.55
    endloop
  endfacet
  facet normal -0.679793 0.221105 -0.699281
    outer loop
      vertex -2.07846 1.2 18.5
      vertex -2.40294 1.03226 18.7624
      vertex -2.29497 1.325 18.75
    endloop
  endfacet
  facet normal -0.679876 0.221673 -0.69902
    outer loop
      vertex -2.07846 1.2 18.5
      vertex -2.42773 0.965058 18.7652
      vertex -2.40294 1.03226 18.7624
    endloop
  endfacet
  facet normal -0.669966 0.228644 -0.706306
    outer loop
      vertex -2.42773 0.965058 18.7652
      vertex -2.31822 0.621165 18.55
      vertex -2.53555 0.6794 18.775
    endloop
  endfacet
  facet normal -0.71384 0.0377961 -0.699288
    outer loop
      vertex -2.31822 0.621165 18.55
      vertex -2.56123 0.39976 18.7861
      vertex -2.53555 0.6794 18.775
    endloop
  endfacet
  facet normal -0.713712 0.0374996 -0.699435
    outer loop
      vertex -2.31822 0.621165 18.55
      vertex -2.57314 0.270072 18.7913
      vertex -2.56123 0.39976 18.7861
    endloop
  endfacet
  facet normal -0.713842 0.0376928 -0.699291
    outer loop
      vertex -2.57314 0.270072 18.7913
      vertex -2.31822 0.621165 18.55
      vertex -2.4 0 18.6
    endloop
  endfacet
  facet normal -0.706309 0.0474931 -0.706309
    outer loop
      vertex -2.57314 0.270072 18.7913
      vertex -2.4 0 18.6
      vertex -2.6 0 18.8
    endloop
  endfacet
  facet normal -0.699281 -0.148364 -0.699281
    outer loop
      vertex -2.4 0 18.6
      vertex -2.52572 -0.432115 18.8174
      vertex -2.6 0 18.8
    endloop
  endfacet
  facet normal -0.699295 -0.148353 -0.699269
    outer loop
      vertex -2.52572 -0.432115 18.8174
      vertex -2.4 0 18.6
      vertex -2.31822 -0.621165 18.65
    endloop
  endfacet
  facet normal -0.694537 -0.136892 -0.706314
    outer loop
      vertex -2.31822 -0.621165 18.65
      vertex -2.48726 -0.666459 18.825
      vertex -2.52572 -0.432115 18.8174
    endloop
  endfacet
  facet normal -0.637095 -0.324293 -0.699245
    outer loop
      vertex -2.2922 -1.08951 18.8435
      vertex -2.31822 -0.621165 18.65
      vertex -2.07846 -1.2 18.7
    endloop
  endfacet
  facet normal -0.637043 -0.324307 -0.699286
    outer loop
      vertex -2.31822 -0.621165 18.65
      vertex -2.2922 -1.08951 18.8435
      vertex -2.48726 -0.666459 18.825
    endloop
  endfacet
  facet normal -0.635463 -0.311975 -0.706299
    outer loop
      vertex -2.07846 -1.2 18.7
      vertex -2.20836 -1.275 18.85
      vertex -2.2922 -1.08951 18.8435
    endloop
  endfacet
  facet normal -0.53151 -0.478165 -0.699182
    outer loop
      vertex -1.89293 -1.65422 18.8696
      vertex -2.07846 -1.2 18.7
      vertex -1.69706 -1.69706 18.75
    endloop
  endfacet
  facet normal -0.531237 -0.478138 -0.699408
    outer loop
      vertex -2.08864 -1.41893 18.8574
      vertex -2.07846 -1.2 18.7
      vertex -1.89293 -1.65422 18.8696
    endloop
  endfacet
  facet normal -0.531486 -0.478039 -0.699286
    outer loop
      vertex -2.07846 -1.2 18.7
      vertex -2.08864 -1.41893 18.8574
      vertex -2.20836 -1.275 18.85
    endloop
  endfacet
  facet normal -0.53313 -0.465783 -0.706271
    outer loop
      vertex -1.69706 -1.69706 18.75
      vertex -1.78544 -1.78544 18.875
      vertex -1.89293 -1.65422 18.8696
    endloop
  endfacet
  facet normal -0.389507 -0.599414 -0.699276
    outer loop
      vertex -1.69706 -1.69706 18.75
      vertex -1.36023 -2.08591 18.8957
      vertex -1.65803 -1.87548 18.8812
    endloop
  endfacet
  facet normal -0.389679 -0.5995 -0.699107
    outer loop
      vertex -1.36023 -2.08591 18.8957
      vertex -1.69706 -1.69706 18.75
      vertex -1.2 -2.07846 18.8
    endloop
  endfacet
  facet normal -0.389571 -0.599407 -0.699247
    outer loop
      vertex -1.69706 -1.69706 18.75
      vertex -1.65803 -1.87548 18.8812
      vertex -1.78544 -1.78544 18.875
    endloop
  endfacet
  facet normal -0.394515 -0.5878 -0.706292
    outer loop
      vertex -1.2 -2.07846 18.8
      vertex -1.25 -2.16506 18.9
      vertex -1.36023 -2.08591 18.8957
    endloop
  endfacet
  facet normal -0.221406 -0.679968 -0.699016
    outer loop
      vertex -1.2 -2.07846 18.8
      vertex -0.735796 -2.35472 18.9217
      vertex -1.1329 -2.20825 18.905
    endloop
  endfacet
  facet normal -0.221091 -0.679628 -0.699446
    outer loop
      vertex -0.735796 -2.35472 18.9217
      vertex -1.2 -2.07846 18.8
      vertex -0.621165 -2.31822 18.85
    endloop
  endfacet
  facet normal -0.220909 -0.679895 -0.699244
    outer loop
      vertex -1.2 -2.07846 18.8
      vertex -1.1329 -2.20825 18.905
      vertex -1.25 -2.16506 18.9
    endloop
  endfacet
  facet normal -0.228474 -0.669986 -0.706342
    outer loop
      vertex -0.621165 -2.31822 18.85
      vertex -0.640577 -2.39067 18.925
      vertex -0.735796 -2.35472 18.9217
    endloop
  endfacet
  facet normal -0.0377165 -0.71382 -0.699312
    outer loop
      vertex -0.621165 -2.31822 18.85
      vertex -0.547363 -2.39922 18.9287
      vertex -0.640577 -2.39067 18.925
    endloop
  endfacet
  facet normal -0.0377076 -0.713817 -0.699317
    outer loop
      vertex -0.547363 -2.39922 18.9287
      vertex -0.621165 -2.31822 18.85
      vertex -0.0675182 -2.44328 18.9478
    endloop
  endfacet
  facet normal -0.0376649 -0.713712 -0.699425
    outer loop
      vertex -0.0675182 -2.44328 18.9478
      vertex -0.621165 -2.31822 18.85
      vertex 0 -2.4 18.9
    endloop
  endfacet
  facet normal -0.0472843 -0.706316 -0.706316
    outer loop
      vertex 0 -2.4 18.9
      vertex 0 -2.45 18.95
      vertex -0.0675182 -2.44328 18.9478
    endloop
  endfacet
  facet normal 0.148341 -0.699284 -0.699284
    outer loop
      vertex 0 -2.4 18.9
      vertex 0.594158 -2.34786 18.9739
      vertex 0 -2.45 18.95
    endloop
  endfacet
  facet normal 0.148346 -0.699143 -0.699423
    outer loop
      vertex 0.594158 -2.34786 18.9739
      vertex 0 -2.4 18.9
      vertex 0.621165 -2.31822 18.95
    endloop
  endfacet
  facet normal 0.137093 -0.694469 -0.706342
    outer loop
      vertex 0.621165 -2.31822 18.95
      vertex 0.627636 -2.34237 18.975
      vertex 0.594158 -2.34786 18.9739
    endloop
  endfacet
  facet normal 0.324273 -0.637034 -0.69931
    outer loop
      vertex 1.2 -2.07846 19
      vertex 0.627636 -2.34237 18.975
      vertex 0.621165 -2.31822 18.95
    endloop
  endfacet
endsolid OpenSCAD_Model
